label	source_sha	test_class	tests	failures	errors	skipped	disposition	schema	raw_inputs	manifest_sha256	archive_sha256	maven_log_sha256
assignment-red-01	f8aeabf6727557a24ceed9fd2ab425925d893462	RoleAssignmentContractTest	1	1	0	0	EXECUTED_RED	iam_ui_e377932541664d27a37b29843582e224	181	9cabc2bb905204cfb3a77a2e5dfcd68fb052e55a4f6a6b566495ba25b46bb462	39c019286f0304360cb558c5fe5de75d94b7276224476d2e19b93096876d9eb0	97477082963e5941991627ee960d47f401b4c619d97e9e69eceabded5bfb026d
assignment-green-01	d386c63d50c98fa0afacb6993d7e5fec947f564a	RoleAssignmentContractTest	1	0	0	0	PASS	iam_ui_642b45f626fe4e3689a94cd24b205091	183	316da1780cbe0808eb4fe27867eabddd6545cdfbce3234eb318a5f411d31664a	734ad3c2d58167ae3dcf10eb4e73176f3bc3623e5d623486b9b13d4e2969c0df	a272d7d3495db83f0908f144e97d93f3fc0977e0870608e13bf3a57028993cd8
assignment-red-02	5625058a38bcc02fec01a43a2d6bbbdd3a2bd1b2	RoleAssignmentContractTest	2	1	0	0	EXECUTED_RED	iam_ui_42084cf94bc14b0fa59f1169bb7515f9	183	46439d9a13abeca1b52f4dfcf766cc6fcf97a5fbf61ca72550cf58f4ab3a036b	e8955c5332c72056288cfae37e6c2e67a0fce8254357a91b48177d768d7f4471	9700ccfd10dd367127704ed27effa0d4bdfb958bf0f463195e95a7f14c5a80be
assignment-green-02	5dce98c820a6cb0204fc5eb70d29a576d60139a6	RoleAssignmentContractTest	2	1	0	0	FAIL_RETAINED	iam_ui_c5f8fe5fbcca42deb877db9df16cea4c	186	9b08c5e1b70cc2f31ca6eb1d71bbd3deae4d63ce5cf9b0897f40df5b86e41010	79c581374d95321557d259f56e8100b4bf5fc493f55d8f216b0c3d63b00849da	1f621792fc3e0880ef4a9d7646d016ac08f76030f238a8bfc9f3f06d9ea439df
assignment-red-03	c951452de2732a138b7668415b50571cc743e1a5	RoleAssignmentContractTest	8	2	0	0	EXECUTED_RED	iam_ui_023431f19b7b4916b23c0e01a042d8f6	186	2126504a66fc45ce6b9336c9049486cb4e6123be0d51f7c98c84c77710920c6f	f57cc15885c3d11b766f7a3e4134996003350b71a995b222ca88554103f45094	356680ed1633085612c56168f2eef26186eff38107fd6be324d92231f7f2da90
assignment-green-03	a06a1037161a2a281ba85f071811f73b8d953be2	RoleAssignmentContractTest	8	1	0	0	FAIL_RETAINED	iam_ui_59d2cbf04f5e4e6ca3a79a2bc8997855	186	41905c467db2509d19190ce6e82f6ffc16637089e418917b8030298a0c79fb26	9798de5bfcbe79a8335db17aba51456c6a3b6b8a07dc8f29bb4e6b4ca64229ab	3fb8e12cadfacab0a65619f38c1d696a5e7ddba3e77ce67ea23d79adb9f1f641
assignment-green-04	680ae3a59bae2075ce0ccbda7645202560fa7afa	RoleAssignmentContractTest	8	0	0	0	PASS	iam_ui_152d42cf5e254664a79cc7f656e8b216	190	fe18988b15dd9e54178eb143d143709da69f61b575d49f21c3c01ee9ebd5df5b	5f5fbca2beb45431404c0bb328551aa7a83824e855e0dffd5bde0c2a68bcce4c	831286aa89d4a20f6b8b97da7c4385edadb3be1bf86f3292802cc63eadca4b4b
assignment-qualification-01	540e0bdb8597638e7ea29828d937f153432485b5	RoleAssignmentRecoveryTest	3	1	0	0	FAIL_RETAINED	iam_ui_430ade3eca354dcabb9759464b09177b	190	08bcd54a2a2890f9f4e7555f21c165282074223fe5f732da7edb12441bfedb29	a7466637a459376e5e5ca297435739a6d3ed82f3d2788514ae1894722ffe792d	612fa1ffc93d7ca50504c496e1c133562b301d0b51c9d49520af2154538a1f69
assignment-qualification-02	2c1bea47edfd28930354a4f7adf9e0e1a39ca5f7	RoleAssignmentRecoveryTest	3	0	0	0	PASS	iam_ui_eae7fac9d30742828056eff3b72e222c	192	dda5e3fa788a58f4d67431d2d061517557088c93194ef3e8ec1d3effa1a3bbf3	afd3ca68b2c6b861593e1b3e9aa6aff5e0d9b3ea062db9ca34bf2a218187f9b3	0125c87e48d5bf0b771ea13fed0d4a34b10ef0996ff78e9911e5caa5fff83300
assignment-qualification-03	2c1bea47edfd28930354a4f7adf9e0e1a39ca5f7	RoleAssignmentAtomicityTest	4	0	0	0	PASS	iam_ui_7f57db508e744b65978cee5e08c4c1c5	192	dda5e3fa788a58f4d67431d2d061517557088c93194ef3e8ec1d3effa1a3bbf3	afd3ca68b2c6b861593e1b3e9aa6aff5e0d9b3ea062db9ca34bf2a218187f9b3	8f67203e30c379551a9bfe041f6699eb542dee06ae7d3932d8bc37c4d5724e87
assignment-red-06	39d08022c3f8e61528bd7c4cbbf525097570623f	RoleAssignmentContractTest	10	2	0	0	EXECUTED_RED	iam_ui_10927337e5e741d1bb2e531359ef6a57	192	c883fc2c63133acbf0989a7fb00b24fc09b62f7c13e8b0ccbb1810bd88fbcd82	b7254c18c9aedf396fdd8e11e80ff4743c1346a5a54271adf83ff6056364786e	64dd402f70545a63a679cb24910a103efe745424b2ccd0e1eccf63f5a0e0b6e8
assignment-green-06	456aabd2db90eb2b7f86d629c7a075805c43060b	RoleAssignmentContractTest	10	0	0	0	PASS	iam_ui_ef70f639fa2142e4ae58ccd2fbde0ee4	192	a8dd2d954bd4a1bca45113b6962f8733938f9cd2a10cd30d2cd40da730a401cd	f826d09ba287beccba8ff0fdddadd3e5ec3aba06d6d3d31237db51a362b22b94	e756fd19307457e0aa451070ff575c60336a8463ff3c107e41a0571867cba454
assignment-qualification-07	b38849831618d7229b6dcf66d6bc95ab5dc65861	RoleAssignmentContractTest	10	0	0	0	PASS	iam_ui_28759fc5e4d44582860cad4239805f60	194	0f066cd113a521858cc5c1f7cb2d643954a6a1fe45fe732b3fe3858a417ebe3b	ef7fea8d4e07f11985260a70f017961eb5101a31fec6eb330923716356bb1f78	d05fd8d415ec69fe1400502a35999af561edc77f1c4b11706a5245a2c0d53573
assignment-qualification-08	b38849831618d7229b6dcf66d6bc95ab5dc65861	RoleAssignmentAtomicityTest	4	0	0	0	PASS	iam_ui_fa4d0f5947054721a1b8bb21423831cd	194	0f066cd113a521858cc5c1f7cb2d643954a6a1fe45fe732b3fe3858a417ebe3b	ef7fea8d4e07f11985260a70f017961eb5101a31fec6eb330923716356bb1f78	93aca1e602f6184af1665639e66239d46d247b5f0b6ded3b1b7defb5f08213f5
assignment-qualification-09	b38849831618d7229b6dcf66d6bc95ab5dc65861	RoleAssignmentRecoveryTest	3	0	0	0	PASS	iam_ui_416dcfaaff6443e0802d1aa3a882d0de	194	0f066cd113a521858cc5c1f7cb2d643954a6a1fe45fe732b3fe3858a417ebe3b	ef7fea8d4e07f11985260a70f017961eb5101a31fec6eb330923716356bb1f78	b55541d095c9caa6bde1f111ca7f8329d594a952cdadc7cc9e04902c51df00c3
assignment-qualification-10	b38849831618d7229b6dcf66d6bc95ab5dc65861	IdentityAccountUiContractTest	6	0	0	0	RUNNER_COUNT_STOP	iam_ui_042edc58c1cf4a92b72a4db1528c00e2	194	0f066cd113a521858cc5c1f7cb2d643954a6a1fe45fe732b3fe3858a417ebe3b	ef7fea8d4e07f11985260a70f017961eb5101a31fec6eb330923716356bb1f78	a801acc943cad8dbab494dc191ff69e773980131b1f4f6fa0beb2d3666850b72
assignment-qualification-16	0c92f7597ff1dc924a3a40a431d05c4fa3277157	IdentityAccountUiContractTest	6	0	0	0	PASS	iam_ui_4ec99a9f68774c8fb15d860a7b13eb44	194	acd483f1797d9cbc4e988cf791de7da2060c1959a7ca30e9792f8bead9a429e4	cb08e9a3349f9d3e53066749cf3c52d39feb9ab6342838cbda35de5e6b609a8c	86ee4bacc1d33ddbd2990e40490a5e7a3dc171bd67c5afe13bdaf9a285adad24
assignment-qualification-17	0c92f7597ff1dc924a3a40a431d05c4fa3277157	CredentialProofReissueTest	5	0	0	0	PASS	iam_ui_aa1d51e4e9784ebaa933e61f8a02a8ef	194	acd483f1797d9cbc4e988cf791de7da2060c1959a7ca30e9792f8bead9a429e4	cb08e9a3349f9d3e53066749cf3c52d39feb9ab6342838cbda35de5e6b609a8c	8776259bac8a8f4f66431bb7e9ea49de1fcd5ebd42c5dc2a666e8d137a0758b0
assignment-qualification-18	0c92f7597ff1dc924a3a40a431d05c4fa3277157	ProjectGovernanceHttpContractTest	6	0	0	0	PASS	iam_ui_5e9ac193641e482e87924e0051d79a48	194	acd483f1797d9cbc4e988cf791de7da2060c1959a7ca30e9792f8bead9a429e4	cb08e9a3349f9d3e53066749cf3c52d39feb9ab6342838cbda35de5e6b609a8c	b2b95e3e77192a76e1bc53111a047151e012b908cc57c4ff47473a1266f0cfe5
assignment-qualification-19	0c92f7597ff1dc924a3a40a431d05c4fa3277157	ProjectGovernanceAtomicityTest	3	1	0	0	FAIL_RETAINED	iam_ui_bd03dcc16d174bb989fb5ea279dbbbd5	194	acd483f1797d9cbc4e988cf791de7da2060c1959a7ca30e9792f8bead9a429e4	cb08e9a3349f9d3e53066749cf3c52d39feb9ab6342838cbda35de5e6b609a8c	3b63d076104f6fdd001d42faf0b55872ec81997ecd8a6794f5f0232db62f076c
assignment-qualification-23	7ff2e3085a5f5624423083f9059ea0473eca626e	ProjectGovernanceAtomicityTest	3	0	0	0	PASS	iam_ui_bebac93b98024bef81baf19bb2bb9e71	194	7315f897b11789dc9f73da311bbdb3a49272d0328fb935b6bb95ed2975cc42ff	85e656af5f0e5744f816bafb9bafc00237886f3ca5d88b0d141cb05b895dcf3b	38fd7d385a06304fbd642a307fc446034aa1617ed59857271e654a4d04cabcb9
assignment-qualification-24	7ff2e3085a5f5624423083f9059ea0473eca626e	AuthorizationDecisionTest	22	0	0	0	PASS	iam_ui_738adaa8cdfa44808ec7597f76fdcbbf	194	7315f897b11789dc9f73da311bbdb3a49272d0328fb935b6bb95ed2975cc42ff	85e656af5f0e5744f816bafb9bafc00237886f3ca5d88b0d141cb05b895dcf3b	e1ae36fc33fb1c89e57a874960e347791755c35768fe88051cb789368b467795
