label	source_sha	test_class	tests	failures	errors	skipped	disposition	schema	manifest_sha256	archive_sha256	maven_log_sha256
inspection-red-01	a422ebf86cfe7b18be7726f96743de45507e86cb	AccessInspectionContractTest	1	1	0	0	RED	iam_ui_24bd8cf822f144e5ba468e123ca65f20	bc9334e95065e2fab43c293ec370f0389c2b5a3e6c2a7fbac46e3571bbb378fc	99339b991f0f11907a3b693963c1c073d108c14bee48c88ea51074a45958a9dc	67ba59b858facc4cb592c73f63e465a9dff54b41aeb550ca9da6022f84e949e0
final-qualification-01	89c20f066ac068a843c88fcea00db15f896499a7	AuthorizationDecisionTest	22	0	0	0	PASS	iam_ui_2bbc9ef30897424ab29de3c5096bd6a5	6e177b81720a28ea4aae53263361c688eb4a3540519575bef899bf2973252fd7	fd847c7d754e71701f31f33b5d201ca15549a454574c5aa5881e8e390b548183	bbfbaf24d37225c19081fd10c29e66ab2558c4d7045aa53d842665484fab9ebd
final-qualification-05	a451459a2d20cda8f0dcbbc1564bc32570559ace	HttpSessionFlowTest	83	1	0	0	FAIL_RETAINED_FIXTURE_EXPECTATION	SELF_MANAGED_MARKED_SCHEMAS	a0809ffbcfa8960999769e03ea71de95e32b725a7b9def74068bcb82cdb75abe	0fbfc0de00b9162855ad611bed87eff3cf266ce65668e257cd243168e8f38f23	90cb663cdb6399d3f8b8db84d18bf54a8b43c920510e46c9b20e4edc429df2dd
final-qualification-06	a451459a2d20cda8f0dcbbc1564bc32570559ace	IdentityFlowTest	20	0	0	0	PASS	SELF_MANAGED_MARKED_SCHEMAS	a0809ffbcfa8960999769e03ea71de95e32b725a7b9def74068bcb82cdb75abe	0fbfc0de00b9162855ad611bed87eff3cf266ce65668e257cd243168e8f38f23	8bbab3cb14218c7068c094f9408c393cf41dfdc20c7d7c8e0616da6ca8ea6714
final-qualification-07	a451459a2d20cda8f0dcbbc1564bc32570559ace	IamSchemaPrivilegeTest	16	0	0	0	PASS	iam_ui_aaf90ebd96444ee8b786208ccebe767e	a0809ffbcfa8960999769e03ea71de95e32b725a7b9def74068bcb82cdb75abe	0fbfc0de00b9162855ad611bed87eff3cf266ce65668e257cd243168e8f38f23	d6c9e04dcdf8e3a86f7c405ae28e683bdd0ce5a075cbc6b3159b97ec6f9630a7
final-qualification-08	a451459a2d20cda8f0dcbbc1564bc32570559ace	AccessInspectionContractTest	5	0	0	0	PASS	iam_ui_cbadcbb644b94ff2bfd3b66b83205106	a0809ffbcfa8960999769e03ea71de95e32b725a7b9def74068bcb82cdb75abe	0fbfc0de00b9162855ad611bed87eff3cf266ce65668e257cd243168e8f38f23	53e14a7f980c2737987788aa8b69697720f7bfe0841ab71bdf9f58ed2b7599f6
final-qualification-09	a451459a2d20cda8f0dcbbc1564bc32570559ace	AccessInspectionPrivacyTest	3	0	0	0	PASS	iam_ui_aab4482185e643ef996b3a82b3e9bbf3	a0809ffbcfa8960999769e03ea71de95e32b725a7b9def74068bcb82cdb75abe	0fbfc0de00b9162855ad611bed87eff3cf266ce65668e257cd243168e8f38f23	ce3252ee6bc5f270afa82d3f0175f78016c2f472404b691682d3d6ad155f1159
final-qualification-10	a451459a2d20cda8f0dcbbc1564bc32570559ace	AccessInspectionAtomicityTest	2	0	0	0	PASS	iam_ui_8aa4812529744d62afe11ff153e65720	a0809ffbcfa8960999769e03ea71de95e32b725a7b9def74068bcb82cdb75abe	0fbfc0de00b9162855ad611bed87eff3cf266ce65668e257cd243168e8f38f23	8466a54618308b8e657f8a61ac655fffd736c91c1675d00607658434624ec211
final-qualification-11-health	5d60b2765c42017be2b2b04391405730f7e63c89	ServerSmokeTest	2	0	0	0	PASS_NEGATIVE_HEALTH_NO_PRODUCT_DB	NONE	abbad31801f917fca16a7846ab872860842e4c69704bdfd4c5af602d27abe8d9	48e4265a1c2569300526d9f0b790d6e12e6da1d3c0ac9736551994e9940cc6f8	a53badfe95d93e043c14ef9da5fad4cbb614bd313d863259e1938b78562690d0
final-qualification-12	5d60b2765c42017be2b2b04391405730f7e63c89	HttpSessionFlowTest	83	0	0	0	PASS	SELF_MANAGED_MARKED_SCHEMAS	abbad31801f917fca16a7846ab872860842e4c69704bdfd4c5af602d27abe8d9	48e4265a1c2569300526d9f0b790d6e12e6da1d3c0ac9736551994e9940cc6f8	017e7aa71d3a3015d70ea47345cc8527772339c469de9b5fdfab9c83c811e508
