label	source_sha	schema	disposition
final-qualification-42	1601b6e0f03e91148fb2a0ece723cd3de6080bb7	iam_ui_7a4c110d6e4a41b689b2aa568d0311d4	REMOVED_GUARDED_EXACT_SCHEMA
final-qualification-42	1601b6e0f03e91148fb2a0ece723cd3de6080bb7	iam_ui_3559d704fdc84090a17c49644231860d	REMOVED_GUARDED_EXACT_SCHEMA
final-qualification-42	1601b6e0f03e91148fb2a0ece723cd3de6080bb7	iam_ui_03d8400b642b4f5584018a3d70da5499	REMOVED_GUARDED_EXACT_SCHEMA
final-qualification-42	1601b6e0f03e91148fb2a0ece723cd3de6080bb7	iam_ui_07b24a21e76449408e11f769280e5a97	REMOVED_GUARDED_EXACT_SCHEMA
final-qualification-42	1601b6e0f03e91148fb2a0ece723cd3de6080bb7	iam_ui_c3085056af66471ea80d7085d39c1e16	REMOVED_GUARDED_EXACT_SCHEMA
final-qualification-42	1601b6e0f03e91148fb2a0ece723cd3de6080bb7	iam_ui_6ad81bb8809446b99b9c6ff2c5c750e7	REMOVED_GUARDED_EXACT_SCHEMA
final-qualification-42	1601b6e0f03e91148fb2a0ece723cd3de6080bb7	iam_ui_56cddf97df74494c90e6a1b78c147ab7	REMOVED_GUARDED_EXACT_SCHEMA
final-qualification-42	1601b6e0f03e91148fb2a0ece723cd3de6080bb7	iam_ui_5d69320bd67e41ed96a26a766b069ed4	REMOVED_GUARDED_EXACT_SCHEMA
final-qualification-42	1601b6e0f03e91148fb2a0ece723cd3de6080bb7	iam_ui_f96e12e7e06f4c14bb22fcbc8224a2a9	REMOVED_GUARDED_EXACT_SCHEMA
final-qualification-42	1601b6e0f03e91148fb2a0ece723cd3de6080bb7	iam_ui_80760947b6674a6ba45fbca326513330	REMOVED_GUARDED_EXACT_SCHEMA
final-qualification-42	1601b6e0f03e91148fb2a0ece723cd3de6080bb7	iam_ui_17c9dacabee44d258e1af7c9ff9f474a	REMOVED_GUARDED_EXACT_SCHEMA
final-qualification-42	1601b6e0f03e91148fb2a0ece723cd3de6080bb7	iam_ui_4ce19b97f71c4825b347e28c7bb8b29a	REMOVED_GUARDED_EXACT_SCHEMA
final-qualification-42	1601b6e0f03e91148fb2a0ece723cd3de6080bb7	iam_ui_b036862da59e465ba38d273c7a079071	REMOVED_GUARDED_EXACT_SCHEMA
final-qualification-42	1601b6e0f03e91148fb2a0ece723cd3de6080bb7	iam_ui_4935dc571a8045d38085e751024b3466	REMOVED_GUARDED_EXACT_SCHEMA
final-qualification-42	1601b6e0f03e91148fb2a0ece723cd3de6080bb7	iam_ui_a735084ea469424e86c1d8e6b86423e0	REMOVED_GUARDED_EXACT_SCHEMA
final-qualification-42	1601b6e0f03e91148fb2a0ece723cd3de6080bb7	iam_ui_4345eadea0264398b124527a9d7d6ed4	REMOVED_GUARDED_EXACT_SCHEMA
final-qualification-42	1601b6e0f03e91148fb2a0ece723cd3de6080bb7	iam_ui_ef6810cbd53148beb25a118272a4a2c5	REMOVED_GUARDED_EXACT_SCHEMA
final-qualification-42	1601b6e0f03e91148fb2a0ece723cd3de6080bb7	iam_ui_1ca02eceddb045aeb50ec4508b41e47b	REMOVED_GUARDED_EXACT_SCHEMA
final-qualification-42	1601b6e0f03e91148fb2a0ece723cd3de6080bb7	iam_ui_44bf1b7bca7140b699c078084e86a2aa	REMOVED_GUARDED_EXACT_SCHEMA
final-qualification-42	1601b6e0f03e91148fb2a0ece723cd3de6080bb7	iam_ui_16015b8714a54686a3f422ca741788fe	REMOVED_GUARDED_EXACT_SCHEMA
final-qualification-44	9d3732cb173e8094195b9bdd60b5588ac3cfa42e	iam_ui_b3efab00a7114a84aaf6b4226f2b6b75	REMOVED_GUARDED_EXACT_SCHEMA
final-qualification-44	9d3732cb173e8094195b9bdd60b5588ac3cfa42e	iam_ui_b8930a67d6464fcebd3c2a7a46b333ab	REMOVED_GUARDED_EXACT_SCHEMA
final-qualification-44	9d3732cb173e8094195b9bdd60b5588ac3cfa42e	iam_ui_060d13abae124b7f83c175569afcd6a6	REMOVED_GUARDED_EXACT_SCHEMA
final-qualification-44	9d3732cb173e8094195b9bdd60b5588ac3cfa42e	iam_ui_9c9b907cbb0a42ea8a423e8bee0bf317	REMOVED_GUARDED_EXACT_SCHEMA
final-qualification-44	9d3732cb173e8094195b9bdd60b5588ac3cfa42e	iam_ui_72cf3d5f0943404896d53ad646ac7c9c	REMOVED_GUARDED_EXACT_SCHEMA
final-qualification-44	9d3732cb173e8094195b9bdd60b5588ac3cfa42e	iam_ui_a87120f3d17a49248f1480f78fba19c8	REMOVED_GUARDED_EXACT_SCHEMA
final-qualification-44	9d3732cb173e8094195b9bdd60b5588ac3cfa42e	iam_ui_acb5bbb9e94a444887afc6f1dca6a2cc	REMOVED_GUARDED_EXACT_SCHEMA
final-qualification-44	9d3732cb173e8094195b9bdd60b5588ac3cfa42e	iam_ui_6ae85ecfef554c2d974eedd801a4818a	REMOVED_GUARDED_EXACT_SCHEMA
final-qualification-44	9d3732cb173e8094195b9bdd60b5588ac3cfa42e	iam_ui_af4a0954009345c9953c10486dacf6a2	REMOVED_GUARDED_EXACT_SCHEMA
final-qualification-44	9d3732cb173e8094195b9bdd60b5588ac3cfa42e	iam_ui_8973f8fd1cde43f1b9601ba4f46520d6	REMOVED_GUARDED_EXACT_SCHEMA
final-qualification-44	9d3732cb173e8094195b9bdd60b5588ac3cfa42e	iam_ui_8c7c9c8a76fc44e2a9d19228c5d27002	REMOVED_GUARDED_EXACT_SCHEMA
final-qualification-44	9d3732cb173e8094195b9bdd60b5588ac3cfa42e	iam_ui_9ebd7dd8b6da457aa641bdd385199a05	REMOVED_GUARDED_EXACT_SCHEMA
final-qualification-44	9d3732cb173e8094195b9bdd60b5588ac3cfa42e	iam_ui_b23e37fe9a1e4891891e81843c946fe4	REMOVED_GUARDED_EXACT_SCHEMA
final-qualification-44	9d3732cb173e8094195b9bdd60b5588ac3cfa42e	iam_ui_cbd7291fd36e47cab9611edaf2858201	REMOVED_GUARDED_EXACT_SCHEMA
final-qualification-44	9d3732cb173e8094195b9bdd60b5588ac3cfa42e	iam_ui_ed7300cd9ea04bc6a8e009d740a0e418	REMOVED_GUARDED_EXACT_SCHEMA
final-qualification-44	9d3732cb173e8094195b9bdd60b5588ac3cfa42e	iam_ui_d17ae5352eab42e09f6db5ee91e2d631	REMOVED_GUARDED_EXACT_SCHEMA
final-qualification-44	9d3732cb173e8094195b9bdd60b5588ac3cfa42e	iam_ui_ec72be28b51d474ab040d127e3ab099b	REMOVED_GUARDED_EXACT_SCHEMA
final-qualification-44	9d3732cb173e8094195b9bdd60b5588ac3cfa42e	iam_ui_a07ba45ed5dc489881e7dc2351fd231b	REMOVED_GUARDED_EXACT_SCHEMA
final-qualification-44	9d3732cb173e8094195b9bdd60b5588ac3cfa42e	iam_ui_1fe5136bdff6454a8b4cbd5dd16e6a1f	REMOVED_GUARDED_EXACT_SCHEMA
final-qualification-44	9d3732cb173e8094195b9bdd60b5588ac3cfa42e	iam_ui_f50014129c7f4e6d8e3019dd42a1d526	REMOVED_GUARDED_EXACT_SCHEMA
final-qualification-44	9d3732cb173e8094195b9bdd60b5588ac3cfa42e	iam_ui_6cc6608bc33148aeaa28b593f0e72d56	REMOVED_GUARDED_EXACT_SCHEMA
final-qualification-44	9d3732cb173e8094195b9bdd60b5588ac3cfa42e	iam_ui_6d1701adf5494c339996dd0e8810c1e3	REMOVED_GUARDED_EXACT_SCHEMA
final-qualification-44	9d3732cb173e8094195b9bdd60b5588ac3cfa42e	iam_ui_ce37ec513d174002bb34c8e2cee80459	REMOVED_GUARDED_EXACT_SCHEMA
final-qualification-44	9d3732cb173e8094195b9bdd60b5588ac3cfa42e	iam_ui_b886cf49658e40ddb42d991e77d0ac94	REMOVED_GUARDED_EXACT_SCHEMA
final-qualification-44	9d3732cb173e8094195b9bdd60b5588ac3cfa42e	iam_ui_ad47bce7de714c31a3f9a91d8107d301	REMOVED_GUARDED_EXACT_SCHEMA
final-qualification-44	9d3732cb173e8094195b9bdd60b5588ac3cfa42e	iam_ui_4768c88a1c72454ebeb7254b1f201208	REMOVED_GUARDED_EXACT_SCHEMA
final-qualification-44	9d3732cb173e8094195b9bdd60b5588ac3cfa42e	iam_ui_d8188b0bf4e849a5919f76f9fb81fa34	REMOVED_GUARDED_EXACT_SCHEMA
final-qualification-44	9d3732cb173e8094195b9bdd60b5588ac3cfa42e	iam_ui_869f52ccef444029896cf9cd8c9619c7	REMOVED_GUARDED_EXACT_SCHEMA
final-qualification-44	9d3732cb173e8094195b9bdd60b5588ac3cfa42e	iam_ui_932167676e0e48569f14b0443f926258	REMOVED_GUARDED_EXACT_SCHEMA
final-qualification-44	9d3732cb173e8094195b9bdd60b5588ac3cfa42e	iam_ui_b2fac9531ca2486680e5d9bfaf1230b0	REMOVED_GUARDED_EXACT_SCHEMA
final-qualification-44	9d3732cb173e8094195b9bdd60b5588ac3cfa42e	iam_ui_879ad263dcb646d6a0e13f099f8d37fc	REMOVED_GUARDED_EXACT_SCHEMA
final-qualification-44	9d3732cb173e8094195b9bdd60b5588ac3cfa42e	iam_ui_dc8585630d614f1c8be5239e04d42bd4	REMOVED_GUARDED_EXACT_SCHEMA
final-qualification-44	9d3732cb173e8094195b9bdd60b5588ac3cfa42e	iam_ui_d1502ebc07fb4a679f5241d2e2745691	REMOVED_GUARDED_EXACT_SCHEMA
final-qualification-44	9d3732cb173e8094195b9bdd60b5588ac3cfa42e	iam_ui_4205ef51d3584799981b3173dbeac701	REMOVED_GUARDED_EXACT_SCHEMA
final-qualification-44	9d3732cb173e8094195b9bdd60b5588ac3cfa42e	iam_ui_6124d719f7a245a6af6aa267b7185a7c	REMOVED_GUARDED_EXACT_SCHEMA
final-qualification-44	9d3732cb173e8094195b9bdd60b5588ac3cfa42e	iam_ui_c3593d66f8704756bdeb1057eda50490	REMOVED_GUARDED_EXACT_SCHEMA
final-qualification-44	9d3732cb173e8094195b9bdd60b5588ac3cfa42e	iam_ui_f9d7a8421a1c4c7f8f377489e0c1ea73	REMOVED_GUARDED_EXACT_SCHEMA
final-qualification-44	9d3732cb173e8094195b9bdd60b5588ac3cfa42e	iam_ui_8ffb7329eba14694a5ebfe07b26cfa48	REMOVED_GUARDED_EXACT_SCHEMA
final-qualification-44	9d3732cb173e8094195b9bdd60b5588ac3cfa42e	iam_ui_550a3b2a90e84266b5409c7174593c09	REMOVED_GUARDED_EXACT_SCHEMA
final-qualification-44	9d3732cb173e8094195b9bdd60b5588ac3cfa42e	iam_ui_e18a371e4392458c91051d9ae7d56154	REMOVED_GUARDED_EXACT_SCHEMA
final-qualification-44	9d3732cb173e8094195b9bdd60b5588ac3cfa42e	iam_ui_9b5b67900c8f4adfa43392a26876c2ce	REMOVED_GUARDED_EXACT_SCHEMA
final-qualification-44	9d3732cb173e8094195b9bdd60b5588ac3cfa42e	iam_ui_e9a53c340b264092a1a75c5b0840ed0a	REMOVED_GUARDED_EXACT_SCHEMA
final-qualification-44	9d3732cb173e8094195b9bdd60b5588ac3cfa42e	iam_ui_74daacbee4354e5da5e7068387fb9e38	REMOVED_GUARDED_EXACT_SCHEMA
final-qualification-44	9d3732cb173e8094195b9bdd60b5588ac3cfa42e	iam_ui_44448a4ac00d4b51ba633becf0a3cc09	REMOVED_GUARDED_EXACT_SCHEMA
final-qualification-44	9d3732cb173e8094195b9bdd60b5588ac3cfa42e	iam_ui_05bf07dd2b804da1b65a9a769ed470e5	REMOVED_GUARDED_EXACT_SCHEMA
final-qualification-44	9d3732cb173e8094195b9bdd60b5588ac3cfa42e	iam_ui_ef2b0db0d04545ad8a6ae876499bd8ea	REMOVED_GUARDED_EXACT_SCHEMA
final-qualification-44	9d3732cb173e8094195b9bdd60b5588ac3cfa42e	iam_ui_b95d758208344ddeb544af121deef8fb	REMOVED_GUARDED_EXACT_SCHEMA
final-qualification-44	9d3732cb173e8094195b9bdd60b5588ac3cfa42e	iam_ui_19d482cb5fbf48b58e645f89156a71f7	REMOVED_GUARDED_EXACT_SCHEMA
final-qualification-44	9d3732cb173e8094195b9bdd60b5588ac3cfa42e	iam_ui_6880e7691695410599283cb5d0424261	REMOVED_GUARDED_EXACT_SCHEMA
final-qualification-44	9d3732cb173e8094195b9bdd60b5588ac3cfa42e	iam_ui_39457b895dfc468a9cd4a551b54bfa23	REMOVED_GUARDED_EXACT_SCHEMA
final-qualification-44	9d3732cb173e8094195b9bdd60b5588ac3cfa42e	iam_ui_9cfeb3cd99da4f58baae459cd6bb46d5	REMOVED_GUARDED_EXACT_SCHEMA
final-qualification-44	9d3732cb173e8094195b9bdd60b5588ac3cfa42e	iam_ui_670d040e86814760929a4e2bac272fdd	REMOVED_GUARDED_EXACT_SCHEMA
final-qualification-44	9d3732cb173e8094195b9bdd60b5588ac3cfa42e	iam_ui_b46a7b40181d4edeaf128a24e540d92a	REMOVED_GUARDED_EXACT_SCHEMA
final-qualification-44	9d3732cb173e8094195b9bdd60b5588ac3cfa42e	iam_ui_35e532febebc428d93e881416a8e89ab	REMOVED_GUARDED_EXACT_SCHEMA
final-qualification-44	9d3732cb173e8094195b9bdd60b5588ac3cfa42e	iam_ui_4903c9875d504d6daed431284830e04b	REMOVED_GUARDED_EXACT_SCHEMA
final-qualification-44	9d3732cb173e8094195b9bdd60b5588ac3cfa42e	iam_ui_cb7d5ec7daff4e4b9e1b1754d5a43476	REMOVED_GUARDED_EXACT_SCHEMA
final-qualification-44	9d3732cb173e8094195b9bdd60b5588ac3cfa42e	iam_ui_49b33c023f4d40f6b38c7740365c1e47	REMOVED_GUARDED_EXACT_SCHEMA
final-qualification-44	9d3732cb173e8094195b9bdd60b5588ac3cfa42e	iam_ui_23f78ffb630a4c3789d2dbb8af3cb08e	REMOVED_GUARDED_EXACT_SCHEMA
final-qualification-44	9d3732cb173e8094195b9bdd60b5588ac3cfa42e	iam_ui_700a7bde5d804d1887bb9867980c22ed	REMOVED_GUARDED_EXACT_SCHEMA
final-qualification-44	9d3732cb173e8094195b9bdd60b5588ac3cfa42e	iam_ui_bd9ce77f1c6c4aa7b99a91c266ad643d	REMOVED_GUARDED_EXACT_SCHEMA
final-qualification-44	9d3732cb173e8094195b9bdd60b5588ac3cfa42e	iam_ui_d906e924f9094bb98531e9ecd53f5cbc	REMOVED_GUARDED_EXACT_SCHEMA
final-qualification-44	9d3732cb173e8094195b9bdd60b5588ac3cfa42e	iam_ui_b36d8bb95c954649a7aea8f3e70323d7	REMOVED_GUARDED_EXACT_SCHEMA
final-qualification-44	9d3732cb173e8094195b9bdd60b5588ac3cfa42e	iam_ui_99196a5cb97e4e44b91196be1717a548	REMOVED_GUARDED_EXACT_SCHEMA
final-qualification-44	9d3732cb173e8094195b9bdd60b5588ac3cfa42e	iam_ui_89c3c873cb3f4cf1a70d0ca3193afae5	REMOVED_GUARDED_EXACT_SCHEMA
final-qualification-44	9d3732cb173e8094195b9bdd60b5588ac3cfa42e	iam_ui_e1e81652baf04256aec327fc71cc7cf2	REMOVED_GUARDED_EXACT_SCHEMA
final-qualification-44	9d3732cb173e8094195b9bdd60b5588ac3cfa42e	iam_ui_da2d5befb36f419e85f5d818bc2b8dbc	REMOVED_GUARDED_EXACT_SCHEMA
final-qualification-44	9d3732cb173e8094195b9bdd60b5588ac3cfa42e	iam_ui_65e2245b78a14b3ba9c29ba1ec453c38	REMOVED_GUARDED_EXACT_SCHEMA
final-qualification-44	9d3732cb173e8094195b9bdd60b5588ac3cfa42e	iam_ui_88f990adba384dd1b36957dad50f4cb2	REMOVED_GUARDED_EXACT_SCHEMA
final-qualification-44	9d3732cb173e8094195b9bdd60b5588ac3cfa42e	iam_ui_fa04ec40d2ab4d2eba4b6bf696dc305a	REMOVED_GUARDED_EXACT_SCHEMA
final-qualification-44	9d3732cb173e8094195b9bdd60b5588ac3cfa42e	iam_ui_95ef9708433441b7b47b317916bd97ca	REMOVED_GUARDED_EXACT_SCHEMA
final-qualification-44	9d3732cb173e8094195b9bdd60b5588ac3cfa42e	iam_ui_5912c9963cad46b8b7fa9a8900c208f2	REMOVED_GUARDED_EXACT_SCHEMA
final-qualification-44	9d3732cb173e8094195b9bdd60b5588ac3cfa42e	iam_ui_db7d0762ef0f43798fce0c54d5f4544d	REMOVED_GUARDED_EXACT_SCHEMA
final-qualification-44	9d3732cb173e8094195b9bdd60b5588ac3cfa42e	iam_ui_f6826c0bcf7f4102b9a6ec530417477f	REMOVED_GUARDED_EXACT_SCHEMA
final-qualification-44	9d3732cb173e8094195b9bdd60b5588ac3cfa42e	iam_ui_4aab18d629ae448582feb851011310b5	REMOVED_GUARDED_EXACT_SCHEMA
final-qualification-44	9d3732cb173e8094195b9bdd60b5588ac3cfa42e	iam_ui_a41ac83533be4f609f2a3ad382aa15c0	REMOVED_GUARDED_EXACT_SCHEMA
final-qualification-44	9d3732cb173e8094195b9bdd60b5588ac3cfa42e	iam_ui_3c0f135c24fa42dfb47810638b9b714e	REMOVED_GUARDED_EXACT_SCHEMA
final-qualification-44	9d3732cb173e8094195b9bdd60b5588ac3cfa42e	iam_ui_d8a1d323e7574e829329893c9590e9fa	REMOVED_GUARDED_EXACT_SCHEMA
final-qualification-44	9d3732cb173e8094195b9bdd60b5588ac3cfa42e	iam_ui_89a8147b9629400ebb497e63b9610877	REMOVED_GUARDED_EXACT_SCHEMA
final-qualification-44	9d3732cb173e8094195b9bdd60b5588ac3cfa42e	iam_ui_5ea8e430f39e481783f937116420f0bf	REMOVED_GUARDED_EXACT_SCHEMA
final-qualification-44	9d3732cb173e8094195b9bdd60b5588ac3cfa42e	iam_ui_4711f5f395df48f39a6fdf723aefcbf2	REMOVED_GUARDED_EXACT_SCHEMA
final-qualification-44	9d3732cb173e8094195b9bdd60b5588ac3cfa42e	iam_ui_064214396de54cd4a96feb0e94c520b2	REMOVED_GUARDED_EXACT_SCHEMA
final-qualification-44	9d3732cb173e8094195b9bdd60b5588ac3cfa42e	iam_ui_574df715567b49efa9fae6662f9c1efd	REMOVED_GUARDED_EXACT_SCHEMA
final-qualification-44	9d3732cb173e8094195b9bdd60b5588ac3cfa42e	iam_ui_9a0fad76421e403b8d6b691ffc21c321	REMOVED_GUARDED_EXACT_SCHEMA
