label	source_sha	tests	passed	failed	disposition	raw_inputs	manifest_sha256	archive_sha256	private_log_sha256	private_report_sha256	typecheck
web-red-01	0cf452c869494c9f059fac32f12b5731d370ca7b	0	0	0	NOT_RUN_JSON_RUNNER_DEFECT	UNKNOWN	UNKNOWN	UNKNOWN	NOT_RECORDED	NOT_RECORDED	NOT-RUN
web-red-02	948139a2bc824e5e467488ff1be11fffcfd404c5	0	0	0	NOT_RUN_ARCHIVE_ROOT_RUNNER_DEFECT	125	e1a8766c351e2876f068d19deb3710d6097c2e30b4b78eef15442b0eac1f25d1	4cf74971ab3d41e14983ba3576da2dc624847ad118297a1cdb21e76b2f080cb9	NOT_RECORDED	NOT_RECORDED	NOT-RUN
web-red-03	30ea5d570f2f4a130d43f6348328a066dd63f51b	1	0	1	GENUINE_RED	125	8a36905c78553a8c471acdae8af574907c591e6bc55f32ee15bcae393090d60c	9c6ee8b24ad733ebdb9f65dbeca7d15d5a5f84e77febf9c5748c80bff610d39f	920041237d27bb9bfd548be221761decb5280f96276574e877e4fa36e936e7a1	84ff0543680b36bee668b8153df475328755fb345084743ec7bf8525a126f828	NOT-RUN
web-green-01	2b02facec49326c852c78d6695a1396d75e726b2	1	1	0	PASS	125	e4a652bb9f76568f7c11807e3256871f88cb5998ef444867ca3d22f3ca4eed0d	f01580631c66ee42b4c1dce031758970cff970eec834a25f49f5944baf25d1bb	efeb4d67e9dc8876b6120f0de2c14684b5be572f56c3936105bf59a69ade4d9a	07cd58361ea18950b5cfc1b74bd3eef8edf5c81d3268844984c9b881588d2589	NOT-RUN
web-red-04	e4805c138c335c7af385f4f62135a2866e47dd66	2	1	1	GENUINE_RED	126	1a59df1c62d7cff3ceb0d2e3d178c066e16a1dc1c03c625f17e2f0f84ea49593	21b0823900c7412a44cee458457a316bc7f29cb617e757ba74667ade4cf343a0	66f5d66481389f01ab3e83a02dbbc764e50279f59171e9f3d5420ec04f921292	7f8526cb55c06fc8a76b8a5416deeb227276a20429d3d61a0b7a162f2f79b561	NOT-RUN
web-green-02	8b64af520edbdda2b79ab1531f023d226cc40009	2	2	0	PASS	126	ab0f0de2c941812bf9cba0ab8e7b3cc65cc447d1744143dbedbd5fb9c0d651b5	840ec2a2196314dacae6a19fc497ae4d71c005139a96d0d7f00a91a3ac9c397c	69a97d368f84d85d977da9db5112287e079165e3ce9caee1ef3528167284ed2a	c7481d22b85651b1ab1f506147e5879121d5a7e5993723b3361a967d9483d264	NOT-RUN
web-red-05	7f2913b0c2ea7627320d64febb28ab85389d215f	3	2	1	GENUINE_RED	126	699189dbe0c42d658889c10081d26d1e15e14e6c34575024f3c4d0682425dd4f	d29b0f4291309d7d2f7ce64ca35aeb0ffa81f2ec6d96b97dc4b34c8e4018ae5b	b372500649f17e57111c0aae987fa9cd464877dde12140089b2606fdf416be96	75f34682dbc3421d9dacb3a971933f098062aea7f850224fd52838f5e201be7a	NOT-RUN
web-green-03	351026fab0fd96b5b8bbec54dd468017210517f0	3	3	0	PASS	126	c3d70be31f61693913f5d8e6a2989baa1b24a2e9c57ed8e62440b45789004654	8971b9fbc81e1891fb8a7825a5937e5c0652d9e8c98394fdfde74dd0e3f3cf77	888fc7cb6e32ed498805587a5acb8a558ea20e89a20b76d6c3e7b2b3214f1955	f0604190c70c1f4fac2c7858e17db0ebf6be725c47e2df7f5c957087d98fee4c	NOT-RUN
web-red-06	bc7a501a8998c117571220a0bab5955fcfaf9eca	10	8	2	GENUINE_RED	126	8e9c831274266b065709d08b2e6dcaa44106dd7e7b6113b17cc512445c738679	edf5be80eb13972016eb2577b002a3348948f0a95997a9603b77f65474514dcd	fcb5e251ba9893a3ad5462f07e6ce9b61fae99ce1c41a5e09181b5a92f7f6540	86b2a4af49efe8c6717d0b7e93d2f877515e4801f5d14c031ff1e6d2e426756c	NOT-RUN
web-green-04	f3bb2b3b14c0f6d9b81b4d2165b61df1127ba953	10	10	0	PASS	126	dadfe542e3c8af7be6041627220ed5661a57299b4292e476e0c792f3a5cfff2c	3f865af47cb49d961e8d9bc57116c06a0abfe5435749f8b5426644e75404a3c3	13a8c9e4662ab0d8305e912eb2fdfbba3a8f0da1e0f3c6454b85bf4d2042c43d	53203a4d0d745669d08d1de5e675e270551961db443f204086e922f327eb187d	NOT-RUN
web-red-07	944ccf32c12e233581b2b996267365e4df3d0943	14	13	1	GENUINE_RED	126	7bb592450865991810c5857c20c974718125eae6c8699236ed5b5f2f4f37ac7e	e2686ac4fe3d18978e8b2f07f13d8127b591de1b04e540dd530c058ef930ee37	3e311dba96f87ed95bea1565a331bd090029dde125f7a202d0062c3115d4df62	05d495969b9c5b7ef61f0ae28ab3248a7734e33fce87769bc4cc790e9cfa61e6	NOT-RUN
web-green-05	2f4424e2d8d815e14d41fd305048d4a9bf672036	14	14	0	PASS	126	98dbb7004d313b403da3eea58d7631154fd470b7a37ac29298b863d56a0224ed	6defa315c2196e1441575c55d37aad5a31b7d6876270131acb0b6830b494f924	b1623657a0701093abe0baff22ed4ccd1fb945bf8596cd6d01fd6311f8832d1d	121c2d760e5771b8a751d482645295faf4afc6f2a6cc9ed000407503e2b5b4ee	PASS
