jar_path	entry_path	entry_sha256	review_state
/home/phuclam/.m2/repository/org/springframework/boot/spring-boot-starter-webmvc/4.1.1/spring-boot-starter-webmvc-4.1.1.jar	META-INF/LICENSE.txt	7200000367e0e8b47822d563a5ddd2dd3a97cc05b32bd7dbcc7b4eeb92b76628	IDENTIFIED_NOT_FULLY_REVIEWED
/home/phuclam/.m2/repository/org/springframework/boot/spring-boot-starter-webmvc/4.1.1/spring-boot-starter-webmvc-4.1.1.jar	META-INF/NOTICE.txt	64e8c092d64ccaecac2d81d324c84a4dff29fdc2cb777f3b1abd910ac2e8555d	IDENTIFIED_NOT_FULLY_REVIEWED
/home/phuclam/.m2/repository/org/springframework/boot/spring-boot-starter/4.1.1/spring-boot-starter-4.1.1.jar	META-INF/LICENSE.txt	7200000367e0e8b47822d563a5ddd2dd3a97cc05b32bd7dbcc7b4eeb92b76628	IDENTIFIED_NOT_FULLY_REVIEWED
/home/phuclam/.m2/repository/org/springframework/boot/spring-boot-starter/4.1.1/spring-boot-starter-4.1.1.jar	META-INF/NOTICE.txt	64e8c092d64ccaecac2d81d324c84a4dff29fdc2cb777f3b1abd910ac2e8555d	IDENTIFIED_NOT_FULLY_REVIEWED
/home/phuclam/.m2/repository/org/springframework/boot/spring-boot-autoconfigure/4.1.1/spring-boot-autoconfigure-4.1.1.jar	META-INF/LICENSE.txt	7200000367e0e8b47822d563a5ddd2dd3a97cc05b32bd7dbcc7b4eeb92b76628	IDENTIFIED_NOT_FULLY_REVIEWED
/home/phuclam/.m2/repository/org/springframework/boot/spring-boot-autoconfigure/4.1.1/spring-boot-autoconfigure-4.1.1.jar	META-INF/NOTICE.txt	64e8c092d64ccaecac2d81d324c84a4dff29fdc2cb777f3b1abd910ac2e8555d	IDENTIFIED_NOT_FULLY_REVIEWED
/home/phuclam/.m2/repository/org/springframework/boot/spring-boot/4.1.1/spring-boot-4.1.1.jar	META-INF/LICENSE.txt	7200000367e0e8b47822d563a5ddd2dd3a97cc05b32bd7dbcc7b4eeb92b76628	IDENTIFIED_NOT_FULLY_REVIEWED
/home/phuclam/.m2/repository/org/springframework/boot/spring-boot/4.1.1/spring-boot-4.1.1.jar	META-INF/NOTICE.txt	64e8c092d64ccaecac2d81d324c84a4dff29fdc2cb777f3b1abd910ac2e8555d	IDENTIFIED_NOT_FULLY_REVIEWED
/home/phuclam/.m2/repository/org/springframework/boot/spring-boot-starter-jackson/4.1.1/spring-boot-starter-jackson-4.1.1.jar	META-INF/LICENSE.txt	7200000367e0e8b47822d563a5ddd2dd3a97cc05b32bd7dbcc7b4eeb92b76628	IDENTIFIED_NOT_FULLY_REVIEWED
/home/phuclam/.m2/repository/org/springframework/boot/spring-boot-starter-jackson/4.1.1/spring-boot-starter-jackson-4.1.1.jar	META-INF/NOTICE.txt	64e8c092d64ccaecac2d81d324c84a4dff29fdc2cb777f3b1abd910ac2e8555d	IDENTIFIED_NOT_FULLY_REVIEWED
/home/phuclam/.m2/repository/org/springframework/boot/spring-boot-jackson/4.1.1/spring-boot-jackson-4.1.1.jar	META-INF/LICENSE.txt	7200000367e0e8b47822d563a5ddd2dd3a97cc05b32bd7dbcc7b4eeb92b76628	IDENTIFIED_NOT_FULLY_REVIEWED
/home/phuclam/.m2/repository/org/springframework/boot/spring-boot-jackson/4.1.1/spring-boot-jackson-4.1.1.jar	META-INF/NOTICE.txt	64e8c092d64ccaecac2d81d324c84a4dff29fdc2cb777f3b1abd910ac2e8555d	IDENTIFIED_NOT_FULLY_REVIEWED
/home/phuclam/.m2/repository/org/springframework/boot/spring-boot-starter-tomcat/4.1.1/spring-boot-starter-tomcat-4.1.1.jar	META-INF/LICENSE.txt	7200000367e0e8b47822d563a5ddd2dd3a97cc05b32bd7dbcc7b4eeb92b76628	IDENTIFIED_NOT_FULLY_REVIEWED
/home/phuclam/.m2/repository/org/springframework/boot/spring-boot-starter-tomcat/4.1.1/spring-boot-starter-tomcat-4.1.1.jar	META-INF/NOTICE.txt	64e8c092d64ccaecac2d81d324c84a4dff29fdc2cb777f3b1abd910ac2e8555d	IDENTIFIED_NOT_FULLY_REVIEWED
/home/phuclam/.m2/repository/org/springframework/boot/spring-boot-starter-tomcat-runtime/4.1.1/spring-boot-starter-tomcat-runtime-4.1.1.jar	META-INF/LICENSE.txt	7200000367e0e8b47822d563a5ddd2dd3a97cc05b32bd7dbcc7b4eeb92b76628	IDENTIFIED_NOT_FULLY_REVIEWED
/home/phuclam/.m2/repository/org/springframework/boot/spring-boot-starter-tomcat-runtime/4.1.1/spring-boot-starter-tomcat-runtime-4.1.1.jar	META-INF/NOTICE.txt	64e8c092d64ccaecac2d81d324c84a4dff29fdc2cb777f3b1abd910ac2e8555d	IDENTIFIED_NOT_FULLY_REVIEWED
/home/phuclam/.m2/repository/org/springframework/boot/spring-boot-tomcat/4.1.1/spring-boot-tomcat-4.1.1.jar	META-INF/LICENSE.txt	7200000367e0e8b47822d563a5ddd2dd3a97cc05b32bd7dbcc7b4eeb92b76628	IDENTIFIED_NOT_FULLY_REVIEWED
/home/phuclam/.m2/repository/org/springframework/boot/spring-boot-tomcat/4.1.1/spring-boot-tomcat-4.1.1.jar	META-INF/NOTICE.txt	64e8c092d64ccaecac2d81d324c84a4dff29fdc2cb777f3b1abd910ac2e8555d	IDENTIFIED_NOT_FULLY_REVIEWED
/home/phuclam/.m2/repository/org/springframework/boot/spring-boot-web-server/4.1.1/spring-boot-web-server-4.1.1.jar	META-INF/LICENSE.txt	7200000367e0e8b47822d563a5ddd2dd3a97cc05b32bd7dbcc7b4eeb92b76628	IDENTIFIED_NOT_FULLY_REVIEWED
/home/phuclam/.m2/repository/org/springframework/boot/spring-boot-web-server/4.1.1/spring-boot-web-server-4.1.1.jar	META-INF/NOTICE.txt	64e8c092d64ccaecac2d81d324c84a4dff29fdc2cb777f3b1abd910ac2e8555d	IDENTIFIED_NOT_FULLY_REVIEWED
/home/phuclam/.m2/repository/org/springframework/boot/spring-boot-servlet/4.1.1/spring-boot-servlet-4.1.1.jar	META-INF/LICENSE.txt	7200000367e0e8b47822d563a5ddd2dd3a97cc05b32bd7dbcc7b4eeb92b76628	IDENTIFIED_NOT_FULLY_REVIEWED
/home/phuclam/.m2/repository/org/springframework/boot/spring-boot-servlet/4.1.1/spring-boot-servlet-4.1.1.jar	META-INF/NOTICE.txt	64e8c092d64ccaecac2d81d324c84a4dff29fdc2cb777f3b1abd910ac2e8555d	IDENTIFIED_NOT_FULLY_REVIEWED
/home/phuclam/.m2/repository/org/springframework/boot/spring-boot-webmvc/4.1.1/spring-boot-webmvc-4.1.1.jar	META-INF/LICENSE.txt	7200000367e0e8b47822d563a5ddd2dd3a97cc05b32bd7dbcc7b4eeb92b76628	IDENTIFIED_NOT_FULLY_REVIEWED
/home/phuclam/.m2/repository/org/springframework/boot/spring-boot-webmvc/4.1.1/spring-boot-webmvc-4.1.1.jar	META-INF/NOTICE.txt	64e8c092d64ccaecac2d81d324c84a4dff29fdc2cb777f3b1abd910ac2e8555d	IDENTIFIED_NOT_FULLY_REVIEWED
/home/phuclam/.m2/repository/org/springframework/boot/spring-boot-http-converter/4.1.1/spring-boot-http-converter-4.1.1.jar	META-INF/LICENSE.txt	7200000367e0e8b47822d563a5ddd2dd3a97cc05b32bd7dbcc7b4eeb92b76628	IDENTIFIED_NOT_FULLY_REVIEWED
/home/phuclam/.m2/repository/org/springframework/boot/spring-boot-http-converter/4.1.1/spring-boot-http-converter-4.1.1.jar	META-INF/NOTICE.txt	64e8c092d64ccaecac2d81d324c84a4dff29fdc2cb777f3b1abd910ac2e8555d	IDENTIFIED_NOT_FULLY_REVIEWED
/home/phuclam/.m2/repository/org/springframework/boot/spring-boot-starter-log4j2/4.1.1/spring-boot-starter-log4j2-4.1.1.jar	META-INF/LICENSE.txt	7200000367e0e8b47822d563a5ddd2dd3a97cc05b32bd7dbcc7b4eeb92b76628	IDENTIFIED_NOT_FULLY_REVIEWED
/home/phuclam/.m2/repository/org/springframework/boot/spring-boot-starter-log4j2/4.1.1/spring-boot-starter-log4j2-4.1.1.jar	META-INF/NOTICE.txt	64e8c092d64ccaecac2d81d324c84a4dff29fdc2cb777f3b1abd910ac2e8555d	IDENTIFIED_NOT_FULLY_REVIEWED
/home/phuclam/.m2/repository/org/springframework/spring-core/7.0.9/spring-core-7.0.9.jar	META-INF/license.txt	e6b6198486da7dcad3d62c2f9043a8b5e472fe2991b4b144076262c8adccda0f	IDENTIFIED_NOT_FULLY_REVIEWED
/home/phuclam/.m2/repository/org/springframework/spring-core/7.0.9/spring-core-7.0.9.jar	META-INF/notice.txt	ca6b51825e9feea8bafd49d40f47b914659b783b4b70f40850ed662021320ddd	IDENTIFIED_NOT_FULLY_REVIEWED
/home/phuclam/.m2/repository/org/springframework/spring-context/7.0.9/spring-context-7.0.9.jar	META-INF/license.txt	e6b6198486da7dcad3d62c2f9043a8b5e472fe2991b4b144076262c8adccda0f	IDENTIFIED_NOT_FULLY_REVIEWED
/home/phuclam/.m2/repository/org/springframework/spring-context/7.0.9/spring-context-7.0.9.jar	META-INF/notice.txt	ca6b51825e9feea8bafd49d40f47b914659b783b4b70f40850ed662021320ddd	IDENTIFIED_NOT_FULLY_REVIEWED
/home/phuclam/.m2/repository/org/springframework/spring-aop/7.0.9/spring-aop-7.0.9.jar	META-INF/license.txt	e6b6198486da7dcad3d62c2f9043a8b5e472fe2991b4b144076262c8adccda0f	IDENTIFIED_NOT_FULLY_REVIEWED
/home/phuclam/.m2/repository/org/springframework/spring-aop/7.0.9/spring-aop-7.0.9.jar	META-INF/notice.txt	ca6b51825e9feea8bafd49d40f47b914659b783b4b70f40850ed662021320ddd	IDENTIFIED_NOT_FULLY_REVIEWED
/home/phuclam/.m2/repository/org/springframework/spring-beans/7.0.9/spring-beans-7.0.9.jar	META-INF/license.txt	e6b6198486da7dcad3d62c2f9043a8b5e472fe2991b4b144076262c8adccda0f	IDENTIFIED_NOT_FULLY_REVIEWED
/home/phuclam/.m2/repository/org/springframework/spring-beans/7.0.9/spring-beans-7.0.9.jar	META-INF/notice.txt	ca6b51825e9feea8bafd49d40f47b914659b783b4b70f40850ed662021320ddd	IDENTIFIED_NOT_FULLY_REVIEWED
/home/phuclam/.m2/repository/org/springframework/spring-expression/7.0.9/spring-expression-7.0.9.jar	META-INF/license.txt	e6b6198486da7dcad3d62c2f9043a8b5e472fe2991b4b144076262c8adccda0f	IDENTIFIED_NOT_FULLY_REVIEWED
/home/phuclam/.m2/repository/org/springframework/spring-expression/7.0.9/spring-expression-7.0.9.jar	META-INF/notice.txt	ca6b51825e9feea8bafd49d40f47b914659b783b4b70f40850ed662021320ddd	IDENTIFIED_NOT_FULLY_REVIEWED
/home/phuclam/.m2/repository/org/springframework/spring-web/7.0.9/spring-web-7.0.9.jar	META-INF/license.txt	e6b6198486da7dcad3d62c2f9043a8b5e472fe2991b4b144076262c8adccda0f	IDENTIFIED_NOT_FULLY_REVIEWED
/home/phuclam/.m2/repository/org/springframework/spring-web/7.0.9/spring-web-7.0.9.jar	META-INF/notice.txt	ca6b51825e9feea8bafd49d40f47b914659b783b4b70f40850ed662021320ddd	IDENTIFIED_NOT_FULLY_REVIEWED
/home/phuclam/.m2/repository/org/springframework/spring-webmvc/7.0.9/spring-webmvc-7.0.9.jar	META-INF/license.txt	e6b6198486da7dcad3d62c2f9043a8b5e472fe2991b4b144076262c8adccda0f	IDENTIFIED_NOT_FULLY_REVIEWED
/home/phuclam/.m2/repository/org/springframework/spring-webmvc/7.0.9/spring-webmvc-7.0.9.jar	META-INF/notice.txt	ca6b51825e9feea8bafd49d40f47b914659b783b4b70f40850ed662021320ddd	IDENTIFIED_NOT_FULLY_REVIEWED
/home/phuclam/.m2/repository/jakarta/annotation/jakarta.annotation-api/3.0.0/jakarta.annotation-api-3.0.0.jar	META-INF/LICENSE.md	6e1f002892b81cbe0647019b150c8a056efc1add565671a4f8af629b6cd2cc7b	IDENTIFIED_NOT_FULLY_REVIEWED
/home/phuclam/.m2/repository/jakarta/annotation/jakarta.annotation-api/3.0.0/jakarta.annotation-api-3.0.0.jar	META-INF/NOTICE.md	20bf986a153cc3095639379c99ef0a5a3bf99ac4895429920d380414a3eecf08	IDENTIFIED_NOT_FULLY_REVIEWED
/home/phuclam/.m2/repository/org/apache/tomcat/embed/tomcat-embed-core/11.0.24/tomcat-embed-core-11.0.24.jar	META-INF/LICENSE	8c39166d578175fb936229613e48de47d9e494b8c7c2fda6da717a1be29c8724	IDENTIFIED_NOT_FULLY_REVIEWED
/home/phuclam/.m2/repository/org/apache/tomcat/embed/tomcat-embed-core/11.0.24/tomcat-embed-core-11.0.24.jar	META-INF/NOTICE	234d3234bb332895157270092fa2a11e80aa0b3d70d59e13de0eed4c2adb1790	IDENTIFIED_NOT_FULLY_REVIEWED
/home/phuclam/.m2/repository/org/apache/tomcat/embed/tomcat-embed-el/11.0.24/tomcat-embed-el-11.0.24.jar	META-INF/LICENSE	cfc7749b96f63bd31c3c42b5c471bf756814053e847c10f3eb003417bc523d30	IDENTIFIED_NOT_FULLY_REVIEWED
/home/phuclam/.m2/repository/org/apache/tomcat/embed/tomcat-embed-el/11.0.24/tomcat-embed-el-11.0.24.jar	META-INF/NOTICE	0317acaa42a5e48bec061cf009cb5c8b4b8ff845f3c6ba548f67c5c22c29fc96	IDENTIFIED_NOT_FULLY_REVIEWED
/home/phuclam/.m2/repository/org/apache/tomcat/embed/tomcat-embed-websocket/11.0.24/tomcat-embed-websocket-11.0.24.jar	META-INF/LICENSE	cfc7749b96f63bd31c3c42b5c471bf756814053e847c10f3eb003417bc523d30	IDENTIFIED_NOT_FULLY_REVIEWED
/home/phuclam/.m2/repository/org/apache/tomcat/embed/tomcat-embed-websocket/11.0.24/tomcat-embed-websocket-11.0.24.jar	META-INF/NOTICE	0317acaa42a5e48bec061cf009cb5c8b4b8ff845f3c6ba548f67c5c22c29fc96	IDENTIFIED_NOT_FULLY_REVIEWED
/home/phuclam/.m2/repository/tools/jackson/core/jackson-core/3.1.5/jackson-core-3.1.5.jar	META-INF/FastDoubleParser-LICENSE	59067508e44346bf93dc9c5e4d673a67ecd77988c2020bb5e0f8667eb199f396	IDENTIFIED_NOT_FULLY_REVIEWED
/home/phuclam/.m2/repository/tools/jackson/core/jackson-core/3.1.5/jackson-core-3.1.5.jar	META-INF/FastDoubleParser-ThirdParty-LICENSE	dbc36f9422a40d58d1a214080583667cfd37d61c2fae1657d981edda2a60727f	IDENTIFIED_NOT_FULLY_REVIEWED
/home/phuclam/.m2/repository/tools/jackson/core/jackson-core/3.1.5/jackson-core-3.1.5.jar	META-INF/LICENSE	cfc7749b96f63bd31c3c42b5c471bf756814053e847c10f3eb003417bc523d30	IDENTIFIED_NOT_FULLY_REVIEWED
/home/phuclam/.m2/repository/tools/jackson/core/jackson-core/3.1.5/jackson-core-3.1.5.jar	META-INF/Schubfach-LICENSE	12d39a6615219d73202300715e365bec2b958f858d1e837c8f2dace57f905969	IDENTIFIED_NOT_FULLY_REVIEWED
/home/phuclam/.m2/repository/tools/jackson/core/jackson-core/3.1.5/jackson-core-3.1.5.jar	META-INF/NOTICE	a8eb9ab6d21e719ba217c6367621a7ab5baa3d38df896ef258a9754a6b97527d	IDENTIFIED_NOT_FULLY_REVIEWED
/home/phuclam/.m2/repository/tools/jackson/core/jackson-databind/3.1.5/jackson-databind-3.1.5.jar	META-INF/LICENSE	cfc7749b96f63bd31c3c42b5c471bf756814053e847c10f3eb003417bc523d30	IDENTIFIED_NOT_FULLY_REVIEWED
/home/phuclam/.m2/repository/tools/jackson/core/jackson-databind/3.1.5/jackson-databind-3.1.5.jar	META-INF/NOTICE	d3fa47349b4ba4a3763bf635b930f8877073aa3915a3f3e45fe4b1842fc60302	IDENTIFIED_NOT_FULLY_REVIEWED
/home/phuclam/.m2/repository/com/fasterxml/jackson/core/jackson-annotations/2.21/jackson-annotations-2.21.jar	META-INF/LICENSE	cfc7749b96f63bd31c3c42b5c471bf756814053e847c10f3eb003417bc523d30	IDENTIFIED_NOT_FULLY_REVIEWED
/home/phuclam/.m2/repository/com/fasterxml/jackson/core/jackson-annotations/2.21/jackson-annotations-2.21.jar	META-INF/NOTICE	612b14bc77c944ce229cbba0d14919162cfea8ed802cbf06a8e865e032d03201	IDENTIFIED_NOT_FULLY_REVIEWED
/home/phuclam/.m2/repository/io/micrometer/micrometer-observation/1.17.1/micrometer-observation-1.17.1.jar	META-INF/LICENSE	62fb8a3a9621dc2388174caaabe9c2317b694bb9a1d46c98bcf5655b68f51be3	IDENTIFIED_NOT_FULLY_REVIEWED
/home/phuclam/.m2/repository/io/micrometer/micrometer-observation/1.17.1/micrometer-observation-1.17.1.jar	META-INF/NOTICE	df207ca1a2ea3794caf112d7c1f024c87b4ddfe91d3f243977ad1d3cd085d538	IDENTIFIED_NOT_FULLY_REVIEWED
/home/phuclam/.m2/repository/io/micrometer/micrometer-commons/1.17.1/micrometer-commons-1.17.1.jar	META-INF/LICENSE	62fb8a3a9621dc2388174caaabe9c2317b694bb9a1d46c98bcf5655b68f51be3	IDENTIFIED_NOT_FULLY_REVIEWED
/home/phuclam/.m2/repository/io/micrometer/micrometer-commons/1.17.1/micrometer-commons-1.17.1.jar	META-INF/NOTICE	df207ca1a2ea3794caf112d7c1f024c87b4ddfe91d3f243977ad1d3cd085d538	IDENTIFIED_NOT_FULLY_REVIEWED
/home/phuclam/.m2/repository/commons-logging/commons-logging/1.3.6/commons-logging-1.3.6.jar	META-INF/LICENSE.txt	b1d2870f1a00e4d7f56576e5f0870cba109e041f8af66866cf5b499478e654e7	IDENTIFIED_NOT_FULLY_REVIEWED
/home/phuclam/.m2/repository/commons-logging/commons-logging/1.3.6/commons-logging-1.3.6.jar	META-INF/NOTICE.txt	d649e220dd0497197a266b7d7304a009d06bcefce3141fa6ff4f2ceddb438237	IDENTIFIED_NOT_FULLY_REVIEWED
/home/phuclam/.m2/repository/org/apache/logging/log4j/log4j-api/2.25.5/log4j-api-2.25.5.jar	META-INF/LICENSE	cfc7749b96f63bd31c3c42b5c471bf756814053e847c10f3eb003417bc523d30	IDENTIFIED_NOT_FULLY_REVIEWED
/home/phuclam/.m2/repository/org/apache/logging/log4j/log4j-api/2.25.5/log4j-api-2.25.5.jar	META-INF/NOTICE	0b23e26a6260c82e2608899128a81a0c82e81f15d708779d0639227f6a2f801f	IDENTIFIED_NOT_FULLY_REVIEWED
/home/phuclam/.m2/repository/org/apache/logging/log4j/log4j-core/2.25.5/log4j-core-2.25.5.jar	META-INF/LICENSE	e118ad8e5f2d3c71f0e7d6202d5829e7580ccd9e3609a546c692788e657afbe2	IDENTIFIED_NOT_FULLY_REVIEWED
/home/phuclam/.m2/repository/org/apache/logging/log4j/log4j-core/2.25.5/log4j-core-2.25.5.jar	META-INF/NOTICE	47481ebb980fb2d78204a80da2ccdb897c41aa34f43e0e5bcc06c1a32ea9ff48	IDENTIFIED_NOT_FULLY_REVIEWED
/home/phuclam/.m2/repository/org/apache/logging/log4j/log4j-jul/2.25.5/log4j-jul-2.25.5.jar	META-INF/LICENSE	cfc7749b96f63bd31c3c42b5c471bf756814053e847c10f3eb003417bc523d30	IDENTIFIED_NOT_FULLY_REVIEWED
/home/phuclam/.m2/repository/org/apache/logging/log4j/log4j-jul/2.25.5/log4j-jul-2.25.5.jar	META-INF/NOTICE	f756d9b8745c53e5e54e7b286d37e70bb566764601629d7e0a890019ea709b70	IDENTIFIED_NOT_FULLY_REVIEWED
/home/phuclam/.m2/repository/org/apache/logging/log4j/log4j-slf4j2-impl/2.25.5/log4j-slf4j2-impl-2.25.5.jar	META-INF/LICENSE	cfc7749b96f63bd31c3c42b5c471bf756814053e847c10f3eb003417bc523d30	IDENTIFIED_NOT_FULLY_REVIEWED
/home/phuclam/.m2/repository/org/apache/logging/log4j/log4j-slf4j2-impl/2.25.5/log4j-slf4j2-impl-2.25.5.jar	META-INF/NOTICE	60fbe17a0161f93412d3928a281961efffac017eaf0093f4d22109896ff07684	IDENTIFIED_NOT_FULLY_REVIEWED
/home/phuclam/.m2/repository/org/slf4j/slf4j-api/2.0.18/slf4j-api-2.0.18.jar	META-INF/LICENSE.txt	4e7f90c86ab51278228bce153122f1d8df30149d13ce9ef524c8444a84c32dcc	IDENTIFIED_NOT_FULLY_REVIEWED
