coordinate	jar_sha256	pom_sha256	disposition
org.apache.maven.plugins:maven-resources-plugin:3.5.0	2c923c63a197565a3e78f2b16d762d0f49bb83250dd2b1e6286704ea0f447060	9f2275ca2ba3a3ab38caf6c2bc21be787c7305ea5333d1c33f52a530afc0bc7f	NOT_ADMITTED
org.apache.maven.plugins:maven-compiler-plugin:3.15.0	6ea0ca0558ccf248c514aa94908d1f895a92e9b4e4604c1bb29f7a4ab1b833f0	2d2f7a7073c1def3b1473fbedad7dbfc559ed6fb0dc5a94edc347fd4905e7651	NOT_ADMITTED
org.apache.maven.plugins:maven-jar-plugin:3.5.1	c83db6059be3fec9a4a68a0e226caefaa944663008617c697e087444415181d5	32de38ee39a6985e777019a6364774c02781ee312f9f4e530bbdb45b875b1e38	NOT_ADMITTED
org.springframework.boot:spring-boot-maven-plugin:4.1.1	c8e1a3f44dab037f9ff23d31a1db00e937da5a56c96404d91e83fdc22c13bd56	cc0890a4a1aa27c128f8fb056d824ddac03bd7b480e292a42ab551965e2f12d8	NOT_ADMITTED
org.apache.maven.shared:maven-filtering:3.5.0	7adb0e46b5fff4fc03aab4baafbdee0b29e444cffe4478858c63082d497220bf	06b492b0244a82434470161f851b247271ec8fdaeea1c29de98abde066f80c64	NOT_ADMITTED
org.codehaus.plexus:plexus-build-api:1.2.0	570ae55a95e1887c3004882d30dc4e9035d2a46ba8d58b991de04175f141d88f	47c7b0e65718ca89df6fdf5cb3f24a49e076cacd9499236c7e18ad78e993cddb	NOT_ADMITTED
org.sonatype.plexus:plexus-build-api:0.0.7	934171640fbd3d2495c50b79b0d9adb11e2c83e65bad157df8fe34bcac0ff798	e067317a47ed9e84b2ba85a76d3cf72980e2b0dc873a90b9cbfe74fe80c37c17	NOT_ADMITTED
org.codehaus.plexus:plexus-interpolation:1.29	088d444dbcedfb384630d8686697ece3c401d6f33c8f8b3aa7259ea1c6996878	ce0d5634297bb1e065dddfdc8a2a5675717c08e8f4783edcf581543711516938	NOT_ADMITTED
org.codehaus.plexus:plexus-utils:3.6.0	27ef130e32c236090e408fb5498d94cb9ea26d14070fb1c8985d607b62d098d1	6138300481471c7fe6aeb115f912961f886e1a46ee9c2bd2841b65184824da28	NOT_ADMITTED
org.eclipse.sisu:org.eclipse.sisu.plexus:0.9.0.M4	b90579bc652eac7331436e0a25533fce14130b9c6e015f2dd3a3d4bb07e942b7	90b4be7a71c979d0c4dea20c20a28eb9e76a29df68ab9018cf011019a3e4f562	NOT_ADMITTED
org.codehaus.plexus:plexus-classworlds:2.9.0	MISSING_IN_REPOSITORY	MISSING_IN_REPOSITORY	NOT_ADMITTED
org.codehaus.plexus:plexus-component-annotations:2.2.0	MISSING_IN_REPOSITORY	MISSING_IN_REPOSITORY	NOT_ADMITTED
javax.inject:javax.inject:1	91c77044a50c481636c32d916fd89c9118a72195390452c81065080f957de7ff	943e12b100627804638fa285805a0ab788a680266531e650921ebfe4621a8bfa	NOT_ADMITTED
org.slf4j:slf4j-api:1.7.36	d3ef575e3e4979678dc01bf1dcce51021493b4d11fb7f1be8ad982877c16a1c0	fb046a9c229437928bb11c2d27c8b5d773eb8a25e60cbd253d985210dedc2684	NOT_ADMITTED
org.ow2.asm:asm:9.9.1	6f3828a215c920059a5efa2fb55c233d6c54ec5cadca99ce1b1bdd10077c7ddd	aca68dee9ba2f6cd90ffde728efdc7e3ebfcf59f3f41fbfe248d2d01d5b866af	NOT_ADMITTED
org.apache.maven.shared:maven-shared-utils:3.4.2	b613357e1bad4dfc1dead801691c9460f9585fe7c6b466bc25186212d7d18487	a941745d7faeb8dc9a75edc2c330c994b7440b9a44d21142716b6053967a41c1	NOT_ADMITTED
commons-io:commons-io:2.11.0	961b2f6d87dbacc5d54abf45ab7a6e2495f89b75598962d8c723cea9bc210908	2e016fd7e3244b5f2c20acad834d93aa4790486ee1e4564641361a3e831eef59	NOT_ADMITTED
org.apache.maven.shared:maven-shared-incremental:1.1	61988e54486a5dc38f06c70fdae5b108556c63bd433697b9f4305fcdb30fa40e	f21d19eb49b4a66cd85354a9ee7335439ea92a368173760a202766008cc19924	NOT_ADMITTED
org.codehaus.plexus:plexus-java:1.5.2	1e6a4298e145c1e23af430b04ac53d76dc11077e0f3d36ef9c027ce790d96505	9617b619010dbb95c237e35bff7ee1d336cbcfd9ff5c229a935a9e3587ff0c37	NOT_ADMITTED
com.thoughtworks.qdox:qdox:2.2.0	c260c3230b2340af97d54bf01f7f67ebc57c901922736c881bb11cb981302be2	c850fbad0b05eada85ca1bce22409a75f758aea0ca1e47a828c6a505ad361fab	NOT_ADMITTED
org.codehaus.plexus:plexus-compiler-api:2.16.2	db34d13c8d688063a946922f4de448c909ba43fec355ea15514495f33072b031	ae7ca19e5a3bafdf92a403edf8af5876c746024424059c719b1544de48384ff8	NOT_ADMITTED
org.codehaus.plexus:plexus-compiler-manager:2.16.2	99630ac196571a2754baa143a12723795b13020631902a6dff18dfb997e59b0e	ba8d233dd73fc97c10f84bf23ef8f632cd19ced0f85dc335be2bdcb8e28e7bd0	NOT_ADMITTED
org.codehaus.plexus:plexus-compiler-javac:2.16.2	e48141c146d6cb96619aafb07b2e10e1ac08f339e96ae4067ddd9c2d0f626672	b648754e6d99b381f7fc40328849c6f24d454263c03cf89c737d7c29831eb208	NOT_ADMITTED
org.codehaus.plexus:plexus-utils:4.0.2	8957274e75fe2c278b1428dd16a0daeee1dd38152cb6eff816177ac28fccb697	5151c13bdd7cc3a5569583a7f4267392f013ffd3115eab8db5f86de420a366af	NOT_ADMITTED
org.codehaus.plexus:plexus-utils:4.0.3	421ff6ed146c53a9d4eaade8f629b52b12af7187101f1bd06c2c64e904019f3c	35736658f3fe1efa395086c91df2592664fafa24c3f2608fdaba1136d17fd360	NOT_ADMITTED
org.apache.maven.shared:file-management:3.2.0	32ac469785dd1547ac71437e4c3916c4a56a3d69303cb08d789ecdd0bfd1d6de	04e3bdd6d1920d1cdba206bc35dd3c6e0646c5730969f8b5d5397e5f1c7b5edd	NOT_ADMITTED
org.apache.maven:maven-archiver:3.6.6	9037dee318a68d7ee5dd2e20f2e657a39597ed2622b52e325ab9becddfbc4d38	4232a2477bcaacca4cb1b67af032d8683fc6a61aebd96a61a901ebc7e7e391e1	NOT_ADMITTED
org.codehaus.plexus:plexus-xml:3.0.1	c1a510a87a62bd2d74ac1472dd31c3f9e9b0b8b8568f37d77c0f135415bebd05	3242ddc20873f71b381c333b22afb9cf3596d6a63b6683036a16bd51bc8721a4	NOT_ADMITTED
org.codehaus.plexus:plexus-archiver:4.12.0	b1e9798a6d711d1e7760d50c78be8be746bb546b87df0a2d7ef67db5eda5431e	4b3b26c438d0b41d5a0613787115ea4013adeae1478314535976b2b3a65fc2f8	NOT_ADMITTED
org.codehaus.plexus:plexus-io:3.6.0	fc0f3effea7514e4f214df1afb672f54c982e78e5ca3b32b34196c7d056a1aa4	653432ed213573b6b209deb7346dc2ed89f20e647dbdb6fc868051b334b31d27	NOT_ADMITTED
org.apache.commons:commons-compress:1.28.0	e1522945218456f3649a39bc4afd70ce4bd466221519dba7d378f2141a4642ca	033f4c78d632da88d0eb8ead974fc14a264392cebf12ab6c68d6cea7adf0c64a	NOT_ADMITTED
commons-codec:commons-codec:1.19.0	5c3881e4f556855e9c532927ee0c9dfde94cc66760d5805c031a59887070af5f	e0f3269fa23de0c83130c5659f5f9514cc5422c0bcdf45f2eae004a78b9fca34	NOT_ADMITTED
org.apache.commons:commons-lang3:3.18.0	4eeeae8d20c078abb64b015ec158add383ac581571cddc45c68f0c9ae0230720	aa254b373b6f6d46bc9dca86331b072a8ab86eb25ea9921fd439618392e98a16	NOT_ADMITTED
org.tukaani:xz:1.12	3e158a87bd73d8afb4b6e8239c013b7d049c48563f45860ce99cd2e448cf4a6b	937b44d869c059c39f07ae194d8cd6219f5aebf2200ef9707f0b50b7837da281	NOT_ADMITTED
com.github.luben:zstd-jni:1.5.7-9	087d02f39a46ab79b18f883ac7c3a3d6c2df1fd3bf7eaafeade699e0743d0dbe	4412e133520b8f9d01d3601080ce7fe146ee486f6a5a69ca9278d4a4ec69704d	NOT_ADMITTED
commons-io:commons-io:2.22.0	2b9a7b1f726fb86216dbd2c8321eabe0221dbd5b1be81c18e1cb53811b104758	6425cec0ea760035efa77277de85f89fa6dbed147ab3dd95b8d2cbc55340accf	NOT_ADMITTED
