coordinate	cached_path	jar_sha256	actual_roles	exact_terms	rights_basis	obligations	retained_legal_entry_hashes	historical_or_source_rights_disposition	prospective_process_scope
com.fasterxml.jackson.core:jackson-annotations:2.21	/home/phuclam/.m2/repository/com/fasterxml/jackson/core/jackson-annotations/2.21/jackson-annotations-2.21.jar	53ca085f4a150f703f49e1aabd935bd03b43e1ea3d55d135438292af22cef56b	server-compile	Apache-2.0	inventories/f05a-q02-rights-dispositions.tsv@f196be9;embedded	O1 (definitions retained in Q02; Engineering owner)	META-INF/LICENSE=cfc7749b96f63bd31c3c42b5c471bf756814053e847c10f3eb003417bc523d30;META-INF/NOTICE=612b14bc77c944ce229cbba0d14919162cfea8ed802cbf06a8e865e032d03201	APPROVED-WITH-OBLIGATIONS	T028_T030_ONLY_FINAL_FREEZE_PENDING
com.jayway.jsonpath:json-path:2.10.0	/home/phuclam/.m2/repository/com/jayway/jsonpath/json-path/2.10.0/json-path-2.10.0.jar	890daa95dd3892d34d9fabc27cd5153656e6f369358625c88f4dc7b79cbd6c5a	server-test	Apache-2.0	https://raw.githubusercontent.com/json-path/JsonPath/json-path-2.10.0/LICENSE;SHA256=d3346dad7c1ff0401bb877512bde9eebdc8aa573a0b8b1b18856357ae0a61ad7	retain all exact license/copyright/NOTICE/conditions/disclaimers; no endorsement; reciprocal/alternative source duties remain recorded, no legal election; no redistribution under this record	ATTRIBUTABLE_SOURCE_GRANT_REFERENCED_NO_EMBEDDED_ENTRY	APPROVED-WITH-OBLIGATIONS_INTERNAL_ONLY	T028_T030_ONLY_FINAL_FREEZE_PENDING
com.tngtech.archunit:archunit:1.4.2	/home/phuclam/.m2/repository/com/tngtech/archunit/archunit/1.4.2/archunit-1.4.2.jar	6d8adf69a3f109ebe1b395764feb07f919e9e0e2ab5e2ea141d2e6251ba7d17f	server-runtime	Apache-2.0 + contained ASM BSD-3-Clause/Guava Apache-2.0	2026-09-28-ph1-f01-dependency-intake.md;https://raw.githubusercontent.com/TNG/ArchUnit/v1.4.2/LICENSE;cached bundled legal entries	retain all exact license/copyright/NOTICE/conditions/disclaimers; no endorsement; reciprocal/alternative source duties remain recorded, no legal election; no redistribution under this record	com/tngtech/archunit/thirdparty/org/objectweb/asm/asm.license=ae8d5e9f7a5a3abe19b2a3548fb1aa6192602015eb258674a5548e1aa07cf197	APPROVED-WITH-OBLIGATIONS_INTERNAL_ONLY	T028_T030_ONLY_FINAL_FREEZE_PENDING
com.vaadin.external.google:android-json:0.0.20131108.vaadin1	/home/phuclam/.m2/repository/com/vaadin/external/google/android-json/0.0.20131108.vaadin1/android-json-0.0.20131108.vaadin1.jar	dfb7bae2f404cfe0b72b4d23944698cb716b7665171812a0a4d0f5926c0fac79	server-test	Apache-2.0; Android Open Source Project copyright	2026-10-05-f05a-t028-t030-graph-rights-gate.md#53-android-json-reference-only-successor--approved-method-executed	retain all exact license/copyright/NOTICE/conditions/disclaimers; no endorsement; reciprocal/alternative source duties remain recorded, no legal election; no redistribution under this record	ATTRIBUTABLE_SOURCE_GRANT_REFERENCED_NO_EMBEDDED_ENTRY	APPROVED-WITH-OBLIGATIONS_INTERNAL_ONLY	T028_T030_ONLY_FINAL_FREEZE_PENDING
com.zaxxer:HikariCP:7.0.2	/home/phuclam/.m2/repository/com/zaxxer/HikariCP/7.0.2/HikariCP-7.0.2.jar	f1e612fa27345be3107a85431e8a8aeb205c15364ab2f2d411e40a9d7bb08095	server-compile	Apache-2.0	https://raw.githubusercontent.com/brettwooldridge/HikariCP/HikariCP-7.0.2/LICENSE;SHA256=73ba74dfaa520b49a401b5d21459a8523a146f3b7518a833eea5efa85130bf68	retain all exact license/copyright/NOTICE/conditions/disclaimers; no endorsement; reciprocal/alternative source duties remain recorded, no legal election; no redistribution under this record	ATTRIBUTABLE_SOURCE_GRANT_REFERENCED_NO_EMBEDDED_ENTRY	APPROVED-WITH-OBLIGATIONS_INTERNAL_ONLY	T028_T030_ONLY_FINAL_FREEZE_PENDING
commons-logging:commons-logging:1.3.6	/home/phuclam/.m2/repository/commons-logging/commons-logging/1.3.6/commons-logging-1.3.6.jar	f8ead8943401081dea0aa824b5b1ba40a0e4ed297a572a0f02258150a0b62357	server-compile	Apache-2.0	inventories/f05a-q02-rights-dispositions.tsv@f196be9;embedded	O1 (definitions retained in Q02; Engineering owner)	META-INF/LICENSE.txt=b1d2870f1a00e4d7f56576e5f0870cba109e041f8af66866cf5b499478e654e7;META-INF/NOTICE.txt=d649e220dd0497197a266b7d7304a009d06bcefce3141fa6ff4f2ceddb438237	APPROVED-WITH-OBLIGATIONS	T028_T030_ONLY_FINAL_FREEZE_PENDING
io.micrometer:micrometer-commons:1.17.1	/home/phuclam/.m2/repository/io/micrometer/micrometer-commons/1.17.1/micrometer-commons-1.17.1.jar	f2cee6ef046e72eec8128474c7f58c6217173b45ae373c30de0289f2a56ab0fd	server-compile	Apache-2.0	inventories/f05a-q02-rights-dispositions.tsv@f196be9;embedded	O1,O2 (definitions retained in Q02; Engineering owner)	META-INF/LICENSE=62fb8a3a9621dc2388174caaabe9c2317b694bb9a1d46c98bcf5655b68f51be3;META-INF/NOTICE=df207ca1a2ea3794caf112d7c1f024c87b4ddfe91d3f243977ad1d3cd085d538	APPROVED-WITH-OBLIGATIONS	T028_T030_ONLY_FINAL_FREEZE_PENDING
io.micrometer:micrometer-observation:1.17.1	/home/phuclam/.m2/repository/io/micrometer/micrometer-observation/1.17.1/micrometer-observation-1.17.1.jar	eb34f0cd84a879393ae5c21160fc06385ccdc74f36a4d1e31b199f59acfdaf71	server-compile	Apache-2.0	inventories/f05a-q02-rights-dispositions.tsv@f196be9;embedded	O1,O2 (definitions retained in Q02; Engineering owner)	META-INF/LICENSE=62fb8a3a9621dc2388174caaabe9c2317b694bb9a1d46c98bcf5655b68f51be3;META-INF/NOTICE=df207ca1a2ea3794caf112d7c1f024c87b4ddfe91d3f243977ad1d3cd085d538	APPROVED-WITH-OBLIGATIONS	T028_T030_ONLY_FINAL_FREEZE_PENDING
jakarta.activation:jakarta.activation-api:2.1.4	/home/phuclam/.m2/repository/jakarta/activation/jakarta.activation-api/2.1.4/jakarta.activation-api-2.1.4.jar	c9db52100ce6c8aac95cc39075f95720d2e561b11f8051b81c121ad4effd7004	server-test	EDL-1.0/BSD-3-Clause LICENSE; NOTICE also EPL-2.0/EDL-1.0 and conditional GPL+Classpath alternatives	2026-10-05-f05a-t028-t030-graph-rights-gate.md#51-completed-tool-material-map-and-read-only-successor-witness;exact cached full LICENSE/NOTICE	retain all exact license/copyright/NOTICE/conditions/disclaimers; no endorsement; reciprocal/alternative source duties remain recorded, no legal election; no redistribution under this record	META-INF/LICENSE.md=87eba02f8a415f1a25de6ca3ac6b5c77eb33f33f00ae5a5f9d6ee963147f7956;META-INF/NOTICE.md=9d80664e28e61982d66ea3f65474597088d71b76b4259f139bb44a7a184c26f2	APPROVED-WITH-OBLIGATIONS_INTERNAL_ONLY	T028_T030_ONLY_FINAL_FREEZE_PENDING
jakarta.annotation:jakarta.annotation-api:3.0.0	/home/phuclam/.m2/repository/jakarta/annotation/jakarta.annotation-api/3.0.0/jakarta.annotation-api-3.0.0.jar	b01f55552284cfb149411e64eabca75e942d26d2e1786b32914250e4330afaa2	server-compile	EPL-2.0 OR GPL-2.0-with-Classpath-exception	inventories/f05a-q02-rights-dispositions.tsv@f196be9;embedded	L2 (definitions retained in Q02; Engineering owner)	META-INF/LICENSE.md=6e1f002892b81cbe0647019b150c8a056efc1add565671a4f8af629b6cd2cc7b;META-INF/NOTICE.md=20bf986a153cc3095639379c99ef0a5a3bf99ac4895429920d380414a3eecf08	BLOCKED-LEGAL	T028_T030_ONLY_FINAL_FREEZE_PENDING
jakarta.xml.bind:jakarta.xml.bind-api:4.0.5	/home/phuclam/.m2/repository/jakarta/xml/bind/jakarta.xml.bind-api/4.0.5/jakarta.xml.bind-api-4.0.5.jar	5e489b6c874c4119e003ff1403db523ee3a8959ec499f3de29e77245efccf216	server-test	EDL-1.0/BSD-3-Clause	2026-10-05-f05a-t028-t030-graph-rights-gate.md#51-completed-tool-material-map-and-read-only-successor-witness;exact cached full LICENSE/NOTICE	retain all exact license/copyright/NOTICE/conditions/disclaimers; no endorsement; reciprocal/alternative source duties remain recorded, no legal election; no redistribution under this record	META-INF/LICENSE.md=dcbbdbb512a272b5f1e01e82225a23eba92406ec28f7b36e490057478d8d1570;META-INF/NOTICE.md=b8dab89e51c7aa1d7f355c1bebcdef97a8d4b4e4deb9d7307b9257c58aa0d7a0	APPROVED-WITH-OBLIGATIONS_INTERNAL_ONLY	T028_T030_ONLY_FINAL_FREEZE_PENDING
net.bytebuddy:byte-buddy-agent:1.18.11	/home/phuclam/.m2/repository/net/bytebuddy/byte-buddy-agent/1.18.11/byte-buddy-agent-1.18.11.jar	780b3601c34150ab9fb822673c472f7229c1041e8e2a12facf6a5de9ba7a2d64	server-test	Apache-2.0 + contained ASM 9.10.1 BSD-3-Clause	2026-09-28-ph1-f01-dependency-intake.md;exact cached LICENSE/NOTICE	retain Apache and ASM copyrights/conditions/disclaimers; no endorsement	META-INF/LICENSE=bb28c48e3e078166e91cfc2b6db7ffebb8a0973b9e23b3df060561292d8d69ec;META-INF/NOTICE=cfb119f8db2decb24e756fddec0e089029eaa73a7be594b2dd9676433d95d6e5	APPROVED-WITH-OBLIGATIONS_INTERNAL_ONLY	T028_T030_ONLY_FINAL_FREEZE_PENDING
net.bytebuddy:byte-buddy:1.18.11	/home/phuclam/.m2/repository/net/bytebuddy/byte-buddy/1.18.11/byte-buddy-1.18.11.jar	e32f454c2c1f4aca982f9ec764ed892d9a6eee7e8a77f435cbdd180f6ffdb821	server-test	Apache-2.0 + contained ASM 9.10.1 BSD-3-Clause	2026-09-28-ph1-f01-dependency-intake.md;exact cached LICENSE/NOTICE	retain Apache and ASM copyrights/conditions/disclaimers; no endorsement	META-INF/licenses/ASM=337e92fd361effe495d03978a34a3cd44681a63b8329adfd99c8996b306b2a8c;META-INF/NOTICE=cfb119f8db2decb24e756fddec0e089029eaa73a7be594b2dd9676433d95d6e5;META-INF/LICENSE=9e422635aa93a87c67da762099d1978d000e83b6d708c159c7d5d37f31080ea0	APPROVED-WITH-OBLIGATIONS_INTERNAL_ONLY	T028_T030_ONLY_FINAL_FREEZE_PENDING
net.minidev:accessors-smart:2.6.0	/home/phuclam/.m2/repository/net/minidev/accessors-smart/2.6.0/accessors-smart-2.6.0.jar	222c9f547bb20a99fc486403a398352d1306fb671b38abd7ecab6401df170e61	server-test	Apache-2.0	https://raw.githubusercontent.com/netplex/json-smart-v2/v2.6.0/LICENSE;SHA256=c6596eb7be8581c18be736c846fb9173b69eccf6ef94c5135893ec56bd92ba08	retain copyright/license/NOTICE; patent/trademark conditions	ATTRIBUTABLE_SOURCE_GRANT_REFERENCED_NO_EMBEDDED_ENTRY	APPROVED-WITH-OBLIGATIONS_INTERNAL_ONLY	T028_T030_ONLY_FINAL_FREEZE_PENDING
net.minidev:json-smart:2.6.0	/home/phuclam/.m2/repository/net/minidev/json-smart/2.6.0/json-smart-2.6.0.jar	1ae4b561458afb540be8ec5c6dbb4f2e715a319a7ae64854998aaf924770d61b	server-test	Apache-2.0	https://raw.githubusercontent.com/netplex/json-smart-v2/v2.6.0/LICENSE;SHA256=c6596eb7be8581c18be736c846fb9173b69eccf6ef94c5135893ec56bd92ba08	retain copyright/license/NOTICE; patent/trademark conditions	ATTRIBUTABLE_SOURCE_GRANT_REFERENCED_NO_EMBEDDED_ENTRY	APPROVED-WITH-OBLIGATIONS_INTERNAL_ONLY	T028_T030_ONLY_FINAL_FREEZE_PENDING
org.apache.logging.log4j:log4j-api:2.25.5	/home/phuclam/.m2/repository/org/apache/logging/log4j/log4j-api/2.25.5/log4j-api-2.25.5.jar	64777f73ea0b3104c04eb82befbdccc30a425a19e83ad06cb2f93aa303511863	server-compile	Apache-2.0	inventories/f05a-q02-rights-dispositions.tsv@f196be9;embedded	O1 (definitions retained in Q02; Engineering owner)	META-INF/LICENSE=cfc7749b96f63bd31c3c42b5c471bf756814053e847c10f3eb003417bc523d30;META-INF/NOTICE=0b23e26a6260c82e2608899128a81a0c82e81f15d708779d0639227f6a2f801f	APPROVED-WITH-OBLIGATIONS	T028_T030_ONLY_FINAL_FREEZE_PENDING
org.apache.logging.log4j:log4j-core:2.25.5	/home/phuclam/.m2/repository/org/apache/logging/log4j/log4j-core/2.25.5/log4j-core-2.25.5.jar	050c4f85deb48b055e9c041ac39043fbb79ce477841a11a1eb2969c86c6a0072	server-compile	Apache-2.0	inventories/f05a-q02-rights-dispositions.tsv@f196be9;embedded	O1 (definitions retained in Q02; Engineering owner)	META-INF/LICENSE=e118ad8e5f2d3c71f0e7d6202d5829e7580ccd9e3609a546c692788e657afbe2;META-INF/NOTICE=47481ebb980fb2d78204a80da2ccdb897c41aa34f43e0e5bcc06c1a32ea9ff48	APPROVED-WITH-OBLIGATIONS	T028_T030_ONLY_FINAL_FREEZE_PENDING
org.apache.logging.log4j:log4j-jul:2.25.5	/home/phuclam/.m2/repository/org/apache/logging/log4j/log4j-jul/2.25.5/log4j-jul-2.25.5.jar	23c0b34c3c31811bea7716a33137d1e9e8e228f9f8c240b69f30cdca9afe9a7a	server-compile	Apache-2.0	inventories/f05a-q02-rights-dispositions.tsv@f196be9;embedded	O1 (definitions retained in Q02; Engineering owner)	META-INF/LICENSE=cfc7749b96f63bd31c3c42b5c471bf756814053e847c10f3eb003417bc523d30;META-INF/NOTICE=f756d9b8745c53e5e54e7b286d37e70bb566764601629d7e0a890019ea709b70	APPROVED-WITH-OBLIGATIONS	T028_T030_ONLY_FINAL_FREEZE_PENDING
org.apache.logging.log4j:log4j-slf4j2-impl:2.25.5	/home/phuclam/.m2/repository/org/apache/logging/log4j/log4j-slf4j2-impl/2.25.5/log4j-slf4j2-impl-2.25.5.jar	8cab16dd6fc4c8f14c1c473022cb217512f2bbb2d59a70f8ec90a268d64d8831	server-compile	Apache-2.0	inventories/f05a-q02-rights-dispositions.tsv@f196be9;embedded	O1 (definitions retained in Q02; Engineering owner)	META-INF/LICENSE=cfc7749b96f63bd31c3c42b5c471bf756814053e847c10f3eb003417bc523d30;META-INF/NOTICE=60fbe17a0161f93412d3928a281961efffac017eaf0093f4d22109896ff07684	APPROVED-WITH-OBLIGATIONS	T028_T030_ONLY_FINAL_FREEZE_PENDING
org.apache.tomcat.embed:tomcat-embed-core:11.0.24	/home/phuclam/.m2/repository/org/apache/tomcat/embed/tomcat-embed-core/11.0.24/tomcat-embed-core-11.0.24.jar	e7b966dcaac8c5ffa4f10e44031ebf5b71f2123560c08ac8b7120028615aea08	server-compile	Apache-2.0 + CDDL-1.0/EPL-2.0 bundled schemas	inventories/f05a-q02-rights-dispositions.tsv@f196be9;embedded	L2 (definitions retained in Q02; Engineering owner)	META-INF/LICENSE=8c39166d578175fb936229613e48de47d9e494b8c7c2fda6da717a1be29c8724;META-INF/NOTICE=234d3234bb332895157270092fa2a11e80aa0b3d70d59e13de0eed4c2adb1790	BLOCKED-LEGAL	T028_T030_ONLY_FINAL_FREEZE_PENDING
org.apache.tomcat.embed:tomcat-embed-el:11.0.24	/home/phuclam/.m2/repository/org/apache/tomcat/embed/tomcat-embed-el/11.0.24/tomcat-embed-el-11.0.24.jar	ad0546f12dace008aacce18ba13222137760b310ca719e173d3e13021b9af6c6	server-compile	Apache-2.0	inventories/f05a-q02-rights-dispositions.tsv@f196be9;embedded	O1 (definitions retained in Q02; Engineering owner)	META-INF/LICENSE=cfc7749b96f63bd31c3c42b5c471bf756814053e847c10f3eb003417bc523d30;META-INF/NOTICE=0317acaa42a5e48bec061cf009cb5c8b4b8ff845f3c6ba548f67c5c22c29fc96	APPROVED-WITH-OBLIGATIONS	T028_T030_ONLY_FINAL_FREEZE_PENDING
org.apache.tomcat.embed:tomcat-embed-websocket:11.0.24	/home/phuclam/.m2/repository/org/apache/tomcat/embed/tomcat-embed-websocket/11.0.24/tomcat-embed-websocket-11.0.24.jar	825160101f0da4a10e19b5730c2ae2f99f8c2c7a7211ac05562726c5e97ab91e	server-compile	Apache-2.0	inventories/f05a-q02-rights-dispositions.tsv@f196be9;embedded	O1 (definitions retained in Q02; Engineering owner)	META-INF/LICENSE=cfc7749b96f63bd31c3c42b5c471bf756814053e847c10f3eb003417bc523d30;META-INF/NOTICE=0317acaa42a5e48bec061cf009cb5c8b4b8ff845f3c6ba548f67c5c22c29fc96	APPROVED-WITH-OBLIGATIONS	T028_T030_ONLY_FINAL_FREEZE_PENDING
org.apiguardian:apiguardian-api:1.1.2	/home/phuclam/.m2/repository/org/apiguardian/apiguardian-api/1.1.2/apiguardian-api-1.1.2.jar	b509448ac506d607319f182537f0b35d71007582ec741832a1f111e5b5b70b38	server-test;provider-acquisition;provider-alignment	Apache-2.0	exact cached LICENSE	retain all exact license/copyright/NOTICE/conditions/disclaimers; no endorsement; reciprocal/alternative source duties remain recorded, no legal election; no redistribution under this record	META-INF/LICENSE=b40930bbcf80744c86c46a12bc9da056641d722716c378f5659b9e555ef833e1	APPROVED-WITH-OBLIGATIONS_INTERNAL_ONLY	T028_T030_ONLY_FINAL_FREEZE_PENDING
org.assertj:assertj-core:3.27.7	/home/phuclam/.m2/repository/org/assertj/assertj-core/3.27.7/assertj-core-3.27.7.jar	c4a445426c3c2861666863b842cc4ec7bbb1c4226fefd370b6d2fe83d6c4ff0f	server-test	Apache-2.0	https://raw.githubusercontent.com/assertj/assertj/assertj-build-3.27.7/LICENSE.txt;SHA256=c71d239df91726fc519c6eb72d318ec65820627232b2f796219e87dcf35d0ab4	retain all exact license/copyright/NOTICE/conditions/disclaimers; no endorsement; reciprocal/alternative source duties remain recorded, no legal election; no redistribution under this record	ATTRIBUTABLE_SOURCE_GRANT_REFERENCED_NO_EMBEDDED_ENTRY	APPROVED-WITH-OBLIGATIONS_INTERNAL_ONLY	T028_T030_ONLY_FINAL_FREEZE_PENDING
org.awaitility:awaitility:4.3.0	/home/phuclam/.m2/repository/org/awaitility/awaitility/4.3.0/awaitility-4.3.0.jar	ee58568ea5945dcf988551501655183dc184e23e45a8e013fdfd9036194e6f7b	server-test	Apache-2.0	https://raw.githubusercontent.com/awaitility/awaitility/awaitility-4.3.0/LICENSE;SHA256=2f93871f860125b71fa4b4c9f4bef950743ab45956430cbf214b6d85e8888de0	retain all exact license/copyright/NOTICE/conditions/disclaimers; no endorsement; reciprocal/alternative source duties remain recorded, no legal election; no redistribution under this record	ATTRIBUTABLE_SOURCE_GRANT_REFERENCED_NO_EMBEDDED_ENTRY	APPROVED-WITH-OBLIGATIONS_INTERNAL_ONLY	T028_T030_ONLY_FINAL_FREEZE_PENDING
org.checkerframework:checker-qual:3.55.1	/home/phuclam/.m2/repository/org/checkerframework/checker-qual/3.55.1/checker-qual-3.55.1.jar	857658c8bdcbff794949a8d9922f88d63ee3751c203c7cd7d21ea97f9e745288	server-runtime	MIT	2026-10-05-f05a-t028-t030-graph-rights-gate.md#51-completed-tool-material-map-and-read-only-successor-witness;exact cached LICENSE	retain all exact license/copyright/NOTICE/conditions/disclaimers; no endorsement; reciprocal/alternative source duties remain recorded, no legal election; no redistribution under this record	META-INF/LICENSE.txt=e90eaa08dea089df10f2bf7f9dba63a5f6237c01562c4741e2e86773e78582d5	APPROVED-WITH-OBLIGATIONS_INTERNAL_ONLY	T028_T030_ONLY_FINAL_FREEZE_PENDING
org.flywaydb:flyway-core:12.4.0	/home/phuclam/.m2/repository/org/flywaydb/flyway-core/12.4.0/flyway-core-12.4.0.jar	c3f93df1f3e0c9d14652adb5ade97401f2ede503859ac693c2af5c06e2797799	server-compile	Apache-2.0	2026-09-29-ph1-f02-dependency-intake.md;exact flyway-12.4.0 LICENSE.md/LICENSE.txt	retain license/copyright/notices; patent/trademark conditions	META-INF/LICENSE.txt=6707b7b3ba3220ab64a81a5ab869ffecc3a6a023e9488ea08b897471b069c078	APPROVED-WITH-OBLIGATIONS_INTERNAL_ONLY	T028_T030_ONLY_FINAL_FREEZE_PENDING
org.flywaydb:flyway-database-postgresql:12.4.0	/home/phuclam/.m2/repository/org/flywaydb/flyway-database-postgresql/12.4.0/flyway-database-postgresql-12.4.0.jar	abc075a5c3cbf37dc64b28fec7e2398fb14f31109f7ab6271854738797407b85	server-compile	Apache-2.0	2026-09-29-ph1-f02-dependency-intake.md;exact flyway-12.4.0 LICENSE.md/LICENSE.txt	retain license/copyright/notices; patent/trademark conditions	ATTRIBUTABLE_SOURCE_GRANT_REFERENCED_NO_EMBEDDED_ENTRY	APPROVED-WITH-OBLIGATIONS_INTERNAL_ONLY	T028_T030_ONLY_FINAL_FREEZE_PENDING
org.hamcrest:hamcrest:3.0	/home/phuclam/.m2/repository/org/hamcrest/hamcrest/3.0/hamcrest-3.0.jar	5d66b6a4a680755cb6ed7cb104fa7835ef644667586ff0737adeb977c39ecdbc	server-test	BSD-3-Clause	2026-10-05-f05a-t028-t030-graph-rights-gate.md#51-completed-tool-material-map-and-read-only-successor-witness;exact cached LICENSE	retain all exact license/copyright/NOTICE/conditions/disclaimers; no endorsement; reciprocal/alternative source duties remain recorded, no legal election; no redistribution under this record	META-INF/LICENSE=1710cf0fc79043bb1ea1e6b3af96a3e8def96c4239794a17b0b95966e75929b8	APPROVED-WITH-OBLIGATIONS_INTERNAL_ONLY	T028_T030_ONLY_FINAL_FREEZE_PENDING
org.jmolecules:jmolecules-events:2.0.1	/home/phuclam/.m2/repository/org/jmolecules/jmolecules-events/2.0.1/jmolecules-events-2.0.1.jar	2dd20f02039c825de38c381d76a0f5cc912b9ab85f9fb6dabf7b10c1c3c9e983	server-compile	Apache-2.0	https://raw.githubusercontent.com/xmolecules/jmolecules/2.0.1/LICENSE;SHA256=c71d239df91726fc519c6eb72d318ec65820627232b2f796219e87dcf35d0ab4	retain copyright/license/NOTICE; patent/trademark conditions	ATTRIBUTABLE_SOURCE_GRANT_REFERENCED_NO_EMBEDDED_ENTRY	APPROVED-WITH-OBLIGATIONS_INTERNAL_ONLY	T028_T030_ONLY_FINAL_FREEZE_PENDING
org.jmolecules:jstereotype:2.0.1	/home/phuclam/.m2/repository/org/jmolecules/jstereotype/2.0.1/jstereotype-2.0.1.jar	8ee2277ede551ba969c381b2f90fb697a0fad610d1d1d2e432947c9bdcf19e7e	server-compile	Apache-2.0	https://raw.githubusercontent.com/xmolecules/jmolecules/2.0.1/LICENSE;SHA256=c71d239df91726fc519c6eb72d318ec65820627232b2f796219e87dcf35d0ab4	retain copyright/license/NOTICE; patent/trademark conditions	ATTRIBUTABLE_SOURCE_GRANT_REFERENCED_NO_EMBEDDED_ENTRY	APPROVED-WITH-OBLIGATIONS_INTERNAL_ONLY	T028_T030_ONLY_FINAL_FREEZE_PENDING
org.jspecify:jspecify:1.0.1	/home/phuclam/.m2/repository/org/jspecify/jspecify/1.0.1/jspecify-1.0.1.jar	070d75f261fe4c5b8202508366715f7f2d4660f88c8ef7e6d3575e48c9683b66	server-compile	Apache-2.0	inventories/f05a-q02-rights-dispositions.tsv@f196be9;upstream-rights Q02-R05-R07	O1,O2 (definitions retained in Q02; Engineering owner)	ATTRIBUTABLE_SOURCE_GRANT_REFERENCED_NO_EMBEDDED_ENTRY	APPROVED-WITH-OBLIGATIONS	T028_T030_ONLY_FINAL_FREEZE_PENDING
org.junit.jupiter:junit-jupiter-api:6.0.3	/home/phuclam/.m2/repository/org/junit/jupiter/junit-jupiter-api/6.0.3/junit-jupiter-api-6.0.3.jar	d655d7e6f0c7ae07f10a2f3bbaaebb6d30e9b26204a068ad9e9b3950aa28792c	server-test	EPL-2.0; params bundled FastCSV notice retained where present	2026-09-28-ph1-f01-dependency-intake.md;exact r6.0.3 grant and cached legal entries	retain EPL/NOTICE including FastCSV; source/modification/distribution duties before any redistribution; no license election	META-INF/LICENSE-notice.md=c7340d7b84e87498bf1e3ce8e2763b8cf1d8153def1648800b796f7b24ec0020;META-INF/LICENSE.md=5aa4cd44c111add178d1c2e2fe36d58a484012c80167df925f826cd64d411bf0	APPROVED-WITH-OBLIGATIONS_INTERNAL_ONLY	T028_T030_ONLY_FINAL_FREEZE_PENDING
org.junit.jupiter:junit-jupiter-engine:6.0.3	/home/phuclam/.m2/repository/org/junit/jupiter/junit-jupiter-engine/6.0.3/junit-jupiter-engine-6.0.3.jar	1e2fab61ad27ea08fc7c70dd9677cf8c6d1ae5434d42dcfdd633b12c7e7c04d0	server-test	EPL-2.0; params bundled FastCSV notice retained where present	2026-09-28-ph1-f01-dependency-intake.md;exact r6.0.3 grant and cached legal entries	retain EPL/NOTICE including FastCSV; source/modification/distribution duties before any redistribution; no license election	META-INF/LICENSE-notice.md=c7340d7b84e87498bf1e3ce8e2763b8cf1d8153def1648800b796f7b24ec0020;META-INF/LICENSE.md=5aa4cd44c111add178d1c2e2fe36d58a484012c80167df925f826cd64d411bf0	APPROVED-WITH-OBLIGATIONS_INTERNAL_ONLY	T028_T030_ONLY_FINAL_FREEZE_PENDING
org.junit.jupiter:junit-jupiter-params:6.0.3	/home/phuclam/.m2/repository/org/junit/jupiter/junit-jupiter-params/6.0.3/junit-jupiter-params-6.0.3.jar	cf2947e2302b9f8c8a059259a277881c1cadae8fbc2514c16a925cfeb7beb2e5	server-test	EPL-2.0; params bundled FastCSV notice retained where present	2026-09-28-ph1-f01-dependency-intake.md;exact r6.0.3 grant and cached legal entries	retain EPL/NOTICE including FastCSV; source/modification/distribution duties before any redistribution; no license election	META-INF/LICENSE-fastcsv=44a3c34ab8724a755072803e5941fb87a967eb451147df335afcb5d1a44ba758;META-INF/LICENSE-notice.md=c7340d7b84e87498bf1e3ce8e2763b8cf1d8153def1648800b796f7b24ec0020;META-INF/LICENSE.md=5aa4cd44c111add178d1c2e2fe36d58a484012c80167df925f826cd64d411bf0	APPROVED-WITH-OBLIGATIONS_INTERNAL_ONLY	T028_T030_ONLY_FINAL_FREEZE_PENDING
org.junit.jupiter:junit-jupiter:6.0.3	/home/phuclam/.m2/repository/org/junit/jupiter/junit-jupiter/6.0.3/junit-jupiter-6.0.3.jar	784b65815f479a0c99a9d3a573b142e2a525efb6025d97f751b19e72f90aeda3	server-test	EPL-2.0; params bundled FastCSV notice retained where present	2026-09-28-ph1-f01-dependency-intake.md;exact r6.0.3 grant and cached legal entries	retain EPL/NOTICE including FastCSV; source/modification/distribution duties before any redistribution; no license election	META-INF/LICENSE-notice.md=c7340d7b84e87498bf1e3ce8e2763b8cf1d8153def1648800b796f7b24ec0020;META-INF/LICENSE.md=5aa4cd44c111add178d1c2e2fe36d58a484012c80167df925f826cd64d411bf0	APPROVED-WITH-OBLIGATIONS_INTERNAL_ONLY	T028_T030_ONLY_FINAL_FREEZE_PENDING
org.junit.platform:junit-platform-commons:6.0.3	/home/phuclam/.m2/repository/org/junit/platform/junit-platform-commons/6.0.3/junit-platform-commons-6.0.3.jar	39f262d09c3d52719fe0b77f080e90a3695e285d779a41b232e17963ae5da200	server-test;provider-alignment	EPL-2.0; params bundled FastCSV notice retained where present	2026-09-28-ph1-f01-dependency-intake.md;exact r6.0.3 grant and cached legal entries	retain EPL/NOTICE including FastCSV; source/modification/distribution duties before any redistribution; no license election	META-INF/LICENSE-notice.md=c7340d7b84e87498bf1e3ce8e2763b8cf1d8153def1648800b796f7b24ec0020;META-INF/LICENSE.md=5aa4cd44c111add178d1c2e2fe36d58a484012c80167df925f826cd64d411bf0	APPROVED-WITH-OBLIGATIONS_INTERNAL_ONLY	T028_T030_ONLY_FINAL_FREEZE_PENDING
org.junit.platform:junit-platform-engine:6.0.3	/home/phuclam/.m2/repository/org/junit/platform/junit-platform-engine/6.0.3/junit-platform-engine-6.0.3.jar	491e9e4f745f161b8a8e4186a1a7c6a450ea12c70930c9aedae427215301d947	server-test;provider-alignment	EPL-2.0; params bundled FastCSV notice retained where present	2026-09-28-ph1-f01-dependency-intake.md;exact r6.0.3 grant and cached legal entries	retain EPL/NOTICE including FastCSV; source/modification/distribution duties before any redistribution; no license election	META-INF/LICENSE-notice.md=c7340d7b84e87498bf1e3ce8e2763b8cf1d8153def1648800b796f7b24ec0020;META-INF/LICENSE.md=5aa4cd44c111add178d1c2e2fe36d58a484012c80167df925f826cd64d411bf0	APPROVED-WITH-OBLIGATIONS_INTERNAL_ONLY	T028_T030_ONLY_FINAL_FREEZE_PENDING
org.mockito:mockito-core:5.23.0	/home/phuclam/.m2/repository/org/mockito/mockito-core/5.23.0/mockito-core-5.23.0.jar	ae295bebd5d11fab97ab297815dc7617188b86003cbce3dfd5c0d5c3a6cc4a0c	server-test	MIT	2026-10-05-f05a-t028-t030-graph-rights-gate.md#51-completed-tool-material-map-and-read-only-successor-witness;exact cached LICENSE	retain copyright/permission/disclaimer	LICENSE=fc37ea05c14706d13ec54d477a5c8c456aec1a5393779c683404b0151d04d7d7	APPROVED-WITH-OBLIGATIONS_INTERNAL_ONLY	T028_T030_ONLY_FINAL_FREEZE_PENDING
org.mockito:mockito-junit-jupiter:5.23.0	/home/phuclam/.m2/repository/org/mockito/mockito-junit-jupiter/5.23.0/mockito-junit-jupiter-5.23.0.jar	65938526fdc311bb3a1c0015eb1c8a0be81515aa998f22b9f4e92f1b668e4f63	server-test	MIT	2026-10-05-f05a-t028-t030-graph-rights-gate.md#51-completed-tool-material-map-and-read-only-successor-witness;exact cached LICENSE	retain copyright/permission/disclaimer	LICENSE=fc37ea05c14706d13ec54d477a5c8c456aec1a5393779c683404b0151d04d7d7	APPROVED-WITH-OBLIGATIONS_INTERNAL_ONLY	T028_T030_ONLY_FINAL_FREEZE_PENDING
org.objenesis:objenesis:3.3	/home/phuclam/.m2/repository/org/objenesis/objenesis/3.3/objenesis-3.3.jar	02dfd0b0439a5591e35b708ed2f5474eb0948f53abf74637e959b8e4ef69bfeb	server-test	Apache-2.0	exact cached LICENSE;2026-09-28-ph1-f01-dependency-intake.md	retain all exact license/copyright/NOTICE/conditions/disclaimers; no endorsement; reciprocal/alternative source duties remain recorded, no legal election; no redistribution under this record	META-INF/LICENSE=cfc7749b96f63bd31c3c42b5c471bf756814053e847c10f3eb003417bc523d30;META-INF/NOTICE=f566b3e321dba2709b90b7d041c0dc4493c9df6f5a6832b488be1c37124d2190	APPROVED-WITH-OBLIGATIONS_INTERNAL_ONLY	T028_T030_ONLY_FINAL_FREEZE_PENDING
org.opentest4j:opentest4j:1.3.0	/home/phuclam/.m2/repository/org/opentest4j/opentest4j/1.3.0/opentest4j-1.3.0.jar	48e2df636cab6563ced64dcdff8abb2355627cb236ef0bf37598682ddf742f1b	server-test;provider-acquisition;provider-alignment	Apache-2.0	exact cached LICENSE	retain all exact license/copyright/NOTICE/conditions/disclaimers; no endorsement; reciprocal/alternative source duties remain recorded, no legal election; no redistribution under this record	META-INF/COPYRIGHT=44f85b9787bc9bd2ac6e265fddabd969c60e281750226d52e83a9253656c001c;META-INF/LICENSE=c6596eb7be8581c18be736c846fb9173b69eccf6ef94c5135893ec56bd92ba08	APPROVED-WITH-OBLIGATIONS_INTERNAL_ONLY	T028_T030_ONLY_FINAL_FREEZE_PENDING
org.ow2.asm:asm:9.7.1	/home/phuclam/.m2/repository/org/ow2/asm/asm/9.7.1/asm-9.7.1.jar	8cadd43ac5eb6d09de05faecca38b917a040bb9139c7edeb4cc81c740b713281	server-test	BSD-3-Clause	2026-10-05-f05a-t028-t030-graph-rights-gate.md#54-asm-owner-grant-reference;https://asm.ow2.io/license.html;publisher exact release ASM_9_7_1	retain all exact license/copyright/NOTICE/conditions/disclaimers; no endorsement; reciprocal/alternative source duties remain recorded, no legal election; no redistribution under this record	ATTRIBUTABLE_SOURCE_GRANT_REFERENCED_NO_EMBEDDED_ENTRY	APPROVED-WITH-OBLIGATIONS_INTERNAL_ONLY	T028_T030_ONLY_FINAL_FREEZE_PENDING
org.postgresql:postgresql:42.7.13	/home/phuclam/.m2/repository/org/postgresql/postgresql/42.7.13/postgresql-42.7.13.jar	6e0e4cc2d8cae902084f8a2b18728b073a6fd9d1f87c9d8bff8f298c18185b93	server-runtime	BSD-2-Clause; contained SCRAM 3.2/Stringprep 2.2 four OnGres grants also BSD-2-Clause	2026-09-29-ph1-f02-dependency-intake.md;2026-10-05-f05a-t028-t030-graph-rights-gate.md#51-completed-tool-material-map-and-read-only-successor-witness;exact cached five legal grants	retain all exact license/copyright/NOTICE/conditions/disclaimers; no endorsement; reciprocal/alternative source duties remain recorded, no legal election; no redistribution under this record	META-INF/LICENSE=08bb580d3cb8f9a4a05f008466a294fdb019e0e177d03a035d46f1eb94077de5;META-INF/licenses/com.ongres.scram/scram-client-3.2/META-INF/LICENSE=7c89807167a03a92d2fbfc936aff4f87d8ce31434637381c89e38282c8c99198;META-INF/licenses/com.ongres.scram/scram-common-3.2/META-INF/LICENSE=7c89807167a03a92d2fbfc936aff4f87d8ce31434637381c89e38282c8c99198;META-INF/licenses/com.ongres.stringprep/saslprep-2.2/META-INF/LICENSE=5c49fc155ebccd206277e0d1f424aadbf365f0a9ccfb54d400d728a375d523f9;META-INF/licenses/com.ongres.stringprep/stringprep-2.2/META-INF/LICENSE=5c49fc155ebccd206277e0d1f424aadbf365f0a9ccfb54d400d728a375d523f9	APPROVED-WITH-OBLIGATIONS_INTERNAL_ONLY	T028_T030_ONLY_FINAL_FREEZE_PENDING
org.skyscreamer:jsonassert:1.5.3	/home/phuclam/.m2/repository/org/skyscreamer/jsonassert/1.5.3/jsonassert-1.5.3.jar	719095c07d4203961320da593441d8b3b643c18eb1d81aa98ea933bb7eb351ba	server-test	Apache-2.0	https://raw.githubusercontent.com/skyscreamer/JSONassert/jsonassert-1.5.3/LICENSE.txt;SHA256=8c6db340475136df3c1201d458fa5755698eace76e510471ecc9d857d6083dac	retain all exact license/copyright/NOTICE/conditions/disclaimers; no endorsement; reciprocal/alternative source duties remain recorded, no legal election; no redistribution under this record	ATTRIBUTABLE_SOURCE_GRANT_REFERENCED_NO_EMBEDDED_ENTRY	APPROVED-WITH-OBLIGATIONS_INTERNAL_ONLY	T028_T030_ONLY_FINAL_FREEZE_PENDING
org.slf4j:slf4j-api:2.0.18	/home/phuclam/.m2/repository/org/slf4j/slf4j-api/2.0.18/slf4j-api-2.0.18.jar	44508fd1576500688c790b190acdd16fec4f8c79a3e0b900afd70503cf055f55	server-compile	MIT	inventories/f05a-q02-rights-dispositions.tsv@f196be9;embedded	O3 (definitions retained in Q02; Engineering owner)	META-INF/LICENSE.txt=4e7f90c86ab51278228bce153122f1d8df30149d13ce9ef524c8444a84c32dcc	APPROVED-WITH-OBLIGATIONS	T028_T030_ONLY_FINAL_FREEZE_PENDING
org.springframework.boot:spring-boot-autoconfigure:4.1.1	/home/phuclam/.m2/repository/org/springframework/boot/spring-boot-autoconfigure/4.1.1/spring-boot-autoconfigure-4.1.1.jar	59228756ddd76cea050f95d86deff334789bc53b6688beaa673b1af2b9794592	server-compile	Apache-2.0	inventories/f05a-q02-rights-dispositions.tsv@f196be9;embedded	O1 (definitions retained in Q02; Engineering owner)	META-INF/LICENSE.txt=7200000367e0e8b47822d563a5ddd2dd3a97cc05b32bd7dbcc7b4eeb92b76628;META-INF/NOTICE.txt=64e8c092d64ccaecac2d81d324c84a4dff29fdc2cb777f3b1abd910ac2e8555d	APPROVED-WITH-OBLIGATIONS	T028_T030_ONLY_FINAL_FREEZE_PENDING
org.springframework.boot:spring-boot-flyway:4.1.1	/home/phuclam/.m2/repository/org/springframework/boot/spring-boot-flyway/4.1.1/spring-boot-flyway-4.1.1.jar	61db32d08f2b1b04cf006e916575da22ecee0a2e0bb0604aca26c04f7bd4aa0e	server-compile	Apache-2.0	2026-09-28-ph1-f01-dependency-intake.md;2026-09-29-ph1-f02-dependency-intake.md;embedded exact Boot 4.1.1 grant	retain Apache license/NOTICE; patent/trademark conditions	META-INF/LICENSE.txt=7200000367e0e8b47822d563a5ddd2dd3a97cc05b32bd7dbcc7b4eeb92b76628;META-INF/NOTICE.txt=64e8c092d64ccaecac2d81d324c84a4dff29fdc2cb777f3b1abd910ac2e8555d	APPROVED-WITH-OBLIGATIONS_INTERNAL_ONLY	T028_T030_ONLY_FINAL_FREEZE_PENDING
org.springframework.boot:spring-boot-http-converter:4.1.1	/home/phuclam/.m2/repository/org/springframework/boot/spring-boot-http-converter/4.1.1/spring-boot-http-converter-4.1.1.jar	52a167430a918c223b2ccd2eb62aff91a8e43e6daebe5a07caa37b9a04c61cb9	server-compile	Apache-2.0	inventories/f05a-q02-rights-dispositions.tsv@f196be9;embedded	O1 (definitions retained in Q02; Engineering owner)	META-INF/LICENSE.txt=7200000367e0e8b47822d563a5ddd2dd3a97cc05b32bd7dbcc7b4eeb92b76628;META-INF/NOTICE.txt=64e8c092d64ccaecac2d81d324c84a4dff29fdc2cb777f3b1abd910ac2e8555d	APPROVED-WITH-OBLIGATIONS	T028_T030_ONLY_FINAL_FREEZE_PENDING
org.springframework.boot:spring-boot-jackson:4.1.1	/home/phuclam/.m2/repository/org/springframework/boot/spring-boot-jackson/4.1.1/spring-boot-jackson-4.1.1.jar	69a9b4d8850a0532a5e44ff7306a03621485b26596e7f9481de7d28e68a2dd42	server-compile	Apache-2.0	inventories/f05a-q02-rights-dispositions.tsv@f196be9;embedded	O1 (definitions retained in Q02; Engineering owner)	META-INF/LICENSE.txt=7200000367e0e8b47822d563a5ddd2dd3a97cc05b32bd7dbcc7b4eeb92b76628;META-INF/NOTICE.txt=64e8c092d64ccaecac2d81d324c84a4dff29fdc2cb777f3b1abd910ac2e8555d	APPROVED-WITH-OBLIGATIONS	T028_T030_ONLY_FINAL_FREEZE_PENDING
org.springframework.boot:spring-boot-jdbc:4.1.1	/home/phuclam/.m2/repository/org/springframework/boot/spring-boot-jdbc/4.1.1/spring-boot-jdbc-4.1.1.jar	30de56a06ccedb40245fd3a69a5107c7b3c0500447bb982a54a3b5da2859ae2c	server-compile	Apache-2.0	2026-09-28-ph1-f01-dependency-intake.md;2026-09-29-ph1-f02-dependency-intake.md;embedded exact Boot 4.1.1 grant	retain Apache license/NOTICE; patent/trademark conditions	META-INF/LICENSE.txt=7200000367e0e8b47822d563a5ddd2dd3a97cc05b32bd7dbcc7b4eeb92b76628;META-INF/NOTICE.txt=64e8c092d64ccaecac2d81d324c84a4dff29fdc2cb777f3b1abd910ac2e8555d	APPROVED-WITH-OBLIGATIONS_INTERNAL_ONLY	T028_T030_ONLY_FINAL_FREEZE_PENDING
org.springframework.boot:spring-boot-persistence:4.1.1	/home/phuclam/.m2/repository/org/springframework/boot/spring-boot-persistence/4.1.1/spring-boot-persistence-4.1.1.jar	0f78d2556ac3ed75f9eaf3134a1fba94ad1ec3414b52aa279c1f690217e71e3c	server-compile	Apache-2.0	2026-09-28-ph1-f01-dependency-intake.md;2026-09-29-ph1-f02-dependency-intake.md;embedded exact Boot 4.1.1 grant	retain Apache license/NOTICE; patent/trademark conditions	META-INF/LICENSE.txt=7200000367e0e8b47822d563a5ddd2dd3a97cc05b32bd7dbcc7b4eeb92b76628;META-INF/NOTICE.txt=64e8c092d64ccaecac2d81d324c84a4dff29fdc2cb777f3b1abd910ac2e8555d	APPROVED-WITH-OBLIGATIONS_INTERNAL_ONLY	T028_T030_ONLY_FINAL_FREEZE_PENDING
org.springframework.boot:spring-boot-security:4.1.1	/home/phuclam/.m2/repository/org/springframework/boot/spring-boot-security/4.1.1/spring-boot-security-4.1.1.jar	c940697be9bc67820d5011b86d58105836b7cae7c8fb5d4e61d635b51b392cbe	server-compile	Apache-2.0	2026-09-28-ph1-f01-dependency-intake.md;2026-09-29-ph1-f02-dependency-intake.md;embedded exact Boot 4.1.1 grant	retain Apache license/NOTICE; patent/trademark conditions	META-INF/LICENSE.txt=7200000367e0e8b47822d563a5ddd2dd3a97cc05b32bd7dbcc7b4eeb92b76628;META-INF/NOTICE.txt=64e8c092d64ccaecac2d81d324c84a4dff29fdc2cb777f3b1abd910ac2e8555d	APPROVED-WITH-OBLIGATIONS_INTERNAL_ONLY	T028_T030_ONLY_FINAL_FREEZE_PENDING
org.springframework.boot:spring-boot-servlet:4.1.1	/home/phuclam/.m2/repository/org/springframework/boot/spring-boot-servlet/4.1.1/spring-boot-servlet-4.1.1.jar	4dcb156e311a4c1ad5f1ed7eabd94a78ea74510b05c429a4fcfdcf8beb9d5882	server-compile	Apache-2.0	inventories/f05a-q02-rights-dispositions.tsv@f196be9;embedded	O1 (definitions retained in Q02; Engineering owner)	META-INF/LICENSE.txt=7200000367e0e8b47822d563a5ddd2dd3a97cc05b32bd7dbcc7b4eeb92b76628;META-INF/NOTICE.txt=64e8c092d64ccaecac2d81d324c84a4dff29fdc2cb777f3b1abd910ac2e8555d	APPROVED-WITH-OBLIGATIONS	T028_T030_ONLY_FINAL_FREEZE_PENDING
org.springframework.boot:spring-boot-sql:4.1.1	/home/phuclam/.m2/repository/org/springframework/boot/spring-boot-sql/4.1.1/spring-boot-sql-4.1.1.jar	fa4f6ddded1bb3bbc496897686336d8433e34f1f22daa886872be2aa184def23	server-compile	Apache-2.0	2026-09-28-ph1-f01-dependency-intake.md;2026-09-29-ph1-f02-dependency-intake.md;embedded exact Boot 4.1.1 grant	retain Apache license/NOTICE; patent/trademark conditions	META-INF/LICENSE.txt=7200000367e0e8b47822d563a5ddd2dd3a97cc05b32bd7dbcc7b4eeb92b76628;META-INF/NOTICE.txt=64e8c092d64ccaecac2d81d324c84a4dff29fdc2cb777f3b1abd910ac2e8555d	APPROVED-WITH-OBLIGATIONS_INTERNAL_ONLY	T028_T030_ONLY_FINAL_FREEZE_PENDING
org.springframework.boot:spring-boot-starter-flyway:4.1.1	/home/phuclam/.m2/repository/org/springframework/boot/spring-boot-starter-flyway/4.1.1/spring-boot-starter-flyway-4.1.1.jar	d9a454f49cc844b1c2940f645f659c506322d02444912422a19ba619de60e6c7	server-compile	Apache-2.0	2026-09-28-ph1-f01-dependency-intake.md;2026-09-29-ph1-f02-dependency-intake.md;embedded exact Boot 4.1.1 grant	retain Apache license/NOTICE; patent/trademark conditions	META-INF/LICENSE.txt=7200000367e0e8b47822d563a5ddd2dd3a97cc05b32bd7dbcc7b4eeb92b76628;META-INF/NOTICE.txt=64e8c092d64ccaecac2d81d324c84a4dff29fdc2cb777f3b1abd910ac2e8555d	APPROVED-WITH-OBLIGATIONS_INTERNAL_ONLY	T028_T030_ONLY_FINAL_FREEZE_PENDING
org.springframework.boot:spring-boot-starter-jackson:4.1.1	/home/phuclam/.m2/repository/org/springframework/boot/spring-boot-starter-jackson/4.1.1/spring-boot-starter-jackson-4.1.1.jar	d30e594a3e0f3a090438fc22000a87ab577a3b80c674180a10544ca331207f24	server-compile	Apache-2.0	inventories/f05a-q02-rights-dispositions.tsv@f196be9;embedded	O1 (definitions retained in Q02; Engineering owner)	META-INF/LICENSE.txt=7200000367e0e8b47822d563a5ddd2dd3a97cc05b32bd7dbcc7b4eeb92b76628;META-INF/NOTICE.txt=64e8c092d64ccaecac2d81d324c84a4dff29fdc2cb777f3b1abd910ac2e8555d	APPROVED-WITH-OBLIGATIONS	T028_T030_ONLY_FINAL_FREEZE_PENDING
org.springframework.boot:spring-boot-starter-jdbc:4.1.1	/home/phuclam/.m2/repository/org/springframework/boot/spring-boot-starter-jdbc/4.1.1/spring-boot-starter-jdbc-4.1.1.jar	c51b28a3793168bff837eea90b1ae641efc3a28d6cdb980dd2b0b230914e93ee	server-compile	Apache-2.0	2026-09-28-ph1-f01-dependency-intake.md;2026-09-29-ph1-f02-dependency-intake.md;embedded exact Boot 4.1.1 grant	retain Apache license/NOTICE; patent/trademark conditions	META-INF/LICENSE.txt=7200000367e0e8b47822d563a5ddd2dd3a97cc05b32bd7dbcc7b4eeb92b76628;META-INF/NOTICE.txt=64e8c092d64ccaecac2d81d324c84a4dff29fdc2cb777f3b1abd910ac2e8555d	APPROVED-WITH-OBLIGATIONS_INTERNAL_ONLY	T028_T030_ONLY_FINAL_FREEZE_PENDING
org.springframework.boot:spring-boot-starter-log4j2:4.1.1	/home/phuclam/.m2/repository/org/springframework/boot/spring-boot-starter-log4j2/4.1.1/spring-boot-starter-log4j2-4.1.1.jar	cd4c58788a6c92f7f06a46fc888b0ed1e4eba1ff55bf901db6eeda2359e0693d	server-compile	Apache-2.0	inventories/f05a-q02-rights-dispositions.tsv@f196be9;embedded	O1 (definitions retained in Q02; Engineering owner)	META-INF/LICENSE.txt=7200000367e0e8b47822d563a5ddd2dd3a97cc05b32bd7dbcc7b4eeb92b76628;META-INF/NOTICE.txt=64e8c092d64ccaecac2d81d324c84a4dff29fdc2cb777f3b1abd910ac2e8555d	APPROVED-WITH-OBLIGATIONS	T028_T030_ONLY_FINAL_FREEZE_PENDING
org.springframework.boot:spring-boot-starter-security:4.1.1	/home/phuclam/.m2/repository/org/springframework/boot/spring-boot-starter-security/4.1.1/spring-boot-starter-security-4.1.1.jar	38628875b75cbed6ba4642f3b0a4baf4735bd4f82b49450e4ae5a5e4d1b7b4a9	server-compile	Apache-2.0	2026-09-28-ph1-f01-dependency-intake.md;2026-09-29-ph1-f02-dependency-intake.md;embedded exact Boot 4.1.1 grant	retain Apache license/NOTICE; patent/trademark conditions	META-INF/LICENSE.txt=7200000367e0e8b47822d563a5ddd2dd3a97cc05b32bd7dbcc7b4eeb92b76628;META-INF/NOTICE.txt=64e8c092d64ccaecac2d81d324c84a4dff29fdc2cb777f3b1abd910ac2e8555d	APPROVED-WITH-OBLIGATIONS_INTERNAL_ONLY	T028_T030_ONLY_FINAL_FREEZE_PENDING
org.springframework.boot:spring-boot-starter-test:4.1.1	/home/phuclam/.m2/repository/org/springframework/boot/spring-boot-starter-test/4.1.1/spring-boot-starter-test-4.1.1.jar	37baecb7fdf6bd5ffc1f88320b04ea166da0e0af0b22b35bca17d48bbc7a5d1e	server-test	Apache-2.0	2026-09-28-ph1-f01-dependency-intake.md;2026-09-29-ph1-f02-dependency-intake.md;embedded exact Boot 4.1.1 grant	retain Apache license/NOTICE; patent/trademark conditions	META-INF/LICENSE.txt=7200000367e0e8b47822d563a5ddd2dd3a97cc05b32bd7dbcc7b4eeb92b76628;META-INF/NOTICE.txt=64e8c092d64ccaecac2d81d324c84a4dff29fdc2cb777f3b1abd910ac2e8555d	APPROVED-WITH-OBLIGATIONS_INTERNAL_ONLY	T028_T030_ONLY_FINAL_FREEZE_PENDING
org.springframework.boot:spring-boot-starter-tomcat-runtime:4.1.1	/home/phuclam/.m2/repository/org/springframework/boot/spring-boot-starter-tomcat-runtime/4.1.1/spring-boot-starter-tomcat-runtime-4.1.1.jar	580f0d9a9d02a1a6e387640e422af42f9dbdf302836d562ec595fdb2b31a1c29	server-compile	Apache-2.0	inventories/f05a-q02-rights-dispositions.tsv@f196be9;embedded	O1 (definitions retained in Q02; Engineering owner)	META-INF/LICENSE.txt=7200000367e0e8b47822d563a5ddd2dd3a97cc05b32bd7dbcc7b4eeb92b76628;META-INF/NOTICE.txt=64e8c092d64ccaecac2d81d324c84a4dff29fdc2cb777f3b1abd910ac2e8555d	APPROVED-WITH-OBLIGATIONS	T028_T030_ONLY_FINAL_FREEZE_PENDING
org.springframework.boot:spring-boot-starter-tomcat:4.1.1	/home/phuclam/.m2/repository/org/springframework/boot/spring-boot-starter-tomcat/4.1.1/spring-boot-starter-tomcat-4.1.1.jar	f224d8504be3b413825ee85ef549a7b1598ee8512e062c6bd5ddce1043cd388a	server-compile	Apache-2.0	inventories/f05a-q02-rights-dispositions.tsv@f196be9;embedded	O1 (definitions retained in Q02; Engineering owner)	META-INF/LICENSE.txt=7200000367e0e8b47822d563a5ddd2dd3a97cc05b32bd7dbcc7b4eeb92b76628;META-INF/NOTICE.txt=64e8c092d64ccaecac2d81d324c84a4dff29fdc2cb777f3b1abd910ac2e8555d	APPROVED-WITH-OBLIGATIONS	T028_T030_ONLY_FINAL_FREEZE_PENDING
org.springframework.boot:spring-boot-starter-webmvc:4.1.1	/home/phuclam/.m2/repository/org/springframework/boot/spring-boot-starter-webmvc/4.1.1/spring-boot-starter-webmvc-4.1.1.jar	4aec3edbdf6317fefe23db1b989d8bba143a45a51c1fc32346146ecebf67d625	server-compile	Apache-2.0	inventories/f05a-q02-rights-dispositions.tsv@f196be9;embedded	O1 (definitions retained in Q02; Engineering owner)	META-INF/LICENSE.txt=7200000367e0e8b47822d563a5ddd2dd3a97cc05b32bd7dbcc7b4eeb92b76628;META-INF/NOTICE.txt=64e8c092d64ccaecac2d81d324c84a4dff29fdc2cb777f3b1abd910ac2e8555d	APPROVED-WITH-OBLIGATIONS	T028_T030_ONLY_FINAL_FREEZE_PENDING
org.springframework.boot:spring-boot-starter:4.1.1	/home/phuclam/.m2/repository/org/springframework/boot/spring-boot-starter/4.1.1/spring-boot-starter-4.1.1.jar	de5b2dd28400eda20914fd4a6054d0c201e68d2e4de35a25a4d89f054ccc2e63	server-compile	Apache-2.0	inventories/f05a-q02-rights-dispositions.tsv@f196be9;embedded	O1 (definitions retained in Q02; Engineering owner)	META-INF/LICENSE.txt=7200000367e0e8b47822d563a5ddd2dd3a97cc05b32bd7dbcc7b4eeb92b76628;META-INF/NOTICE.txt=64e8c092d64ccaecac2d81d324c84a4dff29fdc2cb777f3b1abd910ac2e8555d	APPROVED-WITH-OBLIGATIONS	T028_T030_ONLY_FINAL_FREEZE_PENDING
org.springframework.boot:spring-boot-test-autoconfigure:4.1.1	/home/phuclam/.m2/repository/org/springframework/boot/spring-boot-test-autoconfigure/4.1.1/spring-boot-test-autoconfigure-4.1.1.jar	fcae103bb2ca65226f225b846b210ba19fbfc42bdec1bf7009d3083baeb819b8	server-test	Apache-2.0	2026-09-28-ph1-f01-dependency-intake.md;2026-09-29-ph1-f02-dependency-intake.md;embedded exact Boot 4.1.1 grant	retain Apache license/NOTICE; patent/trademark conditions	META-INF/LICENSE.txt=7200000367e0e8b47822d563a5ddd2dd3a97cc05b32bd7dbcc7b4eeb92b76628;META-INF/NOTICE.txt=64e8c092d64ccaecac2d81d324c84a4dff29fdc2cb777f3b1abd910ac2e8555d	APPROVED-WITH-OBLIGATIONS_INTERNAL_ONLY	T028_T030_ONLY_FINAL_FREEZE_PENDING
org.springframework.boot:spring-boot-test:4.1.1	/home/phuclam/.m2/repository/org/springframework/boot/spring-boot-test/4.1.1/spring-boot-test-4.1.1.jar	c16efcceaf7c0f7fff6c2cbac5ba1e7e47ee68bacc6a446f8adfe07ffe4ea579	server-test	Apache-2.0	2026-09-28-ph1-f01-dependency-intake.md;2026-09-29-ph1-f02-dependency-intake.md;embedded exact Boot 4.1.1 grant	retain Apache license/NOTICE; patent/trademark conditions	META-INF/LICENSE.txt=7200000367e0e8b47822d563a5ddd2dd3a97cc05b32bd7dbcc7b4eeb92b76628;META-INF/NOTICE.txt=64e8c092d64ccaecac2d81d324c84a4dff29fdc2cb777f3b1abd910ac2e8555d	APPROVED-WITH-OBLIGATIONS_INTERNAL_ONLY	T028_T030_ONLY_FINAL_FREEZE_PENDING
org.springframework.boot:spring-boot-tomcat:4.1.1	/home/phuclam/.m2/repository/org/springframework/boot/spring-boot-tomcat/4.1.1/spring-boot-tomcat-4.1.1.jar	17f65629e4eb3c979c0572b69b57d630bb12e64869e9d7520adddaa6734256b6	server-compile	Apache-2.0	inventories/f05a-q02-rights-dispositions.tsv@f196be9;embedded	O1 (definitions retained in Q02; Engineering owner)	META-INF/LICENSE.txt=7200000367e0e8b47822d563a5ddd2dd3a97cc05b32bd7dbcc7b4eeb92b76628;META-INF/NOTICE.txt=64e8c092d64ccaecac2d81d324c84a4dff29fdc2cb777f3b1abd910ac2e8555d	APPROVED-WITH-OBLIGATIONS	T028_T030_ONLY_FINAL_FREEZE_PENDING
org.springframework.boot:spring-boot-transaction:4.1.1	/home/phuclam/.m2/repository/org/springframework/boot/spring-boot-transaction/4.1.1/spring-boot-transaction-4.1.1.jar	e7f2fad4fe65bf6aaf1b1a538a68a1cf69988adb558f4a0fc0992a8be4fddf64	server-compile	Apache-2.0	2026-09-28-ph1-f01-dependency-intake.md;2026-09-29-ph1-f02-dependency-intake.md;embedded exact Boot 4.1.1 grant	retain Apache license/NOTICE; patent/trademark conditions	META-INF/LICENSE.txt=7200000367e0e8b47822d563a5ddd2dd3a97cc05b32bd7dbcc7b4eeb92b76628;META-INF/NOTICE.txt=64e8c092d64ccaecac2d81d324c84a4dff29fdc2cb777f3b1abd910ac2e8555d	APPROVED-WITH-OBLIGATIONS_INTERNAL_ONLY	T028_T030_ONLY_FINAL_FREEZE_PENDING
org.springframework.boot:spring-boot-web-server:4.1.1	/home/phuclam/.m2/repository/org/springframework/boot/spring-boot-web-server/4.1.1/spring-boot-web-server-4.1.1.jar	6912fb1fdf7f657a61ac050760fa835fb1e7496399291697e2901f82887a4fee	server-compile	Apache-2.0	inventories/f05a-q02-rights-dispositions.tsv@f196be9;embedded	O1 (definitions retained in Q02; Engineering owner)	META-INF/LICENSE.txt=7200000367e0e8b47822d563a5ddd2dd3a97cc05b32bd7dbcc7b4eeb92b76628;META-INF/NOTICE.txt=64e8c092d64ccaecac2d81d324c84a4dff29fdc2cb777f3b1abd910ac2e8555d	APPROVED-WITH-OBLIGATIONS	T028_T030_ONLY_FINAL_FREEZE_PENDING
org.springframework.boot:spring-boot-webmvc:4.1.1	/home/phuclam/.m2/repository/org/springframework/boot/spring-boot-webmvc/4.1.1/spring-boot-webmvc-4.1.1.jar	9f08c1fb938c45a8693fec5f3065be3aca203948a7ab4d56b06444986f75a6b2	server-compile	Apache-2.0	inventories/f05a-q02-rights-dispositions.tsv@f196be9;embedded	O1 (definitions retained in Q02; Engineering owner)	META-INF/LICENSE.txt=7200000367e0e8b47822d563a5ddd2dd3a97cc05b32bd7dbcc7b4eeb92b76628;META-INF/NOTICE.txt=64e8c092d64ccaecac2d81d324c84a4dff29fdc2cb777f3b1abd910ac2e8555d	APPROVED-WITH-OBLIGATIONS	T028_T030_ONLY_FINAL_FREEZE_PENDING
org.springframework.boot:spring-boot:4.1.1	/home/phuclam/.m2/repository/org/springframework/boot/spring-boot/4.1.1/spring-boot-4.1.1.jar	0d92b532b1d4020640e72d78c31af175c23db8e0ddd45b81855b7fdf4c9c70f0	server-compile	Apache-2.0	inventories/f05a-q02-rights-dispositions.tsv@f196be9;embedded	O1 (definitions retained in Q02; Engineering owner)	META-INF/LICENSE.txt=7200000367e0e8b47822d563a5ddd2dd3a97cc05b32bd7dbcc7b4eeb92b76628;META-INF/NOTICE.txt=64e8c092d64ccaecac2d81d324c84a4dff29fdc2cb777f3b1abd910ac2e8555d	APPROVED-WITH-OBLIGATIONS	T028_T030_ONLY_FINAL_FREEZE_PENDING
org.springframework.modulith:spring-modulith-api:2.1.1	/home/phuclam/.m2/repository/org/springframework/modulith/spring-modulith-api/2.1.1/spring-modulith-api-2.1.1.jar	b8d083929e9f2078287619a81e01c9efc7bea5830fe03341608d283faffb37b2	server-compile	Apache-2.0	2026-09-28-ph1-f01-dependency-intake.md;embedded exact Modulith 2.1.1 legal files	retain Apache license/NOTICE; patent/trademark conditions	META-INF/NOTICE=616bd6dd5bd9aa9c7d2d501ec8b5a3341b01b5ba3b3fc4d905e7edd6cfc287f5;META-INF/LICENSE=cfc7749b96f63bd31c3c42b5c471bf756814053e847c10f3eb003417bc523d30	APPROVED-WITH-OBLIGATIONS_INTERNAL_ONLY	T028_T030_ONLY_FINAL_FREEZE_PENDING
org.springframework.modulith:spring-modulith-apt:2.1.1	/home/phuclam/.m2/repository/org/springframework/modulith/spring-modulith-apt/2.1.1/spring-modulith-apt-2.1.1.jar	4aa6d1ef0d932c99a648bb73665e4c89f17938574f1102e9bf27709199b9f5e2	server-compile	Apache-2.0	2026-09-28-ph1-f01-dependency-intake.md;embedded exact Modulith 2.1.1 legal files	retain Apache license/NOTICE; patent/trademark conditions	META-INF/NOTICE=616bd6dd5bd9aa9c7d2d501ec8b5a3341b01b5ba3b3fc4d905e7edd6cfc287f5;META-INF/LICENSE=cfc7749b96f63bd31c3c42b5c471bf756814053e847c10f3eb003417bc523d30	APPROVED-WITH-OBLIGATIONS_INTERNAL_ONLY	T028_T030_ONLY_FINAL_FREEZE_PENDING
org.springframework.modulith:spring-modulith-core:2.1.1	/home/phuclam/.m2/repository/org/springframework/modulith/spring-modulith-core/2.1.1/spring-modulith-core-2.1.1.jar	235b6d0a3cc43c2b5ece010df0e34a69bc0662982d4de9cc741185c73bff6c4a	server-runtime	Apache-2.0	2026-09-28-ph1-f01-dependency-intake.md;embedded exact Modulith 2.1.1 legal files	retain Apache license/NOTICE; patent/trademark conditions	META-INF/NOTICE=616bd6dd5bd9aa9c7d2d501ec8b5a3341b01b5ba3b3fc4d905e7edd6cfc287f5;META-INF/LICENSE=cfc7749b96f63bd31c3c42b5c471bf756814053e847c10f3eb003417bc523d30	APPROVED-WITH-OBLIGATIONS_INTERNAL_ONLY	T028_T030_ONLY_FINAL_FREEZE_PENDING
org.springframework.modulith:spring-modulith-moments:2.1.1	/home/phuclam/.m2/repository/org/springframework/modulith/spring-modulith-moments/2.1.1/spring-modulith-moments-2.1.1.jar	ba89cc2edefc997ddab319aa0839709ab3647108296f53e00fcb1d13e91fef42	server-compile	Apache-2.0	2026-09-28-ph1-f01-dependency-intake.md;embedded exact Modulith 2.1.1 legal files	retain Apache license/NOTICE; patent/trademark conditions	META-INF/NOTICE=616bd6dd5bd9aa9c7d2d501ec8b5a3341b01b5ba3b3fc4d905e7edd6cfc287f5;META-INF/LICENSE=cfc7749b96f63bd31c3c42b5c471bf756814053e847c10f3eb003417bc523d30	APPROVED-WITH-OBLIGATIONS_INTERNAL_ONLY	T028_T030_ONLY_FINAL_FREEZE_PENDING
org.springframework.modulith:spring-modulith-starter-core:2.1.1	/home/phuclam/.m2/repository/org/springframework/modulith/spring-modulith-starter-core/2.1.1/spring-modulith-starter-core-2.1.1.jar	9e22b7dc3b3e5959a081d8ce8d16c453267db86826c138e4f0cc32539b0297de	server-compile	Apache-2.0	2026-09-28-ph1-f01-dependency-intake.md;embedded exact Modulith 2.1.1 legal files	retain Apache license/NOTICE; patent/trademark conditions	META-INF/NOTICE=616bd6dd5bd9aa9c7d2d501ec8b5a3341b01b5ba3b3fc4d905e7edd6cfc287f5;META-INF/LICENSE=cfc7749b96f63bd31c3c42b5c471bf756814053e847c10f3eb003417bc523d30	APPROVED-WITH-OBLIGATIONS_INTERNAL_ONLY	T028_T030_ONLY_FINAL_FREEZE_PENDING
org.springframework.security:spring-security-config:7.1.1	/home/phuclam/.m2/repository/org/springframework/security/spring-security-config/7.1.1/spring-security-config-7.1.1.jar	1f947c853f14cab76563464ee22e72f6672f3913db52647d2f5d1df5f2b1e5a5	server-compile	Apache-2.0; crypto additionally ISC-style BCrypt grant	2026-09-30-ph1-f03a-security-crypto-intake.md;2026-09-30-ph1-f03b-http-security-intake.md;embedded exact 7.1.1 legal files	retain Spring NOTICE; exact BCrypt permission/copyright/disclaimer where contained; no endorsement	META-INF/LICENSE.txt=7200000367e0e8b47822d563a5ddd2dd3a97cc05b32bd7dbcc7b4eeb92b76628	APPROVED-WITH-OBLIGATIONS_INTERNAL_ONLY	T028_T030_ONLY_FINAL_FREEZE_PENDING
org.springframework.security:spring-security-core:7.1.1	/home/phuclam/.m2/repository/org/springframework/security/spring-security-core/7.1.1/spring-security-core-7.1.1.jar	98a5011baa78df36fb184e6ce0e8e086ca9a64fcdd8f161c0a96475a3a0907bd	server-compile	Apache-2.0; crypto additionally ISC-style BCrypt grant	2026-09-30-ph1-f03a-security-crypto-intake.md;2026-09-30-ph1-f03b-http-security-intake.md;embedded exact 7.1.1 legal files	retain Spring NOTICE; exact BCrypt permission/copyright/disclaimer where contained; no endorsement	META-INF/LICENSE.txt=7200000367e0e8b47822d563a5ddd2dd3a97cc05b32bd7dbcc7b4eeb92b76628	APPROVED-WITH-OBLIGATIONS_INTERNAL_ONLY	T028_T030_ONLY_FINAL_FREEZE_PENDING
org.springframework.security:spring-security-crypto:7.1.1	/home/phuclam/.m2/repository/org/springframework/security/spring-security-crypto/7.1.1/spring-security-crypto-7.1.1.jar	6e8bb2337faccabd30626f917ed1d2bfa9dde982229b6b373b644d1a01635403	server-compile	Apache-2.0; crypto additionally ISC-style BCrypt grant	2026-09-30-ph1-f03a-security-crypto-intake.md;2026-09-30-ph1-f03b-http-security-intake.md;embedded exact 7.1.1 legal files	retain Spring NOTICE; exact BCrypt permission/copyright/disclaimer where contained; no endorsement	META-INF/LICENSE.txt=7200000367e0e8b47822d563a5ddd2dd3a97cc05b32bd7dbcc7b4eeb92b76628	APPROVED-WITH-OBLIGATIONS_INTERNAL_ONLY	T028_T030_ONLY_FINAL_FREEZE_PENDING
org.springframework.security:spring-security-web:7.1.1	/home/phuclam/.m2/repository/org/springframework/security/spring-security-web/7.1.1/spring-security-web-7.1.1.jar	dece134a2332c976a2c94ecf13f816c64e8ea7f2139795485afe655fba0408f3	server-compile	Apache-2.0; crypto additionally ISC-style BCrypt grant	2026-09-30-ph1-f03a-security-crypto-intake.md;2026-09-30-ph1-f03b-http-security-intake.md;embedded exact 7.1.1 legal files	retain Spring NOTICE; exact BCrypt permission/copyright/disclaimer where contained; no endorsement	META-INF/LICENSE.txt=7200000367e0e8b47822d563a5ddd2dd3a97cc05b32bd7dbcc7b4eeb92b76628	APPROVED-WITH-OBLIGATIONS_INTERNAL_ONLY	T028_T030_ONLY_FINAL_FREEZE_PENDING
org.springframework:spring-aop:7.0.9	/home/phuclam/.m2/repository/org/springframework/spring-aop/7.0.9/spring-aop-7.0.9.jar	b8c5d6bfcb1f4993f2cc124f7ab7fac40edf5256b9e43c2f7250a733cb5510e9	server-compile	Apache-2.0	inventories/f05a-q02-rights-dispositions.tsv@f196be9;embedded	O1,O2 (definitions retained in Q02; Engineering owner)	META-INF/license.txt=e6b6198486da7dcad3d62c2f9043a8b5e472fe2991b4b144076262c8adccda0f;META-INF/notice.txt=ca6b51825e9feea8bafd49d40f47b914659b783b4b70f40850ed662021320ddd	APPROVED-WITH-OBLIGATIONS	T028_T030_ONLY_FINAL_FREEZE_PENDING
org.springframework:spring-beans:7.0.9	/home/phuclam/.m2/repository/org/springframework/spring-beans/7.0.9/spring-beans-7.0.9.jar	ff218b827a25c9e8929b0cd56dfb56916cea9d5b669ed97dc7cb262508ff548b	server-compile	Apache-2.0	inventories/f05a-q02-rights-dispositions.tsv@f196be9;embedded	O1,O2 (definitions retained in Q02; Engineering owner)	META-INF/license.txt=e6b6198486da7dcad3d62c2f9043a8b5e472fe2991b4b144076262c8adccda0f;META-INF/notice.txt=ca6b51825e9feea8bafd49d40f47b914659b783b4b70f40850ed662021320ddd	APPROVED-WITH-OBLIGATIONS	T028_T030_ONLY_FINAL_FREEZE_PENDING
org.springframework:spring-context:7.0.9	/home/phuclam/.m2/repository/org/springframework/spring-context/7.0.9/spring-context-7.0.9.jar	7552a2fcfa30cea53eb14d7a65a7a8e1b1dd82e832a7164fb7e6fb105f438858	server-compile	Apache-2.0	inventories/f05a-q02-rights-dispositions.tsv@f196be9;embedded	O1,O2 (definitions retained in Q02; Engineering owner)	META-INF/license.txt=e6b6198486da7dcad3d62c2f9043a8b5e472fe2991b4b144076262c8adccda0f;META-INF/notice.txt=ca6b51825e9feea8bafd49d40f47b914659b783b4b70f40850ed662021320ddd	APPROVED-WITH-OBLIGATIONS	T028_T030_ONLY_FINAL_FREEZE_PENDING
org.springframework:spring-core:7.0.9	/home/phuclam/.m2/repository/org/springframework/spring-core/7.0.9/spring-core-7.0.9.jar	5195f4722699b39878d99a832549fe65df2890b159d063b88fff31b1ca65ae36	server-compile	Apache-2.0 + BSD-3-Clause ASM + Apache-2.0 CGLIB/JavaPoet/Objenesis	inventories/f05a-q02-rights-dispositions.tsv@f196be9;embedded	O1,O2 (definitions retained in Q02; Engineering owner)	META-INF/license.txt=e6b6198486da7dcad3d62c2f9043a8b5e472fe2991b4b144076262c8adccda0f;META-INF/notice.txt=ca6b51825e9feea8bafd49d40f47b914659b783b4b70f40850ed662021320ddd	APPROVED-WITH-OBLIGATIONS	T028_T030_ONLY_FINAL_FREEZE_PENDING
org.springframework:spring-expression:7.0.9	/home/phuclam/.m2/repository/org/springframework/spring-expression/7.0.9/spring-expression-7.0.9.jar	046434c40f43819729b9b1db0e6c659dfa68184c1c2c2efa5f7b3a5b27c4e2e2	server-compile	Apache-2.0	inventories/f05a-q02-rights-dispositions.tsv@f196be9;embedded	O1,O2 (definitions retained in Q02; Engineering owner)	META-INF/license.txt=e6b6198486da7dcad3d62c2f9043a8b5e472fe2991b4b144076262c8adccda0f;META-INF/notice.txt=ca6b51825e9feea8bafd49d40f47b914659b783b4b70f40850ed662021320ddd	APPROVED-WITH-OBLIGATIONS	T028_T030_ONLY_FINAL_FREEZE_PENDING
org.springframework:spring-jdbc:7.0.9	/home/phuclam/.m2/repository/org/springframework/spring-jdbc/7.0.9/spring-jdbc-7.0.9.jar	ca0d9af1c5721eef8cac1f94c8b9d27a753248bc33c86e3472bd3d1dbd78f450	server-compile	Apache-2.0 plus contained third-party notices	inventories/f05a-q02-rights-dispositions.tsv;Spring 7.0.9 family source/embedded legal grant	retain LICENSE/NOTICE and all contained notices without flattening; patent/trademark conditions	META-INF/license.txt=e6b6198486da7dcad3d62c2f9043a8b5e472fe2991b4b144076262c8adccda0f;META-INF/notice.txt=ca6b51825e9feea8bafd49d40f47b914659b783b4b70f40850ed662021320ddd	APPROVED-WITH-OBLIGATIONS_INTERNAL_ONLY	T028_T030_ONLY_FINAL_FREEZE_PENDING
org.springframework:spring-test:7.0.9	/home/phuclam/.m2/repository/org/springframework/spring-test/7.0.9/spring-test-7.0.9.jar	6ce8fc116f5d309b9ac50a6738bd1b15ea4012a4a5563c0ee89b795bfc9af0dc	server-test	Apache-2.0 plus contained third-party notices	inventories/f05a-q02-rights-dispositions.tsv;Spring 7.0.9 family source/embedded legal grant	retain LICENSE/NOTICE and all contained notices without flattening; patent/trademark conditions	META-INF/license.txt=e6b6198486da7dcad3d62c2f9043a8b5e472fe2991b4b144076262c8adccda0f;META-INF/notice.txt=ca6b51825e9feea8bafd49d40f47b914659b783b4b70f40850ed662021320ddd	APPROVED-WITH-OBLIGATIONS_INTERNAL_ONLY	T028_T030_ONLY_FINAL_FREEZE_PENDING
org.springframework:spring-tx:7.0.9	/home/phuclam/.m2/repository/org/springframework/spring-tx/7.0.9/spring-tx-7.0.9.jar	bfb15da6e096e2c0752e9db9987d2415bf0da1d744efc988535c10c6b6c2eedd	server-compile	Apache-2.0 plus contained third-party notices	inventories/f05a-q02-rights-dispositions.tsv;Spring 7.0.9 family source/embedded legal grant	retain LICENSE/NOTICE and all contained notices without flattening; patent/trademark conditions	META-INF/license.txt=e6b6198486da7dcad3d62c2f9043a8b5e472fe2991b4b144076262c8adccda0f;META-INF/notice.txt=ca6b51825e9feea8bafd49d40f47b914659b783b4b70f40850ed662021320ddd	APPROVED-WITH-OBLIGATIONS_INTERNAL_ONLY	T028_T030_ONLY_FINAL_FREEZE_PENDING
org.springframework:spring-web:7.0.9	/home/phuclam/.m2/repository/org/springframework/spring-web/7.0.9/spring-web-7.0.9.jar	941ced476427bde2533872f293da535fd0258de3f3a650a7f1bfe01ed2927302	server-compile	Apache-2.0	inventories/f05a-q02-rights-dispositions.tsv@f196be9;embedded	O1,O2 (definitions retained in Q02; Engineering owner)	META-INF/license.txt=e6b6198486da7dcad3d62c2f9043a8b5e472fe2991b4b144076262c8adccda0f;META-INF/notice.txt=ca6b51825e9feea8bafd49d40f47b914659b783b4b70f40850ed662021320ddd	APPROVED-WITH-OBLIGATIONS	T028_T030_ONLY_FINAL_FREEZE_PENDING
org.springframework:spring-webmvc:7.0.9	/home/phuclam/.m2/repository/org/springframework/spring-webmvc/7.0.9/spring-webmvc-7.0.9.jar	8f114c1461692c5e534e82b27de23b7fb23370db8dee7ce0c92d5106906c9555	server-compile	Apache-2.0	inventories/f05a-q02-rights-dispositions.tsv@f196be9;embedded	O1,O2 (definitions retained in Q02; Engineering owner)	META-INF/license.txt=e6b6198486da7dcad3d62c2f9043a8b5e472fe2991b4b144076262c8adccda0f;META-INF/notice.txt=ca6b51825e9feea8bafd49d40f47b914659b783b4b70f40850ed662021320ddd	APPROVED-WITH-OBLIGATIONS	T028_T030_ONLY_FINAL_FREEZE_PENDING
org.webjars:swagger-ui:5.32.14	/home/phuclam/.m2/repository/org/webjars/swagger-ui/5.32.14/swagger-ui-5.32.14.jar	d17ca6b09c60518574c14d4a40318dc58a11ea92a962e94f30e5a286e1efa4a6	server-compile	Apache-2.0 + bundled MIT/BSD; DOMPurify MPL-2.0 OR Apache-2.0 (historical internal Apache choice retained)	2026-10-01-backend-dev-swagger-intake.md;exact cached JS legal entries	retain all exact license/copyright/NOTICE/conditions/disclaimers; no endorsement; reciprocal/alternative source duties remain recorded, no legal election; no redistribution under this record	META-INF/resources/webjars/swagger-ui/5.32.14/swagger-ui-bundle.js.LICENSE.txt=c07853f3704b510a864eb56561ca4f36e0347fdaefc5176611c57575e4b5593d;META-INF/resources/webjars/swagger-ui/5.32.14/swagger-ui-es-bundle-core.js.LICENSE.txt=bf5cc2bed1ccdb8226570e53b495cf514d0344dbc3f8718e59b7ebec9e0d9280;META-INF/resources/webjars/swagger-ui/5.32.14/swagger-ui-es-bundle.js.LICENSE.txt=c07853f3704b510a864eb56561ca4f36e0347fdaefc5176611c57575e4b5593d;META-INF/resources/webjars/swagger-ui/5.32.14/swagger-ui-standalone-preset.js.LICENSE.txt=ad43bb2dce8515f9b917266073e3b3b132c4778ed7190726004ca0e47f24337e	APPROVED-WITH-OBLIGATIONS_INTERNAL_ONLY	T028_T030_ONLY_FINAL_FREEZE_PENDING
org.xmlunit:xmlunit-core:2.11.0	/home/phuclam/.m2/repository/org/xmlunit/xmlunit-core/2.11.0/xmlunit-core-2.11.0.jar	50970e6069c21182689eb44ae9f8193970e080b6f37fc13f22aa4201cca2dfe4	server-test	Apache-2.0	https://raw.githubusercontent.com/xmlunit/xmlunit/v2.11.0/LICENSE;SHA256=c71d239df91726fc519c6eb72d318ec65820627232b2f796219e87dcf35d0ab4	retain all exact license/copyright/NOTICE/conditions/disclaimers; no endorsement; reciprocal/alternative source duties remain recorded, no legal election; no redistribution under this record	ATTRIBUTABLE_SOURCE_GRANT_REFERENCED_NO_EMBEDDED_ENTRY	APPROVED-WITH-OBLIGATIONS_INTERNAL_ONLY	T028_T030_ONLY_FINAL_FREEZE_PENDING
org.yaml:snakeyaml:2.6	/home/phuclam/.m2/repository/org/yaml/snakeyaml/2.6/snakeyaml-2.6.jar	c8f7a98e7394adda02f6317249710e4d1b4c7a25aa8c7eace0c2eea52eb8bf85	server-compile	Apache-2.0	inventories/f05a-q02-rights-dispositions.tsv@f196be9;upstream-rights Q02-R01-R04	O1,O2 (definitions retained in Q02; Engineering owner)	ATTRIBUTABLE_SOURCE_GRANT_REFERENCED_NO_EMBEDDED_ENTRY	APPROVED-WITH-OBLIGATIONS	T028_T030_ONLY_FINAL_FREEZE_PENDING
tools.jackson.core:jackson-core:3.1.5	/home/phuclam/.m2/repository/tools/jackson/core/jackson-core/3.1.5/jackson-core-3.1.5.jar	9431b7fa2673bbb618c11d865fe15e13222fd182a214ff998cb7e56afd8f35d2	server-compile	Apache-2.0 + MIT + BSD-2-Clause + BSL-1.0	inventories/f05a-q02-rights-dispositions.tsv@f196be9;embedded	O1,O2 (definitions retained in Q02; Engineering owner)	META-INF/FastDoubleParser-LICENSE=59067508e44346bf93dc9c5e4d673a67ecd77988c2020bb5e0f8667eb199f396;META-INF/FastDoubleParser-ThirdParty-LICENSE=dbc36f9422a40d58d1a214080583667cfd37d61c2fae1657d981edda2a60727f;META-INF/LICENSE=cfc7749b96f63bd31c3c42b5c471bf756814053e847c10f3eb003417bc523d30;META-INF/Schubfach-LICENSE=12d39a6615219d73202300715e365bec2b958f858d1e837c8f2dace57f905969;META-INF/NOTICE=a8eb9ab6d21e719ba217c6367621a7ab5baa3d38df896ef258a9754a6b97527d	APPROVED-WITH-OBLIGATIONS	T028_T030_ONLY_FINAL_FREEZE_PENDING
tools.jackson.core:jackson-databind:3.1.5	/home/phuclam/.m2/repository/tools/jackson/core/jackson-databind/3.1.5/jackson-databind-3.1.5.jar	3a2338d996fd3056791df8d335fa9ba8a62a706ed4245ecf81b3e583df37d08a	server-compile	Apache-2.0	inventories/f05a-q02-rights-dispositions.tsv@f196be9;embedded	O1 (definitions retained in Q02; Engineering owner)	META-INF/LICENSE=cfc7749b96f63bd31c3c42b5c471bf756814053e847c10f3eb003417bc523d30;META-INF/NOTICE=d3fa47349b4ba4a3763bf635b930f8877073aa3915a3f3e45fe4b1842fc60302	APPROVED-WITH-OBLIGATIONS	T028_T030_ONLY_FINAL_FREEZE_PENDING
