realm	coordinate	scope	depth	via	jar_path	jar_sha256	pom_path	pom_sha256
application	org.springframework.boot:spring-boot-starter-webmvc:4.1.1	compile	0	ROOT	/home/phuclam/.m2/repository/org/springframework/boot/spring-boot-starter-webmvc/4.1.1/spring-boot-starter-webmvc-4.1.1.jar	4aec3edbdf6317fefe23db1b989d8bba143a45a51c1fc32346146ecebf67d625	/home/phuclam/.m2/repository/org/springframework/boot/spring-boot-starter-webmvc/4.1.1/spring-boot-starter-webmvc-4.1.1.pom	b7fe43b5610b0b3dd5521cf42d7ba3e8eabd6ad3e785462da250338b62ba1455
application	org.springframework.boot:spring-boot-starter-log4j2:4.1.1	compile	0	ROOT	/home/phuclam/.m2/repository/org/springframework/boot/spring-boot-starter-log4j2/4.1.1/spring-boot-starter-log4j2-4.1.1.jar	cd4c58788a6c92f7f06a46fc888b0ed1e4eba1ff55bf901db6eeda2359e0693d	/home/phuclam/.m2/repository/org/springframework/boot/spring-boot-starter-log4j2/4.1.1/spring-boot-starter-log4j2-4.1.1.pom	063c489bb8a6ad59b2f9fab2d4bbcc3ac8d27a4a41be9ab40798e2f4e186429d
application	org.springframework.boot:spring-boot-starter:4.1.1	compile	1	org.springframework.boot:spring-boot-starter-webmvc:4.1.1	/home/phuclam/.m2/repository/org/springframework/boot/spring-boot-starter/4.1.1/spring-boot-starter-4.1.1.jar	de5b2dd28400eda20914fd4a6054d0c201e68d2e4de35a25a4d89f054ccc2e63	/home/phuclam/.m2/repository/org/springframework/boot/spring-boot-starter/4.1.1/spring-boot-starter-4.1.1.pom	ac8d3998f63e729d9d811d0ba2b2d07c1e9687aa202ba33d203f41b6ba4721b6
application	org.springframework.boot:spring-boot-starter-jackson:4.1.1	compile	1	org.springframework.boot:spring-boot-starter-webmvc:4.1.1	/home/phuclam/.m2/repository/org/springframework/boot/spring-boot-starter-jackson/4.1.1/spring-boot-starter-jackson-4.1.1.jar	d30e594a3e0f3a090438fc22000a87ab577a3b80c674180a10544ca331207f24	/home/phuclam/.m2/repository/org/springframework/boot/spring-boot-starter-jackson/4.1.1/spring-boot-starter-jackson-4.1.1.pom	772fe20da73cdf4482f98751ee9bb8396a47cedc231777e783e17de14f96288a
application	org.springframework.boot:spring-boot-starter-tomcat:4.1.1	compile	1	org.springframework.boot:spring-boot-starter-webmvc:4.1.1	/home/phuclam/.m2/repository/org/springframework/boot/spring-boot-starter-tomcat/4.1.1/spring-boot-starter-tomcat-4.1.1.jar	f224d8504be3b413825ee85ef549a7b1598ee8512e062c6bd5ddce1043cd388a	/home/phuclam/.m2/repository/org/springframework/boot/spring-boot-starter-tomcat/4.1.1/spring-boot-starter-tomcat-4.1.1.pom	cae74c3615a2504d089cbc8fb05b87154dbece21a44a14e18002314515ce910d
application	org.springframework.boot:spring-boot-http-converter:4.1.1	compile	1	org.springframework.boot:spring-boot-starter-webmvc:4.1.1	/home/phuclam/.m2/repository/org/springframework/boot/spring-boot-http-converter/4.1.1/spring-boot-http-converter-4.1.1.jar	52a167430a918c223b2ccd2eb62aff91a8e43e6daebe5a07caa37b9a04c61cb9	/home/phuclam/.m2/repository/org/springframework/boot/spring-boot-http-converter/4.1.1/spring-boot-http-converter-4.1.1.pom	5cc2393869b9ebcc7b5f69dfbcaaa689f0bebc1bc73b7c68f5848807a837a73a
application	org.springframework.boot:spring-boot-webmvc:4.1.1	compile	1	org.springframework.boot:spring-boot-starter-webmvc:4.1.1	/home/phuclam/.m2/repository/org/springframework/boot/spring-boot-webmvc/4.1.1/spring-boot-webmvc-4.1.1.jar	9f08c1fb938c45a8693fec5f3065be3aca203948a7ab4d56b06444986f75a6b2	/home/phuclam/.m2/repository/org/springframework/boot/spring-boot-webmvc/4.1.1/spring-boot-webmvc-4.1.1.pom	534076d67e8dc7ff9392cd9951badf98dbcf1e95442d38971c4ef52b8e0ed4c1
application	org.apache.logging.log4j:log4j-slf4j2-impl:2.25.5	compile	1	org.springframework.boot:spring-boot-starter-log4j2:4.1.1	/home/phuclam/.m2/repository/org/apache/logging/log4j/log4j-slf4j2-impl/2.25.5/log4j-slf4j2-impl-2.25.5.jar	8cab16dd6fc4c8f14c1c473022cb217512f2bbb2d59a70f8ec90a268d64d8831	/home/phuclam/.m2/repository/org/apache/logging/log4j/log4j-slf4j2-impl/2.25.5/log4j-slf4j2-impl-2.25.5.pom	0c75b7be5c884c39d76148c35466b8e3d1b0c06501eb8d2c817a72303ddc8fdb
application	org.apache.logging.log4j:log4j-core:2.25.5	compile	1	org.springframework.boot:spring-boot-starter-log4j2:4.1.1	/home/phuclam/.m2/repository/org/apache/logging/log4j/log4j-core/2.25.5/log4j-core-2.25.5.jar	050c4f85deb48b055e9c041ac39043fbb79ce477841a11a1eb2969c86c6a0072	/home/phuclam/.m2/repository/org/apache/logging/log4j/log4j-core/2.25.5/log4j-core-2.25.5.pom	1a40b0cb45343690306f7e2d9f49f66ed4ed5f65717167ee73c747da230eb2be
application	org.apache.logging.log4j:log4j-jul:2.25.5	compile	1	org.springframework.boot:spring-boot-starter-log4j2:4.1.1	/home/phuclam/.m2/repository/org/apache/logging/log4j/log4j-jul/2.25.5/log4j-jul-2.25.5.jar	23c0b34c3c31811bea7716a33137d1e9e8e228f9f8c240b69f30cdca9afe9a7a	/home/phuclam/.m2/repository/org/apache/logging/log4j/log4j-jul/2.25.5/log4j-jul-2.25.5.pom	978ffb3b52ff2fc6fbfa5f5723a44c6e738afbb3899fc5f0ff792c6c3f16769b
application	org.springframework.boot:spring-boot-autoconfigure:4.1.1	compile	2	org.springframework.boot:spring-boot-starter:4.1.1	/home/phuclam/.m2/repository/org/springframework/boot/spring-boot-autoconfigure/4.1.1/spring-boot-autoconfigure-4.1.1.jar	59228756ddd76cea050f95d86deff334789bc53b6688beaa673b1af2b9794592	/home/phuclam/.m2/repository/org/springframework/boot/spring-boot-autoconfigure/4.1.1/spring-boot-autoconfigure-4.1.1.pom	4296618022d0b939d1e526ab401b43660f34953530b414dd74743c3b1fb4ee82
application	jakarta.annotation:jakarta.annotation-api:3.0.0	compile	2	org.springframework.boot:spring-boot-starter:4.1.1	/home/phuclam/.m2/repository/jakarta/annotation/jakarta.annotation-api/3.0.0/jakarta.annotation-api-3.0.0.jar	b01f55552284cfb149411e64eabca75e942d26d2e1786b32914250e4330afaa2	/home/phuclam/.m2/repository/jakarta/annotation/jakarta.annotation-api/3.0.0/jakarta.annotation-api-3.0.0.pom	9fc66a87375df8443aba6bdcc1d4ff07f126542583785a482a9262a19bfe8eae
application	org.yaml:snakeyaml:2.6	compile	2	org.springframework.boot:spring-boot-starter:4.1.1	/home/phuclam/.m2/repository/org/yaml/snakeyaml/2.6/snakeyaml-2.6.jar	c8f7a98e7394adda02f6317249710e4d1b4c7a25aa8c7eace0c2eea52eb8bf85	/home/phuclam/.m2/repository/org/yaml/snakeyaml/2.6/snakeyaml-2.6.pom	2773b0e948964d21e37b0e1dcf39025e627b873e0ce6aa2a47e23c374303e0c4
application	org.springframework.boot:spring-boot-jackson:4.1.1	compile	2	org.springframework.boot:spring-boot-starter-jackson:4.1.1	/home/phuclam/.m2/repository/org/springframework/boot/spring-boot-jackson/4.1.1/spring-boot-jackson-4.1.1.jar	69a9b4d8850a0532a5e44ff7306a03621485b26596e7f9481de7d28e68a2dd42	/home/phuclam/.m2/repository/org/springframework/boot/spring-boot-jackson/4.1.1/spring-boot-jackson-4.1.1.pom	8eb9beb669e93a47483f3410b6146a20045c0026246e194250938d4f5892c259
application	org.springframework.boot:spring-boot-starter-tomcat-runtime:4.1.1	compile	2	org.springframework.boot:spring-boot-starter-tomcat:4.1.1	/home/phuclam/.m2/repository/org/springframework/boot/spring-boot-starter-tomcat-runtime/4.1.1/spring-boot-starter-tomcat-runtime-4.1.1.jar	580f0d9a9d02a1a6e387640e422af42f9dbdf302836d562ec595fdb2b31a1c29	/home/phuclam/.m2/repository/org/springframework/boot/spring-boot-starter-tomcat-runtime/4.1.1/spring-boot-starter-tomcat-runtime-4.1.1.pom	d3a6146c7d15443e44a1ebbb6bd0dccf98c490150df2d9213b55c5cc64968b26
application	org.springframework.boot:spring-boot-tomcat:4.1.1	compile	2	org.springframework.boot:spring-boot-starter-tomcat:4.1.1	/home/phuclam/.m2/repository/org/springframework/boot/spring-boot-tomcat/4.1.1/spring-boot-tomcat-4.1.1.jar	17f65629e4eb3c979c0572b69b57d630bb12e64869e9d7520adddaa6734256b6	/home/phuclam/.m2/repository/org/springframework/boot/spring-boot-tomcat/4.1.1/spring-boot-tomcat-4.1.1.pom	8ec7f7939e8d7cbd993a5175eaa1609672fe01040daa92e11623ae608c6afc49
application	org.springframework.boot:spring-boot:4.1.1	compile	2	org.springframework.boot:spring-boot-http-converter:4.1.1	/home/phuclam/.m2/repository/org/springframework/boot/spring-boot/4.1.1/spring-boot-4.1.1.jar	0d92b532b1d4020640e72d78c31af175c23db8e0ddd45b81855b7fdf4c9c70f0	/home/phuclam/.m2/repository/org/springframework/boot/spring-boot/4.1.1/spring-boot-4.1.1.pom	9f154863aaa9a3dfc98de4c6be59feb68fa3a594a305dd6591b2ed9cc4b9a80b
application	org.springframework:spring-web:7.0.9	compile	2	org.springframework.boot:spring-boot-http-converter:4.1.1	/home/phuclam/.m2/repository/org/springframework/spring-web/7.0.9/spring-web-7.0.9.jar	941ced476427bde2533872f293da535fd0258de3f3a650a7f1bfe01ed2927302	/home/phuclam/.m2/repository/org/springframework/spring-web/7.0.9/spring-web-7.0.9.pom	d4dcffdbbf8714ace6304c6d12bfe0e2ccd365809e98ba6288763dd933bb0962
application	org.springframework.boot:spring-boot-servlet:4.1.1	compile	2	org.springframework.boot:spring-boot-webmvc:4.1.1	/home/phuclam/.m2/repository/org/springframework/boot/spring-boot-servlet/4.1.1/spring-boot-servlet-4.1.1.jar	4dcb156e311a4c1ad5f1ed7eabd94a78ea74510b05c429a4fcfdcf8beb9d5882	/home/phuclam/.m2/repository/org/springframework/boot/spring-boot-servlet/4.1.1/spring-boot-servlet-4.1.1.pom	290d5fd2aacc45b28a477cfc03620791bc2d82f5cdcdcc9614f3168a06f0dfe8
application	org.springframework:spring-webmvc:7.0.9	compile	2	org.springframework.boot:spring-boot-webmvc:4.1.1	/home/phuclam/.m2/repository/org/springframework/spring-webmvc/7.0.9/spring-webmvc-7.0.9.jar	8f114c1461692c5e534e82b27de23b7fb23370db8dee7ce0c92d5106906c9555	/home/phuclam/.m2/repository/org/springframework/spring-webmvc/7.0.9/spring-webmvc-7.0.9.pom	86549176d6579a496881dac41308c3673d8975a7cc7b3d92e6e6453fbbc3f402
application	org.apache.logging.log4j:log4j-api:2.25.5	compile	2	org.apache.logging.log4j:log4j-slf4j2-impl:2.25.5	/home/phuclam/.m2/repository/org/apache/logging/log4j/log4j-api/2.25.5/log4j-api-2.25.5.jar	64777f73ea0b3104c04eb82befbdccc30a425a19e83ad06cb2f93aa303511863	/home/phuclam/.m2/repository/org/apache/logging/log4j/log4j-api/2.25.5/log4j-api-2.25.5.pom	035b3e6057d26535cac74e5333403a797460ebef0b9313b844826140ed36de67
application	org.slf4j:slf4j-api:2.0.18	compile	2	org.apache.logging.log4j:log4j-slf4j2-impl:2.25.5	/home/phuclam/.m2/repository/org/slf4j/slf4j-api/2.0.18/slf4j-api-2.0.18.jar	44508fd1576500688c790b190acdd16fec4f8c79a3e0b900afd70503cf055f55	/home/phuclam/.m2/repository/org/slf4j/slf4j-api/2.0.18/slf4j-api-2.0.18.pom	6c2c7f2c02774cc2b7b619fbd2df7873cdad29718926e44754b87f70d1eb43cb
application	tools.jackson.core:jackson-databind:3.1.5	compile	3	org.springframework.boot:spring-boot-jackson:4.1.1	/home/phuclam/.m2/repository/tools/jackson/core/jackson-databind/3.1.5/jackson-databind-3.1.5.jar	3a2338d996fd3056791df8d335fa9ba8a62a706ed4245ecf81b3e583df37d08a	/home/phuclam/.m2/repository/tools/jackson/core/jackson-databind/3.1.5/jackson-databind-3.1.5.pom	936e8997b549de56212543c2abf9e91fba0946be514afa956d714c2dc29ea2c8
application	org.springframework.boot:spring-boot-web-server:4.1.1	compile	3	org.springframework.boot:spring-boot-starter-tomcat-runtime:4.1.1	/home/phuclam/.m2/repository/org/springframework/boot/spring-boot-web-server/4.1.1/spring-boot-web-server-4.1.1.jar	6912fb1fdf7f657a61ac050760fa835fb1e7496399291697e2901f82887a4fee	/home/phuclam/.m2/repository/org/springframework/boot/spring-boot-web-server/4.1.1/spring-boot-web-server-4.1.1.pom	a604dca8459f591df53e4bf9e06611b280cbe3df94b83ccb723f27e568646598
application	org.apache.tomcat.embed:tomcat-embed-core:11.0.24	compile	3	org.springframework.boot:spring-boot-starter-tomcat-runtime:4.1.1	/home/phuclam/.m2/repository/org/apache/tomcat/embed/tomcat-embed-core/11.0.24/tomcat-embed-core-11.0.24.jar	e7b966dcaac8c5ffa4f10e44031ebf5b71f2123560c08ac8b7120028615aea08	/home/phuclam/.m2/repository/org/apache/tomcat/embed/tomcat-embed-core/11.0.24/tomcat-embed-core-11.0.24.pom	b11369a1c7766d659a3cad9dde3717d6bd811c59de9819274f960e87608dc1ef
application	org.apache.tomcat.embed:tomcat-embed-el:11.0.24	compile	3	org.springframework.boot:spring-boot-starter-tomcat-runtime:4.1.1	/home/phuclam/.m2/repository/org/apache/tomcat/embed/tomcat-embed-el/11.0.24/tomcat-embed-el-11.0.24.jar	ad0546f12dace008aacce18ba13222137760b310ca719e173d3e13021b9af6c6	/home/phuclam/.m2/repository/org/apache/tomcat/embed/tomcat-embed-el/11.0.24/tomcat-embed-el-11.0.24.pom	c144c7c259fd437b64efd59d718d3aa735c55f6134d80f78fac0c1b3f8fe7336
application	org.apache.tomcat.embed:tomcat-embed-websocket:11.0.24	compile	3	org.springframework.boot:spring-boot-starter-tomcat-runtime:4.1.1	/home/phuclam/.m2/repository/org/apache/tomcat/embed/tomcat-embed-websocket/11.0.24/tomcat-embed-websocket-11.0.24.jar	825160101f0da4a10e19b5730c2ae2f99f8c2c7a7211ac05562726c5e97ab91e	/home/phuclam/.m2/repository/org/apache/tomcat/embed/tomcat-embed-websocket/11.0.24/tomcat-embed-websocket-11.0.24.pom	853814754b0157c19327fd4af2ac88689adb02011403f06a3033f89bbf40df53
application	org.springframework:spring-core:7.0.9	compile	3	org.springframework.boot:spring-boot:4.1.1	/home/phuclam/.m2/repository/org/springframework/spring-core/7.0.9/spring-core-7.0.9.jar	5195f4722699b39878d99a832549fe65df2890b159d063b88fff31b1ca65ae36	/home/phuclam/.m2/repository/org/springframework/spring-core/7.0.9/spring-core-7.0.9.pom	2e706b82c4dfbf3ad2a7a59176821550baba49a4b1f791136842d224ab7757ff
application	org.springframework:spring-context:7.0.9	compile	3	org.springframework.boot:spring-boot:4.1.1	/home/phuclam/.m2/repository/org/springframework/spring-context/7.0.9/spring-context-7.0.9.jar	7552a2fcfa30cea53eb14d7a65a7a8e1b1dd82e832a7164fb7e6fb105f438858	/home/phuclam/.m2/repository/org/springframework/spring-context/7.0.9/spring-context-7.0.9.pom	2acb4ac44a7ffac104c2b8eb9b595ad342459acd503806588e7e2f7ac73df5e0
application	org.springframework:spring-beans:7.0.9	compile	3	org.springframework:spring-web:7.0.9	/home/phuclam/.m2/repository/org/springframework/spring-beans/7.0.9/spring-beans-7.0.9.jar	ff218b827a25c9e8929b0cd56dfb56916cea9d5b669ed97dc7cb262508ff548b	/home/phuclam/.m2/repository/org/springframework/spring-beans/7.0.9/spring-beans-7.0.9.pom	5d16df49927351da326714c3dfa3e1dd53fd271057e34265b9256377d1fe6d16
application	io.micrometer:micrometer-observation:1.17.1	compile	3	org.springframework:spring-web:7.0.9	/home/phuclam/.m2/repository/io/micrometer/micrometer-observation/1.17.1/micrometer-observation-1.17.1.jar	eb34f0cd84a879393ae5c21160fc06385ccdc74f36a4d1e31b199f59acfdaf71	/home/phuclam/.m2/repository/io/micrometer/micrometer-observation/1.17.1/micrometer-observation-1.17.1.pom	af6167ebad3cf1c2eef590a5e567d5342245b8aa2b0ded93ca04fffc466225cc
application	org.springframework:spring-aop:7.0.9	compile	3	org.springframework:spring-webmvc:7.0.9	/home/phuclam/.m2/repository/org/springframework/spring-aop/7.0.9/spring-aop-7.0.9.jar	b8c5d6bfcb1f4993f2cc124f7ab7fac40edf5256b9e43c2f7250a733cb5510e9	/home/phuclam/.m2/repository/org/springframework/spring-aop/7.0.9/spring-aop-7.0.9.pom	3d92b6a5afb119e6a0bfe0f0c2eef71961e01cd120b676b59c1d39ad7e320aca
application	org.springframework:spring-expression:7.0.9	compile	3	org.springframework:spring-webmvc:7.0.9	/home/phuclam/.m2/repository/org/springframework/spring-expression/7.0.9/spring-expression-7.0.9.jar	046434c40f43819729b9b1db0e6c659dfa68184c1c2c2efa5f7b3a5b27c4e2e2	/home/phuclam/.m2/repository/org/springframework/spring-expression/7.0.9/spring-expression-7.0.9.pom	d0ac675cf4da02b56a5cb3140f533ba7dd7d95b9f1c6d69ad49492b17c83584e
application	com.fasterxml.jackson.core:jackson-annotations:2.21	compile	4	tools.jackson.core:jackson-databind:3.1.5	/home/phuclam/.m2/repository/com/fasterxml/jackson/core/jackson-annotations/2.21/jackson-annotations-2.21.jar	53ca085f4a150f703f49e1aabd935bd03b43e1ea3d55d135438292af22cef56b	/home/phuclam/.m2/repository/com/fasterxml/jackson/core/jackson-annotations/2.21/jackson-annotations-2.21.pom	71cac5392151e2a528cc9a09179f0a334179f05c52f8e596cf58ddf12bb27f2b
application	tools.jackson.core:jackson-core:3.1.5	compile	4	tools.jackson.core:jackson-databind:3.1.5	/home/phuclam/.m2/repository/tools/jackson/core/jackson-core/3.1.5/jackson-core-3.1.5.jar	9431b7fa2673bbb618c11d865fe15e13222fd182a214ff998cb7e56afd8f35d2	/home/phuclam/.m2/repository/tools/jackson/core/jackson-core/3.1.5/jackson-core-3.1.5.pom	d05c1f9f436866306d26b8f482ce49507d2a5f5e0816e3a07f35096b9f83e1ba
application	commons-logging:commons-logging:1.3.6	compile	4	org.springframework:spring-core:7.0.9	/home/phuclam/.m2/repository/commons-logging/commons-logging/1.3.6/commons-logging-1.3.6.jar	f8ead8943401081dea0aa824b5b1ba40a0e4ed297a572a0f02258150a0b62357	/home/phuclam/.m2/repository/commons-logging/commons-logging/1.3.6/commons-logging-1.3.6.pom	49fc185139bdd0c6c4adf440721e3279cb5342906bcd01a7a89399ceeaa78e85
application	org.jspecify:jspecify:1.0.1	compile	4	org.springframework:spring-core:7.0.9	/home/phuclam/.m2/repository/org/jspecify/jspecify/1.0.1/jspecify-1.0.1.jar	070d75f261fe4c5b8202508366715f7f2d4660f88c8ef7e6d3575e48c9683b66	/home/phuclam/.m2/repository/org/jspecify/jspecify/1.0.1/jspecify-1.0.1.pom	55b38bf1a7b1d8ea518cf2f4f3ae9aaa236e61bbf0b6bd31ffb49753a059dd5e
application	io.micrometer:micrometer-commons:1.17.1	compile	4	io.micrometer:micrometer-observation:1.17.1	/home/phuclam/.m2/repository/io/micrometer/micrometer-commons/1.17.1/micrometer-commons-1.17.1.jar	f2cee6ef046e72eec8128474c7f58c6217173b45ae373c30de0289f2a56ab0fd	/home/phuclam/.m2/repository/io/micrometer/micrometer-commons/1.17.1/micrometer-commons-1.17.1.pom	fbe9f83528b2779be9db1a1fb37e41684de24835af6558aaf25d73723d41da5f
org.apache.maven.plugins:maven-resources-plugin:3.5.0	org.apache.maven.plugins:maven-resources-plugin:3.5.0	compile	0	ROOT	/home/phuclam/.m2/repository/org/apache/maven/plugins/maven-resources-plugin/3.5.0/maven-resources-plugin-3.5.0.jar	2c923c63a197565a3e78f2b16d762d0f49bb83250dd2b1e6286704ea0f447060	/home/phuclam/.m2/repository/org/apache/maven/plugins/maven-resources-plugin/3.5.0/maven-resources-plugin-3.5.0.pom	9f2275ca2ba3a3ab38caf6c2bc21be787c7305ea5333d1c33f52a530afc0bc7f
org.apache.maven.plugins:maven-resources-plugin:3.5.0	org.apache.maven.shared:maven-filtering:3.5.0	compile	1	org.apache.maven.plugins:maven-resources-plugin:3.5.0	/home/phuclam/.m2/repository/org/apache/maven/shared/maven-filtering/3.5.0/maven-filtering-3.5.0.jar	7adb0e46b5fff4fc03aab4baafbdee0b29e444cffe4478858c63082d497220bf	/home/phuclam/.m2/repository/org/apache/maven/shared/maven-filtering/3.5.0/maven-filtering-3.5.0.pom	06b492b0244a82434470161f851b247271ec8fdaeea1c29de98abde066f80c64
org.apache.maven.plugins:maven-resources-plugin:3.5.0	org.codehaus.plexus:plexus-utils:3.6.0	compile	1	org.apache.maven.plugins:maven-resources-plugin:3.5.0	/home/phuclam/.m2/repository/org/codehaus/plexus/plexus-utils/3.6.0/plexus-utils-3.6.0.jar	27ef130e32c236090e408fb5498d94cb9ea26d14070fb1c8985d607b62d098d1	/home/phuclam/.m2/repository/org/codehaus/plexus/plexus-utils/3.6.0/plexus-utils-3.6.0.pom	6138300481471c7fe6aeb115f912961f886e1a46ee9c2bd2841b65184824da28
org.apache.maven.plugins:maven-resources-plugin:3.5.0	org.slf4j:slf4j-api:1.7.36	compile	2	org.apache.maven.shared:maven-filtering:3.5.0	/home/phuclam/.m2/repository/org/slf4j/slf4j-api/1.7.36/slf4j-api-1.7.36.jar	d3ef575e3e4979678dc01bf1dcce51021493b4d11fb7f1be8ad982877c16a1c0	/home/phuclam/.m2/repository/org/slf4j/slf4j-api/1.7.36/slf4j-api-1.7.36.pom	fb046a9c229437928bb11c2d27c8b5d773eb8a25e60cbd253d985210dedc2684
org.apache.maven.plugins:maven-resources-plugin:3.5.0	org.codehaus.plexus:plexus-build-api:1.2.0	compile	2	org.apache.maven.shared:maven-filtering:3.5.0	/home/phuclam/.m2/repository/org/codehaus/plexus/plexus-build-api/1.2.0/plexus-build-api-1.2.0.jar	570ae55a95e1887c3004882d30dc4e9035d2a46ba8d58b991de04175f141d88f	/home/phuclam/.m2/repository/org/codehaus/plexus/plexus-build-api/1.2.0/plexus-build-api-1.2.0.pom	47c7b0e65718ca89df6fdf5cb3f24a49e076cacd9499236c7e18ad78e993cddb
org.apache.maven.plugins:maven-resources-plugin:3.5.0	org.codehaus.plexus:plexus-interpolation:1.29	compile	2	org.apache.maven.shared:maven-filtering:3.5.0	/home/phuclam/.m2/repository/org/codehaus/plexus/plexus-interpolation/1.29/plexus-interpolation-1.29.jar	088d444dbcedfb384630d8686697ece3c401d6f33c8f8b3aa7259ea1c6996878	/home/phuclam/.m2/repository/org/codehaus/plexus/plexus-interpolation/1.29/plexus-interpolation-1.29.pom	ce0d5634297bb1e065dddfdc8a2a5675717c08e8f4783edcf581543711516938
org.apache.maven.plugins:maven-resources-plugin:3.5.0	javax.inject:javax.inject:1	compile	3	org.codehaus.plexus:plexus-build-api:1.2.0	/home/phuclam/.m2/repository/javax/inject/javax.inject/1/javax.inject-1.jar	91c77044a50c481636c32d916fd89c9118a72195390452c81065080f957de7ff	/home/phuclam/.m2/repository/javax/inject/javax.inject/1/javax.inject-1.pom	943e12b100627804638fa285805a0ab788a680266531e650921ebfe4621a8bfa
org.apache.maven.plugins:maven-resources-plugin:3.5.0	org.sonatype.plexus:plexus-build-api:0.0.7	compile	3	org.codehaus.plexus:plexus-build-api:1.2.0	/home/phuclam/.m2/repository/org/sonatype/plexus/plexus-build-api/0.0.7/plexus-build-api-0.0.7.jar	934171640fbd3d2495c50b79b0d9adb11e2c83e65bad157df8fe34bcac0ff798	/home/phuclam/.m2/repository/org/sonatype/plexus/plexus-build-api/0.0.7/plexus-build-api-0.0.7.pom	e067317a47ed9e84b2ba85a76d3cf72980e2b0dc873a90b9cbfe74fe80c37c17
org.apache.maven.plugins:maven-resources-plugin:3.5.0	org.eclipse.sisu:org.eclipse.sisu.plexus:0.9.0.M4	compile	3	org.codehaus.plexus:plexus-build-api:1.2.0	/home/phuclam/.m2/repository/org/eclipse/sisu/org.eclipse.sisu.plexus/0.9.0.M4/org.eclipse.sisu.plexus-0.9.0.M4.jar	b90579bc652eac7331436e0a25533fce14130b9c6e015f2dd3a3d4bb07e942b7	/home/phuclam/.m2/repository/org/eclipse/sisu/org.eclipse.sisu.plexus/0.9.0.M4/org.eclipse.sisu.plexus-0.9.0.M4.pom	90b4be7a71c979d0c4dea20c20a28eb9e76a29df68ab9018cf011019a3e4f562
org.apache.maven.plugins:maven-compiler-plugin:3.15.0	org.apache.maven.plugins:maven-compiler-plugin:3.15.0	compile	0	ROOT	/home/phuclam/.m2/repository/org/apache/maven/plugins/maven-compiler-plugin/3.15.0/maven-compiler-plugin-3.15.0.jar	6ea0ca0558ccf248c514aa94908d1f895a92e9b4e4604c1bb29f7a4ab1b833f0	/home/phuclam/.m2/repository/org/apache/maven/plugins/maven-compiler-plugin/3.15.0/maven-compiler-plugin-3.15.0.pom	2d2f7a7073c1def3b1473fbedad7dbfc559ed6fb0dc5a94edc347fd4905e7651
org.apache.maven.plugins:maven-compiler-plugin:3.15.0	org.ow2.asm:asm:9.9.1	compile	1	org.apache.maven.plugins:maven-compiler-plugin:3.15.0	/home/phuclam/.m2/repository/org/ow2/asm/asm/9.9.1/asm-9.9.1.jar	6f3828a215c920059a5efa2fb55c233d6c54ec5cadca99ce1b1bdd10077c7ddd	/home/phuclam/.m2/repository/org/ow2/asm/asm/9.9.1/asm-9.9.1.pom	aca68dee9ba2f6cd90ffde728efdc7e3ebfcf59f3f41fbfe248d2d01d5b866af
org.apache.maven.plugins:maven-compiler-plugin:3.15.0	org.apache.maven.shared:maven-shared-utils:3.4.2	compile	1	org.apache.maven.plugins:maven-compiler-plugin:3.15.0	/home/phuclam/.m2/repository/org/apache/maven/shared/maven-shared-utils/3.4.2/maven-shared-utils-3.4.2.jar	b613357e1bad4dfc1dead801691c9460f9585fe7c6b466bc25186212d7d18487	/home/phuclam/.m2/repository/org/apache/maven/shared/maven-shared-utils/3.4.2/maven-shared-utils-3.4.2.pom	a941745d7faeb8dc9a75edc2c330c994b7440b9a44d21142716b6053967a41c1
org.apache.maven.plugins:maven-compiler-plugin:3.15.0	org.apache.maven.shared:maven-shared-incremental:1.1	compile	1	org.apache.maven.plugins:maven-compiler-plugin:3.15.0	/home/phuclam/.m2/repository/org/apache/maven/shared/maven-shared-incremental/1.1/maven-shared-incremental-1.1.jar	61988e54486a5dc38f06c70fdae5b108556c63bd433697b9f4305fcdb30fa40e	/home/phuclam/.m2/repository/org/apache/maven/shared/maven-shared-incremental/1.1/maven-shared-incremental-1.1.pom	f21d19eb49b4a66cd85354a9ee7335439ea92a368173760a202766008cc19924
org.apache.maven.plugins:maven-compiler-plugin:3.15.0	org.codehaus.plexus:plexus-java:1.5.2	compile	1	org.apache.maven.plugins:maven-compiler-plugin:3.15.0	/home/phuclam/.m2/repository/org/codehaus/plexus/plexus-java/1.5.2/plexus-java-1.5.2.jar	1e6a4298e145c1e23af430b04ac53d76dc11077e0f3d36ef9c027ce790d96505	/home/phuclam/.m2/repository/org/codehaus/plexus/plexus-java/1.5.2/plexus-java-1.5.2.pom	9617b619010dbb95c237e35bff7ee1d336cbcfd9ff5c229a935a9e3587ff0c37
org.apache.maven.plugins:maven-compiler-plugin:3.15.0	org.codehaus.plexus:plexus-compiler-api:2.16.2	compile	1	org.apache.maven.plugins:maven-compiler-plugin:3.15.0	/home/phuclam/.m2/repository/org/codehaus/plexus/plexus-compiler-api/2.16.2/plexus-compiler-api-2.16.2.jar	db34d13c8d688063a946922f4de448c909ba43fec355ea15514495f33072b031	/home/phuclam/.m2/repository/org/codehaus/plexus/plexus-compiler-api/2.16.2/plexus-compiler-api-2.16.2.pom	ae7ca19e5a3bafdf92a403edf8af5876c746024424059c719b1544de48384ff8
org.apache.maven.plugins:maven-compiler-plugin:3.15.0	org.codehaus.plexus:plexus-compiler-manager:2.16.2	compile	1	org.apache.maven.plugins:maven-compiler-plugin:3.15.0	/home/phuclam/.m2/repository/org/codehaus/plexus/plexus-compiler-manager/2.16.2/plexus-compiler-manager-2.16.2.jar	99630ac196571a2754baa143a12723795b13020631902a6dff18dfb997e59b0e	/home/phuclam/.m2/repository/org/codehaus/plexus/plexus-compiler-manager/2.16.2/plexus-compiler-manager-2.16.2.pom	ba8d233dd73fc97c10f84bf23ef8f632cd19ced0f85dc335be2bdcb8e28e7bd0
org.apache.maven.plugins:maven-compiler-plugin:3.15.0	org.codehaus.plexus:plexus-compiler-javac:2.16.2	runtime	1	org.apache.maven.plugins:maven-compiler-plugin:3.15.0	/home/phuclam/.m2/repository/org/codehaus/plexus/plexus-compiler-javac/2.16.2/plexus-compiler-javac-2.16.2.jar	e48141c146d6cb96619aafb07b2e10e1ac08f339e96ae4067ddd9c2d0f626672	/home/phuclam/.m2/repository/org/codehaus/plexus/plexus-compiler-javac/2.16.2/plexus-compiler-javac-2.16.2.pom	b648754e6d99b381f7fc40328849c6f24d454263c03cf89c737d7c29831eb208
org.apache.maven.plugins:maven-compiler-plugin:3.15.0	org.codehaus.plexus:plexus-utils:4.0.2	compile	1	org.apache.maven.plugins:maven-compiler-plugin:3.15.0	/home/phuclam/.m2/repository/org/codehaus/plexus/plexus-utils/4.0.2/plexus-utils-4.0.2.jar	8957274e75fe2c278b1428dd16a0daeee1dd38152cb6eff816177ac28fccb697	/home/phuclam/.m2/repository/org/codehaus/plexus/plexus-utils/4.0.2/plexus-utils-4.0.2.pom	5151c13bdd7cc3a5569583a7f4267392f013ffd3115eab8db5f86de420a366af
org.apache.maven.plugins:maven-compiler-plugin:3.15.0	org.slf4j:slf4j-api:1.7.36	compile	2	org.apache.maven.shared:maven-shared-utils:3.4.2	/home/phuclam/.m2/repository/org/slf4j/slf4j-api/1.7.36/slf4j-api-1.7.36.jar	d3ef575e3e4979678dc01bf1dcce51021493b4d11fb7f1be8ad982877c16a1c0	/home/phuclam/.m2/repository/org/slf4j/slf4j-api/1.7.36/slf4j-api-1.7.36.pom	fb046a9c229437928bb11c2d27c8b5d773eb8a25e60cbd253d985210dedc2684
org.apache.maven.plugins:maven-compiler-plugin:3.15.0	commons-io:commons-io:2.11.0	compile	2	org.apache.maven.shared:maven-shared-utils:3.4.2	/home/phuclam/.m2/repository/commons-io/commons-io/2.11.0/commons-io-2.11.0.jar	961b2f6d87dbacc5d54abf45ab7a6e2495f89b75598962d8c723cea9bc210908	/home/phuclam/.m2/repository/commons-io/commons-io/2.11.0/commons-io-2.11.0.pom	2e016fd7e3244b5f2c20acad834d93aa4790486ee1e4564641361a3e831eef59
org.apache.maven.plugins:maven-compiler-plugin:3.15.0	com.thoughtworks.qdox:qdox:2.2.0	compile	2	org.codehaus.plexus:plexus-java:1.5.2	/home/phuclam/.m2/repository/com/thoughtworks/qdox/qdox/2.2.0/qdox-2.2.0.jar	c260c3230b2340af97d54bf01f7f67ebc57c901922736c881bb11cb981302be2	/home/phuclam/.m2/repository/com/thoughtworks/qdox/qdox/2.2.0/qdox-2.2.0.pom	c850fbad0b05eada85ca1bce22409a75f758aea0ca1e47a828c6a505ad361fab
org.apache.maven.plugins:maven-compiler-plugin:3.15.0	javax.inject:javax.inject:1	compile	2	org.codehaus.plexus:plexus-compiler-manager:2.16.2	/home/phuclam/.m2/repository/javax/inject/javax.inject/1/javax.inject-1.jar	91c77044a50c481636c32d916fd89c9118a72195390452c81065080f957de7ff	/home/phuclam/.m2/repository/javax/inject/javax.inject/1/javax.inject-1.pom	943e12b100627804638fa285805a0ab788a680266531e650921ebfe4621a8bfa
org.apache.maven.plugins:maven-compiler-plugin:3.15.0	org.codehaus.plexus:plexus-xml:3.0.1	compile	2	org.codehaus.plexus:plexus-compiler-manager:2.16.2	/home/phuclam/.m2/repository/org/codehaus/plexus/plexus-xml/3.0.1/plexus-xml-3.0.1.jar	c1a510a87a62bd2d74ac1472dd31c3f9e9b0b8b8568f37d77c0f135415bebd05	/home/phuclam/.m2/repository/org/codehaus/plexus/plexus-xml/3.0.1/plexus-xml-3.0.1.pom	3242ddc20873f71b381c333b22afb9cf3596d6a63b6683036a16bd51bc8721a4
org.apache.maven.plugins:maven-jar-plugin:3.5.1	org.apache.maven.plugins:maven-jar-plugin:3.5.1	compile	0	ROOT	/home/phuclam/.m2/repository/org/apache/maven/plugins/maven-jar-plugin/3.5.1/maven-jar-plugin-3.5.1.jar	c83db6059be3fec9a4a68a0e226caefaa944663008617c697e087444415181d5	/home/phuclam/.m2/repository/org/apache/maven/plugins/maven-jar-plugin/3.5.1/maven-jar-plugin-3.5.1.pom	32de38ee39a6985e777019a6364774c02781ee312f9f4e530bbdb45b875b1e38
org.apache.maven.plugins:maven-jar-plugin:3.5.1	org.apache.maven.shared:file-management:3.2.0	compile	1	org.apache.maven.plugins:maven-jar-plugin:3.5.1	/home/phuclam/.m2/repository/org/apache/maven/shared/file-management/3.2.0/file-management-3.2.0.jar	32ac469785dd1547ac71437e4c3916c4a56a3d69303cb08d789ecdd0bfd1d6de	/home/phuclam/.m2/repository/org/apache/maven/shared/file-management/3.2.0/file-management-3.2.0.pom	04e3bdd6d1920d1cdba206bc35dd3c6e0646c5730969f8b5d5397e5f1c7b5edd
org.apache.maven.plugins:maven-jar-plugin:3.5.1	org.apache.maven:maven-archiver:3.6.6	compile	1	org.apache.maven.plugins:maven-jar-plugin:3.5.1	/home/phuclam/.m2/repository/org/apache/maven/maven-archiver/3.6.6/maven-archiver-3.6.6.jar	9037dee318a68d7ee5dd2e20f2e657a39597ed2622b52e325ab9becddfbc4d38	/home/phuclam/.m2/repository/org/apache/maven/maven-archiver/3.6.6/maven-archiver-3.6.6.pom	4232a2477bcaacca4cb1b67af032d8683fc6a61aebd96a61a901ebc7e7e391e1
org.apache.maven.plugins:maven-jar-plugin:3.5.1	org.codehaus.plexus:plexus-archiver:4.12.0	compile	1	org.apache.maven.plugins:maven-jar-plugin:3.5.1	/home/phuclam/.m2/repository/org/codehaus/plexus/plexus-archiver/4.12.0/plexus-archiver-4.12.0.jar	b1e9798a6d711d1e7760d50c78be8be746bb546b87df0a2d7ef67db5eda5431e	/home/phuclam/.m2/repository/org/codehaus/plexus/plexus-archiver/4.12.0/plexus-archiver-4.12.0.pom	4b3b26c438d0b41d5a0613787115ea4013adeae1478314535976b2b3a65fc2f8
org.apache.maven.plugins:maven-jar-plugin:3.5.1	javax.inject:javax.inject:1	compile	1	org.apache.maven.plugins:maven-jar-plugin:3.5.1	/home/phuclam/.m2/repository/javax/inject/javax.inject/1/javax.inject-1.jar	91c77044a50c481636c32d916fd89c9118a72195390452c81065080f957de7ff	/home/phuclam/.m2/repository/javax/inject/javax.inject/1/javax.inject-1.pom	943e12b100627804638fa285805a0ab788a680266531e650921ebfe4621a8bfa
org.apache.maven.plugins:maven-jar-plugin:3.5.1	org.slf4j:slf4j-api:1.7.36	compile	1	org.apache.maven.plugins:maven-jar-plugin:3.5.1	/home/phuclam/.m2/repository/org/slf4j/slf4j-api/1.7.36/slf4j-api-1.7.36.jar	d3ef575e3e4979678dc01bf1dcce51021493b4d11fb7f1be8ad982877c16a1c0	/home/phuclam/.m2/repository/org/slf4j/slf4j-api/1.7.36/slf4j-api-1.7.36.pom	fb046a9c229437928bb11c2d27c8b5d773eb8a25e60cbd253d985210dedc2684
org.apache.maven.plugins:maven-jar-plugin:3.5.1	commons-io:commons-io:2.22.0	compile	1	org.apache.maven.plugins:maven-jar-plugin:3.5.1	/home/phuclam/.m2/repository/commons-io/commons-io/2.22.0/commons-io-2.22.0.jar	2b9a7b1f726fb86216dbd2c8321eabe0221dbd5b1be81c18e1cb53811b104758	/home/phuclam/.m2/repository/commons-io/commons-io/2.22.0/commons-io-2.22.0.pom	6425cec0ea760035efa77277de85f89fa6dbed147ab3dd95b8d2cbc55340accf
org.apache.maven.plugins:maven-jar-plugin:3.5.1	org.codehaus.plexus:plexus-utils:4.0.3	compile	2	org.apache.maven.shared:file-management:3.2.0	/home/phuclam/.m2/repository/org/codehaus/plexus/plexus-utils/4.0.3/plexus-utils-4.0.3.jar	421ff6ed146c53a9d4eaade8f629b52b12af7187101f1bd06c2c64e904019f3c	/home/phuclam/.m2/repository/org/codehaus/plexus/plexus-utils/4.0.3/plexus-utils-4.0.3.pom	35736658f3fe1efa395086c91df2592664fafa24c3f2608fdaba1136d17fd360
org.apache.maven.plugins:maven-jar-plugin:3.5.1	org.codehaus.plexus:plexus-interpolation:1.29	compile	2	org.apache.maven:maven-archiver:3.6.6	/home/phuclam/.m2/repository/org/codehaus/plexus/plexus-interpolation/1.29/plexus-interpolation-1.29.jar	088d444dbcedfb384630d8686697ece3c401d6f33c8f8b3aa7259ea1c6996878	/home/phuclam/.m2/repository/org/codehaus/plexus/plexus-interpolation/1.29/plexus-interpolation-1.29.pom	ce0d5634297bb1e065dddfdc8a2a5675717c08e8f4783edcf581543711516938
org.apache.maven.plugins:maven-jar-plugin:3.5.1	org.codehaus.plexus:plexus-xml:3.0.1	compile	2	org.apache.maven:maven-archiver:3.6.6	/home/phuclam/.m2/repository/org/codehaus/plexus/plexus-xml/3.0.1/plexus-xml-3.0.1.jar	c1a510a87a62bd2d74ac1472dd31c3f9e9b0b8b8568f37d77c0f135415bebd05	/home/phuclam/.m2/repository/org/codehaus/plexus/plexus-xml/3.0.1/plexus-xml-3.0.1.pom	3242ddc20873f71b381c333b22afb9cf3596d6a63b6683036a16bd51bc8721a4
org.apache.maven.plugins:maven-jar-plugin:3.5.1	org.codehaus.plexus:plexus-io:3.6.0	compile	2	org.codehaus.plexus:plexus-archiver:4.12.0	/home/phuclam/.m2/repository/org/codehaus/plexus/plexus-io/3.6.0/plexus-io-3.6.0.jar	fc0f3effea7514e4f214df1afb672f54c982e78e5ca3b32b34196c7d056a1aa4	/home/phuclam/.m2/repository/org/codehaus/plexus/plexus-io/3.6.0/plexus-io-3.6.0.pom	653432ed213573b6b209deb7346dc2ed89f20e647dbdb6fc868051b334b31d27
org.apache.maven.plugins:maven-jar-plugin:3.5.1	org.apache.commons:commons-compress:1.28.0	compile	2	org.codehaus.plexus:plexus-archiver:4.12.0	/home/phuclam/.m2/repository/org/apache/commons/commons-compress/1.28.0/commons-compress-1.28.0.jar	e1522945218456f3649a39bc4afd70ce4bd466221519dba7d378f2141a4642ca	/home/phuclam/.m2/repository/org/apache/commons/commons-compress/1.28.0/commons-compress-1.28.0.pom	033f4c78d632da88d0eb8ead974fc14a264392cebf12ab6c68d6cea7adf0c64a
org.apache.maven.plugins:maven-jar-plugin:3.5.1	org.tukaani:xz:1.12	runtime	2	org.codehaus.plexus:plexus-archiver:4.12.0	/home/phuclam/.m2/repository/org/tukaani/xz/1.12/xz-1.12.jar	3e158a87bd73d8afb4b6e8239c013b7d049c48563f45860ce99cd2e448cf4a6b	/home/phuclam/.m2/repository/org/tukaani/xz/1.12/xz-1.12.pom	937b44d869c059c39f07ae194d8cd6219f5aebf2200ef9707f0b50b7837da281
org.apache.maven.plugins:maven-jar-plugin:3.5.1	com.github.luben:zstd-jni:1.5.7-9	runtime	2	org.codehaus.plexus:plexus-archiver:4.12.0	/home/phuclam/.m2/repository/com/github/luben/zstd-jni/1.5.7-9/zstd-jni-1.5.7-9.jar	087d02f39a46ab79b18f883ac7c3a3d6c2df1fd3bf7eaafeade699e0743d0dbe	/home/phuclam/.m2/repository/com/github/luben/zstd-jni/1.5.7-9/zstd-jni-1.5.7-9.pom	4412e133520b8f9d01d3601080ce7fe146ee486f6a5a69ca9278d4a4ec69704d
org.apache.maven.plugins:maven-jar-plugin:3.5.1	commons-codec:commons-codec:1.19.0	compile	3	org.apache.commons:commons-compress:1.28.0	/home/phuclam/.m2/repository/commons-codec/commons-codec/1.19.0/commons-codec-1.19.0.jar	5c3881e4f556855e9c532927ee0c9dfde94cc66760d5805c031a59887070af5f	/home/phuclam/.m2/repository/commons-codec/commons-codec/1.19.0/commons-codec-1.19.0.pom	e0f3269fa23de0c83130c5659f5f9514cc5422c0bcdf45f2eae004a78b9fca34
org.apache.maven.plugins:maven-jar-plugin:3.5.1	org.apache.commons:commons-lang3:3.18.0	compile	3	org.apache.commons:commons-compress:1.28.0	/home/phuclam/.m2/repository/org/apache/commons/commons-lang3/3.18.0/commons-lang3-3.18.0.jar	4eeeae8d20c078abb64b015ec158add383ac581571cddc45c68f0c9ae0230720	/home/phuclam/.m2/repository/org/apache/commons/commons-lang3/3.18.0/commons-lang3-3.18.0.pom	aa254b373b6f6d46bc9dca86331b072a8ab86eb25ea9921fd439618392e98a16
org.springframework.boot:spring-boot-maven-plugin:4.1.1	org.springframework.boot:spring-boot-maven-plugin:4.1.1	compile	0	ROOT	/home/phuclam/.m2/repository/org/springframework/boot/spring-boot-maven-plugin/4.1.1/spring-boot-maven-plugin-4.1.1.jar	c8e1a3f44dab037f9ff23d31a1db00e937da5a56c96404d91e83fdc22c13bd56	/home/phuclam/.m2/repository/org/springframework/boot/spring-boot-maven-plugin/4.1.1/spring-boot-maven-plugin-4.1.1.pom	cc0890a4a1aa27c128f8fb056d824ddac03bd7b480e292a42ab551965e2f12d8
org.springframework.boot:spring-boot-maven-plugin:4.1.1	org.springframework.boot:spring-boot-buildpack-platform:4.1.1	runtime	1	org.springframework.boot:spring-boot-maven-plugin:4.1.1	/home/phuclam/.m2/repository/org/springframework/boot/spring-boot-buildpack-platform/4.1.1/spring-boot-buildpack-platform-4.1.1.jar	732e099296492e24b60894553dab8349da84dc2f02c84322ac3e6eadb7968539	/home/phuclam/.m2/repository/org/springframework/boot/spring-boot-buildpack-platform/4.1.1/spring-boot-buildpack-platform-4.1.1.pom	908ca6b1639d2226826be54684b8ffe89a7da7a0e1dee00ace98aa8690fb0e48
org.springframework.boot:spring-boot-maven-plugin:4.1.1	org.springframework.boot:spring-boot-loader-tools:4.1.1	runtime	1	org.springframework.boot:spring-boot-maven-plugin:4.1.1	/home/phuclam/.m2/repository/org/springframework/boot/spring-boot-loader-tools/4.1.1/spring-boot-loader-tools-4.1.1.jar	b26911978c785fcb894b398c5a781e409682309bf083b9587083fdd02be06a96	/home/phuclam/.m2/repository/org/springframework/boot/spring-boot-loader-tools/4.1.1/spring-boot-loader-tools-4.1.1.pom	c86c88cac082444ee4733d542ea6208fdc54574b50d97beed9973ee811bd16fe
org.springframework.boot:spring-boot-maven-plugin:4.1.1	org.apache.maven.shared:maven-common-artifact-filters:3.4.0	runtime	1	org.springframework.boot:spring-boot-maven-plugin:4.1.1	/home/phuclam/.m2/repository/org/apache/maven/shared/maven-common-artifact-filters/3.4.0/maven-common-artifact-filters-3.4.0.jar	931a77aa9dad6c91f10fcfafa70adc7608c004576b4924c74ecbffb27568a880	/home/phuclam/.m2/repository/org/apache/maven/shared/maven-common-artifact-filters/3.4.0/maven-common-artifact-filters-3.4.0.pom	c93581d69b337c1fcc0957c727c430180b6387276ef1d3c2976c175e93765eb1
org.springframework.boot:spring-boot-maven-plugin:4.1.1	org.sonatype.plexus:plexus-build-api:0.0.7	runtime	1	org.springframework.boot:spring-boot-maven-plugin:4.1.1	/home/phuclam/.m2/repository/org/sonatype/plexus/plexus-build-api/0.0.7/plexus-build-api-0.0.7.jar	934171640fbd3d2495c50b79b0d9adb11e2c83e65bad157df8fe34bcac0ff798	/home/phuclam/.m2/repository/org/sonatype/plexus/plexus-build-api/0.0.7/plexus-build-api-0.0.7.pom	e067317a47ed9e84b2ba85a76d3cf72980e2b0dc873a90b9cbfe74fe80c37c17
org.springframework.boot:spring-boot-maven-plugin:4.1.1	org.springframework:spring-core:7.0.9	runtime	1	org.springframework.boot:spring-boot-maven-plugin:4.1.1	/home/phuclam/.m2/repository/org/springframework/spring-core/7.0.9/spring-core-7.0.9.jar	5195f4722699b39878d99a832549fe65df2890b159d063b88fff31b1ca65ae36	/home/phuclam/.m2/repository/org/springframework/spring-core/7.0.9/spring-core-7.0.9.pom	2e706b82c4dfbf3ad2a7a59176821550baba49a4b1f791136842d224ab7757ff
org.springframework.boot:spring-boot-maven-plugin:4.1.1	org.springframework:spring-context:7.0.9	runtime	1	org.springframework.boot:spring-boot-maven-plugin:4.1.1	/home/phuclam/.m2/repository/org/springframework/spring-context/7.0.9/spring-context-7.0.9.jar	7552a2fcfa30cea53eb14d7a65a7a8e1b1dd82e832a7164fb7e6fb105f438858	/home/phuclam/.m2/repository/org/springframework/spring-context/7.0.9/spring-context-7.0.9.pom	2acb4ac44a7ffac104c2b8eb9b595ad342459acd503806588e7e2f7ac73df5e0
org.springframework.boot:spring-boot-maven-plugin:4.1.1	org.apache.maven.plugins:maven-shade-plugin:3.6.0	compile	1	org.springframework.boot:spring-boot-maven-plugin:4.1.1	/home/phuclam/.m2/repository/org/apache/maven/plugins/maven-shade-plugin/3.6.0/maven-shade-plugin-3.6.0.jar	f66fa16d7db430097c222ed82e84d9a1304cab973caf818168f1251695b7e007	/home/phuclam/.m2/repository/org/apache/maven/plugins/maven-shade-plugin/3.6.0/maven-shade-plugin-3.6.0.pom	8fdf596c3cc0a728f1b244566c9621f4cb79204d5b0c396c02545ff24cd29e5f
org.springframework.boot:spring-boot-maven-plugin:4.1.1	net.java.dev.jna:jna-platform:5.17.0	runtime	2	org.springframework.boot:spring-boot-buildpack-platform:4.1.1	/home/phuclam/.m2/repository/net/java/dev/jna/jna-platform/5.17.0/jna-platform-5.17.0.jar	b7e3d46c87bad2eb409b0e704916bcd81206168e357312dfddd0e253679cd9e0	/home/phuclam/.m2/repository/net/java/dev/jna/jna-platform/5.17.0/jna-platform-5.17.0.pom	0a30b797adb6822147ef98cb249ef3fbf4a243542aa86bf9f42fad9e68305a44
org.springframework.boot:spring-boot-maven-plugin:4.1.1	org.apache.commons:commons-compress:1.27.1	runtime	2	org.springframework.boot:spring-boot-buildpack-platform:4.1.1	/home/phuclam/.m2/repository/org/apache/commons/commons-compress/1.27.1/commons-compress-1.27.1.jar	293d80f54b536b74095dcd7ea3cf0a29bbfc3402519281332495f4420d370d16	/home/phuclam/.m2/repository/org/apache/commons/commons-compress/1.27.1/commons-compress-1.27.1.pom	df8cc1a8387d4ce842363b7209fdc6d35df9763839fd3fcab558a0f83f9d841c
org.springframework.boot:spring-boot-maven-plugin:4.1.1	org.apache.httpcomponents.client5:httpclient5:5.6.4	runtime	2	org.springframework.boot:spring-boot-buildpack-platform:4.1.1	/home/phuclam/.m2/repository/org/apache/httpcomponents/client5/httpclient5/5.6.4/httpclient5-5.6.4.jar	bdef5f8841145cd76c4c605ff301bc840eea0d5292332b7b892a93316c0d8ee1	/home/phuclam/.m2/repository/org/apache/httpcomponents/client5/httpclient5/5.6.4/httpclient5-5.6.4.pom	dbc08440438d5e8a600041a9b61e249f0c7d9d86b998e72a9a03900b4c64aa44
org.springframework.boot:spring-boot-maven-plugin:4.1.1	org.tomlj:tomlj:1.0.0	runtime	2	org.springframework.boot:spring-boot-buildpack-platform:4.1.1	/home/phuclam/.m2/repository/org/tomlj/tomlj/1.0.0/tomlj-1.0.0.jar	32697c7567b2921c473678a820b13fc64700aa87bb14576eeb48d0ed5847cfd4	/home/phuclam/.m2/repository/org/tomlj/tomlj/1.0.0/tomlj-1.0.0.pom	ad8192007f73450c51c880305f14dd22ac551449b721b585fc51231422cb0913
org.springframework.boot:spring-boot-maven-plugin:4.1.1	tools.jackson.core:jackson-databind:3.1.5	runtime	2	org.springframework.boot:spring-boot-buildpack-platform:4.1.1	/home/phuclam/.m2/repository/tools/jackson/core/jackson-databind/3.1.5/jackson-databind-3.1.5.jar	3a2338d996fd3056791df8d335fa9ba8a62a706ed4245ecf81b3e583df37d08a	/home/phuclam/.m2/repository/tools/jackson/core/jackson-databind/3.1.5/jackson-databind-3.1.5.pom	936e8997b549de56212543c2abf9e91fba0946be514afa956d714c2dc29ea2c8
org.springframework.boot:spring-boot-maven-plugin:4.1.1	org.slf4j:slf4j-api:1.7.36	runtime	2	org.apache.maven.shared:maven-common-artifact-filters:3.4.0	/home/phuclam/.m2/repository/org/slf4j/slf4j-api/1.7.36/slf4j-api-1.7.36.jar	d3ef575e3e4979678dc01bf1dcce51021493b4d11fb7f1be8ad982877c16a1c0	/home/phuclam/.m2/repository/org/slf4j/slf4j-api/1.7.36/slf4j-api-1.7.36.pom	fb046a9c229437928bb11c2d27c8b5d773eb8a25e60cbd253d985210dedc2684
org.springframework.boot:spring-boot-maven-plugin:4.1.1	org.apache.maven.resolver:maven-resolver-util:1.4.1	runtime	2	org.apache.maven.shared:maven-common-artifact-filters:3.4.0	/home/phuclam/.m2/repository/org/apache/maven/resolver/maven-resolver-util/1.4.1/maven-resolver-util-1.4.1.jar	6b2184872fa7cc2ef5a90481b56af9711c15b371e69ab52f0f31bf24e910dd82	/home/phuclam/.m2/repository/org/apache/maven/resolver/maven-resolver-util/1.4.1/maven-resolver-util-1.4.1.pom	a58c932e967e85e7bcb8d4adaedd14a5221a1750a1d089c5086c4d73df505155
org.springframework.boot:spring-boot-maven-plugin:4.1.1	commons-logging:commons-logging:1.3.5	runtime	2	org.springframework:spring-core:7.0.9	/home/phuclam/.m2/repository/commons-logging/commons-logging/1.3.5/commons-logging-1.3.5.jar	6d7a744e4027649fbb50895df9497d109f98c766a637062fe8d2eabbb3140ba4	/home/phuclam/.m2/repository/commons-logging/commons-logging/1.3.5/commons-logging-1.3.5.pom	ccf4a30346f5027b9496abd56290ac26d159abf2be64df1265611dc9400b9d68
org.springframework.boot:spring-boot-maven-plugin:4.1.1	org.jspecify:jspecify:1.0.0	runtime	2	org.springframework:spring-core:7.0.9	/home/phuclam/.m2/repository/org/jspecify/jspecify/1.0.0/jspecify-1.0.0.jar	1fad6e6be7557781e4d33729d49ae1cdc8fdda6fe477bb0cc68ce351eafdfbab	/home/phuclam/.m2/repository/org/jspecify/jspecify/1.0.0/jspecify-1.0.0.pom	cdab929a3b95211f43d2090c5e2d0dfe8465960e378bc32b35841dab324433a6
org.springframework.boot:spring-boot-maven-plugin:4.1.1	org.springframework:spring-aop:7.0.9	runtime	2	org.springframework:spring-context:7.0.9	/home/phuclam/.m2/repository/org/springframework/spring-aop/7.0.9/spring-aop-7.0.9.jar	b8c5d6bfcb1f4993f2cc124f7ab7fac40edf5256b9e43c2f7250a733cb5510e9	/home/phuclam/.m2/repository/org/springframework/spring-aop/7.0.9/spring-aop-7.0.9.pom	3d92b6a5afb119e6a0bfe0f0c2eef71961e01cd120b676b59c1d39ad7e320aca
org.springframework.boot:spring-boot-maven-plugin:4.1.1	org.springframework:spring-beans:7.0.9	runtime	2	org.springframework:spring-context:7.0.9	/home/phuclam/.m2/repository/org/springframework/spring-beans/7.0.9/spring-beans-7.0.9.jar	ff218b827a25c9e8929b0cd56dfb56916cea9d5b669ed97dc7cb262508ff548b	/home/phuclam/.m2/repository/org/springframework/spring-beans/7.0.9/spring-beans-7.0.9.pom	5d16df49927351da326714c3dfa3e1dd53fd271057e34265b9256377d1fe6d16
org.springframework.boot:spring-boot-maven-plugin:4.1.1	org.springframework:spring-expression:7.0.9	runtime	2	org.springframework:spring-context:7.0.9	/home/phuclam/.m2/repository/org/springframework/spring-expression/7.0.9/spring-expression-7.0.9.jar	046434c40f43819729b9b1db0e6c659dfa68184c1c2c2efa5f7b3a5b27c4e2e2	/home/phuclam/.m2/repository/org/springframework/spring-expression/7.0.9/spring-expression-7.0.9.pom	d0ac675cf4da02b56a5cb3140f533ba7dd7d95b9f1c6d69ad49492b17c83584e
org.springframework.boot:spring-boot-maven-plugin:4.1.1	io.micrometer:micrometer-observation:1.16.7	runtime	2	org.springframework:spring-context:7.0.9	/home/phuclam/.m2/repository/io/micrometer/micrometer-observation/1.16.7/micrometer-observation-1.16.7.jar	74f9e4d51ef30c141de8a2409879282e572eef98665e033e8922c2fbee16862d	/home/phuclam/.m2/repository/io/micrometer/micrometer-observation/1.16.7/micrometer-observation-1.16.7.pom	571213d4dbac9f29992a9c5f9909e312e3d17ca3cfaa975aa9f4b05af49389bd
org.springframework.boot:spring-boot-maven-plugin:4.1.1	org.codehaus.plexus:plexus-utils:3.5.1	compile	2	org.apache.maven.plugins:maven-shade-plugin:3.6.0	/home/phuclam/.m2/repository/org/codehaus/plexus/plexus-utils/3.5.1/plexus-utils-3.5.1.jar	86e0255d4c879c61b4833ed7f13124e8bb679df47debb127326e7db7dd49a07b	/home/phuclam/.m2/repository/org/codehaus/plexus/plexus-utils/3.5.1/plexus-utils-3.5.1.pom	94ff68edeb48204d12c99189c767164d3a9f778a1372d1dce11a41462e6236f2
org.springframework.boot:spring-boot-maven-plugin:4.1.1	org.ow2.asm:asm:9.7	compile	2	org.apache.maven.plugins:maven-shade-plugin:3.6.0	/home/phuclam/.m2/repository/org/ow2/asm/asm/9.7/asm-9.7.jar	adf46d5e34940bdf148ecdd26a9ee8eea94496a72034ff7141066b3eea5c4e9d	/home/phuclam/.m2/repository/org/ow2/asm/asm/9.7/asm-9.7.pom	de00115f1d84f3a0b2ee3a4b6f6192d066f86d185d67b9d1522f2c80feac5f00
org.springframework.boot:spring-boot-maven-plugin:4.1.1	org.ow2.asm:asm-commons:9.7	compile	2	org.apache.maven.plugins:maven-shade-plugin:3.6.0	/home/phuclam/.m2/repository/org/ow2/asm/asm-commons/9.7/asm-commons-9.7.jar	389bc247958e049fc9a0408d398c92c6d370c18035120395d4cba1d9d9304b7a	/home/phuclam/.m2/repository/org/ow2/asm/asm-commons/9.7/asm-commons-9.7.pom	5acee3ee7252ed90b8074c755d022787499a95fafff98ac4a685107c4da409b4
org.springframework.boot:spring-boot-maven-plugin:4.1.1	org.jdom:jdom2:2.0.6.1	compile	2	org.apache.maven.plugins:maven-shade-plugin:3.6.0	/home/phuclam/.m2/repository/org/jdom/jdom2/2.0.6.1/jdom2-2.0.6.1.jar	0b20f45e3a0fd8f0d12cdc5316b06776e902b1365db00118876f9175c60f302c	/home/phuclam/.m2/repository/org/jdom/jdom2/2.0.6.1/jdom2-2.0.6.1.pom	55795e1018b8ae647b937967cf810a99b08582c2374e7873c128734c8c914bf3
org.springframework.boot:spring-boot-maven-plugin:4.1.1	commons-io:commons-io:2.16.1	compile	2	org.apache.maven.plugins:maven-shade-plugin:3.6.0	/home/phuclam/.m2/repository/commons-io/commons-io/2.16.1/commons-io-2.16.1.jar	f41f7baacd716896447ace9758621f62c1c6b0a91d89acee488da26fc477c84f	/home/phuclam/.m2/repository/commons-io/commons-io/2.16.1/commons-io-2.16.1.pom	5777d292251c7895c04a4c57015683ec3b353a12486c9b3e7178e9b0b3c38fff
org.springframework.boot:spring-boot-maven-plugin:4.1.1	org.vafer:jdependency:2.10	compile	2	org.apache.maven.plugins:maven-shade-plugin:3.6.0	/home/phuclam/.m2/repository/org/vafer/jdependency/2.10/jdependency-2.10.jar	1dcd8355ab9ebced687715bf1252eb2aee5d0e74497a2014fd3387cfce8df85f	/home/phuclam/.m2/repository/org/vafer/jdependency/2.10/jdependency-2.10.pom	ab53f259ab5f6483d3dbb0235469e078d4a22cfd890771ab04f87db3a5b46067
org.springframework.boot:spring-boot-maven-plugin:4.1.1	net.java.dev.jna:jna:5.17.0	runtime	3	net.java.dev.jna:jna-platform:5.17.0	/home/phuclam/.m2/repository/net/java/dev/jna/jna/5.17.0/jna-5.17.0.jar	b3a9408e7c51e08ef0e3bfcc08f443f6ec0f6191ba8cd7c18d53d2b22e5bdbc0	/home/phuclam/.m2/repository/net/java/dev/jna/jna/5.17.0/jna-5.17.0.pom	501a0ff05d84a4ad10f6de25be94f49398b70a31be8f3a0ed9f4c6b44fbefee4
org.springframework.boot:spring-boot-maven-plugin:4.1.1	commons-codec:commons-codec:1.17.1	runtime	3	org.apache.commons:commons-compress:1.27.1	/home/phuclam/.m2/repository/commons-codec/commons-codec/1.17.1/commons-codec-1.17.1.jar	f9f6cb103f2ddc3c99a9d80ada2ae7bf0685111fd6bffccb72033d1da4e6ff23	/home/phuclam/.m2/repository/commons-codec/commons-codec/1.17.1/commons-codec-1.17.1.pom	7fa0db4d8150daf932958b8aea89ee24abb4d18e2316a5de535278fc131512a0
org.springframework.boot:spring-boot-maven-plugin:4.1.1	org.apache.commons:commons-lang3:3.16.0	runtime	3	org.apache.commons:commons-compress:1.27.1	/home/phuclam/.m2/repository/org/apache/commons/commons-lang3/3.16.0/commons-lang3-3.16.0.jar	08709dd74d602b705ce4017d26544210056a4ba583d5b20c09373406fe7a00f8	/home/phuclam/.m2/repository/org/apache/commons/commons-lang3/3.16.0/commons-lang3-3.16.0.pom	e280383956c2e72c1deb3a307b3b75f05ee43649b7d43f0215f7b6c7b15eea2c
org.springframework.boot:spring-boot-maven-plugin:4.1.1	org.apache.httpcomponents.core5:httpcore5:5.4.3	runtime	3	org.apache.httpcomponents.client5:httpclient5:5.6.4	/home/phuclam/.m2/repository/org/apache/httpcomponents/core5/httpcore5/5.4.3/httpcore5-5.4.3.jar	18bfbbabb478dfb67f31aeaf428c387f3c3df654582e1309f708ee1f3086830a	/home/phuclam/.m2/repository/org/apache/httpcomponents/core5/httpcore5/5.4.3/httpcore5-5.4.3.pom	a483ef99599cc5fe2c6105a91e2aa7ac46c1c357b559beb76c7045326dcbd3d1
org.springframework.boot:spring-boot-maven-plugin:4.1.1	org.apache.httpcomponents.core5:httpcore5-h2:5.4.3	runtime	3	org.apache.httpcomponents.client5:httpclient5:5.6.4	/home/phuclam/.m2/repository/org/apache/httpcomponents/core5/httpcore5-h2/5.4.3/httpcore5-h2-5.4.3.jar	c7db7026b8e2dea39132b04a6069f6671e2858309b20a146ec5c7dd6ed73a0b6	/home/phuclam/.m2/repository/org/apache/httpcomponents/core5/httpcore5-h2/5.4.3/httpcore5-h2-5.4.3.pom	05a81bab0c695ff79a381e4a1df0a6f582ba556b2d8d60be84c4dc8a9c9f5027
org.springframework.boot:spring-boot-maven-plugin:4.1.1	org.antlr:antlr4-runtime:4.7.2	runtime	3	org.tomlj:tomlj:1.0.0	/home/phuclam/.m2/repository/org/antlr/antlr4-runtime/4.7.2/antlr4-runtime-4.7.2.jar	4c518b87d4bdff8b44cd8cbc1af816e944b62a3fe5b80b781501cf1f4759bbc4	/home/phuclam/.m2/repository/org/antlr/antlr4-runtime/4.7.2/antlr4-runtime-4.7.2.pom	dc09cba98c25d3c06e4aec516885d4c3af03062ba55f4fe6283fc9cf176a60fb
org.springframework.boot:spring-boot-maven-plugin:4.1.1	com.google.code.findbugs:jsr305:3.0.2	runtime	3	org.tomlj:tomlj:1.0.0	/home/phuclam/.m2/repository/com/google/code/findbugs/jsr305/3.0.2/jsr305-3.0.2.jar	766ad2a0783f2687962c8ad74ceecc38a28b9f72a2d085ee438b7813e928d0c7	/home/phuclam/.m2/repository/com/google/code/findbugs/jsr305/3.0.2/jsr305-3.0.2.pom	19889dbdf1b254b2601a5ee645b8147a974644882297684c798afe5d63d78dfe
org.springframework.boot:spring-boot-maven-plugin:4.1.1	com.fasterxml.jackson.core:jackson-annotations:2.21	runtime	3	tools.jackson.core:jackson-databind:3.1.5	/home/phuclam/.m2/repository/com/fasterxml/jackson/core/jackson-annotations/2.21/jackson-annotations-2.21.jar	53ca085f4a150f703f49e1aabd935bd03b43e1ea3d55d135438292af22cef56b	/home/phuclam/.m2/repository/com/fasterxml/jackson/core/jackson-annotations/2.21/jackson-annotations-2.21.pom	71cac5392151e2a528cc9a09179f0a334179f05c52f8e596cf58ddf12bb27f2b
org.springframework.boot:spring-boot-maven-plugin:4.1.1	tools.jackson.core:jackson-core:3.1.5	runtime	3	tools.jackson.core:jackson-databind:3.1.5	/home/phuclam/.m2/repository/tools/jackson/core/jackson-core/3.1.5/jackson-core-3.1.5.jar	9431b7fa2673bbb618c11d865fe15e13222fd182a214ff998cb7e56afd8f35d2	/home/phuclam/.m2/repository/tools/jackson/core/jackson-core/3.1.5/jackson-core-3.1.5.pom	d05c1f9f436866306d26b8f482ce49507d2a5f5e0816e3a07f35096b9f83e1ba
org.springframework.boot:spring-boot-maven-plugin:4.1.1	org.apache.maven.resolver:maven-resolver-api:1.4.1	runtime	3	org.apache.maven.resolver:maven-resolver-util:1.4.1	/home/phuclam/.m2/repository/org/apache/maven/resolver/maven-resolver-api/1.4.1/maven-resolver-api-1.4.1.jar	33dc67306cc95da14e5444e8b494d967924abf1d01bae1894676164cbd3f6112	/home/phuclam/.m2/repository/org/apache/maven/resolver/maven-resolver-api/1.4.1/maven-resolver-api-1.4.1.pom	335513ce1dd2cf4c7d1dbfa1b8aa14656d9be5f9f3f0d0875ac528893c9f0f06
org.springframework.boot:spring-boot-maven-plugin:4.1.1	io.micrometer:micrometer-commons:1.16.7	runtime	3	io.micrometer:micrometer-observation:1.16.7	/home/phuclam/.m2/repository/io/micrometer/micrometer-commons/1.16.7/micrometer-commons-1.16.7.jar	cd1ad64a94650a2ed3988a4ab48c9a7fad40c4986a81e328194dd757b5170273	/home/phuclam/.m2/repository/io/micrometer/micrometer-commons/1.16.7/micrometer-commons-1.16.7.pom	dcae888435f6938ea96c7fa748e59b0590c776ecd8c92d2fdaf6e0be461d504c
org.springframework.boot:spring-boot-maven-plugin:4.1.1	org.ow2.asm:asm-tree:9.7	compile	3	org.ow2.asm:asm-commons:9.7	/home/phuclam/.m2/repository/org/ow2/asm/asm-tree/9.7/asm-tree-9.7.jar	62f4b3bc436045c1acb5c3ba2d8ec556ec3369093d7f5d06c747eb04b56d52b1	/home/phuclam/.m2/repository/org/ow2/asm/asm-tree/9.7/asm-tree-9.7.pom	a34ea1e3e4128c01038db43c6976e88c779cf5af84b0505da266dfe6965668ec
