coordinate	cached_path	jar_sha256	actual_roles	exact_terms	rights_basis	retained_legal_entry_hashes	obligations	historical_rights_disposition	prospective_t028_t030_process_scope
com.thoughtworks.qdox:qdox:2.2.0	/home/phuclam/.m2/repository/com/thoughtworks/qdox/qdox/2.2.0/qdox-2.2.0.jar	c260c3230b2340af97d54bf01f7f67ebc57c901922736c881bb11cb981302be2	plugin-acquisition-maven-compiler-plugin;plugin-realm-maven-compiler-plugin;plugin-acquisition-maven-surefire-plugin;plugin-realm-maven-surefire-plugin	Apache-2.0 project/generated inputs + conservative JFlex BSD-3-Clause notice retention; BYacc public-domain owner evidence	inventories/f05a-q02-rights-dispositions.tsv@f196be9;plexus-rights v0.2 C06; producer version UNKNOWN is authenticity limit	SOURCE_LEGAL_MAPPING_RETAINED_UPSTREAM	O1;O2;O3	APPROVED-WITH-OBLIGATIONS	T028_T030_PROCESS_AUTHORIZED_FINAL_ENVELOPE_PENDING
commons-io:commons-io:2.11.0	/home/phuclam/.m2/repository/commons-io/commons-io/2.11.0/commons-io-2.11.0.jar	961b2f6d87dbacc5d54abf45ab7a6e2495f89b75598962d8c723cea9bc210908	plugin-acquisition-maven-compiler-plugin;plugin-realm-maven-compiler-plugin	Apache-2.0	inventories/f05a-q02-rights-dispositions.tsv@f196be9;embedded	META-INF/LICENSE.txt=8c6db340475136df3c1201d458fa5755698eace76e510471ecc9d857d6083dac;META-INF/NOTICE.txt=ee61751b4bcbff8cd61712c6e19793bcdeb6ea29c32c2dd46f7c948dc1a74cfc	O1	APPROVED-WITH-OBLIGATIONS	T028_T030_PROCESS_AUTHORIZED_FINAL_ENVELOPE_PENDING
javax.inject:javax.inject:1	/home/phuclam/.m2/repository/javax/inject/javax.inject/1/javax.inject-1.jar	91c77044a50c481636c32d916fd89c9118a72195390452c81065080f957de7ff	plugin-acquisition-maven-resources-plugin;plugin-acquisition-maven-compiler-plugin	Apache-2.0	inventories/f05a-q02-rights-dispositions.tsv@f196be9;upstream-rights Q02-R14	SOURCE_LEGAL_MAPPING_RETAINED_UPSTREAM	O1,O2	APPROVED-WITH-OBLIGATIONS	T028_T030_PROCESS_AUTHORIZED_FINAL_ENVELOPE_PENDING
org.apache.maven.plugins:maven-compiler-plugin:3.15.0	/home/phuclam/.m2/repository/org/apache/maven/plugins/maven-compiler-plugin/3.15.0/maven-compiler-plugin-3.15.0.jar	6ea0ca0558ccf248c514aa94908d1f895a92e9b4e4604c1bb29f7a4ab1b833f0	plugin-acquisition-maven-compiler-plugin;plugin-realm-maven-compiler-plugin	Apache-2.0	inventories/f05a-q02-rights-dispositions.tsv@f196be9;embedded	META-INF/LICENSE=cfc7749b96f63bd31c3c42b5c471bf756814053e847c10f3eb003417bc523d30;META-INF/NOTICE=db037b223e7ca11a75c5cb06a2e8b45cc2498cc25a9605cefea3b1b447618d4d	O1	APPROVED-WITH-OBLIGATIONS	T028_T030_PROCESS_AUTHORIZED_FINAL_ENVELOPE_PENDING
org.apache.maven.plugins:maven-resources-plugin:3.5.0	/home/phuclam/.m2/repository/org/apache/maven/plugins/maven-resources-plugin/3.5.0/maven-resources-plugin-3.5.0.jar	2c923c63a197565a3e78f2b16d762d0f49bb83250dd2b1e6286704ea0f447060	plugin-acquisition-maven-resources-plugin;plugin-realm-maven-resources-plugin	Apache-2.0	inventories/f05a-q02-rights-dispositions.tsv@f196be9;embedded	META-INF/LICENSE=cfc7749b96f63bd31c3c42b5c471bf756814053e847c10f3eb003417bc523d30;META-INF/NOTICE=092b6e0eb9293b38cef72257b04b589852307f8c3ced43e40bb5d57f4f64ba29	O1	APPROVED-WITH-OBLIGATIONS	T028_T030_PROCESS_AUTHORIZED_FINAL_ENVELOPE_PENDING
org.apache.maven.plugins:maven-surefire-plugin:3.5.6	/home/phuclam/.m2/repository/org/apache/maven/plugins/maven-surefire-plugin/3.5.6/maven-surefire-plugin-3.5.6.jar	5fea3d2f0ad1d790717d66aa31d995c22ca528612316f8380d67c40367af3464	plugin-acquisition-maven-surefire-plugin;plugin-realm-maven-surefire-plugin	Apache-2.0	https://github.com/apache/maven-surefire/blob/surefire-3.5.6/LICENSE; exact embedded LICENSE/NOTICE	META-INF/LICENSE=cfc7749b96f63bd31c3c42b5c471bf756814053e847c10f3eb003417bc523d30;META-INF/NOTICE=fad05c3462795da62619a83b2f4be48e94177f8255432b7b2016404f27c27cc7	AP2_NOTICE_PATENT_TRADEMARK	APPROVED-WITH-OBLIGATIONS	T028_T030_PROCESS_AUTHORIZED_FINAL_ENVELOPE_PENDING
org.apache.maven.resolver:maven-resolver-api:1.4.1	/home/phuclam/.m2/repository/org/apache/maven/resolver/maven-resolver-api/1.4.1/maven-resolver-api-1.4.1.jar	33dc67306cc95da14e5444e8b494d967924abf1d01bae1894676164cbd3f6112	plugin-acquisition-maven-surefire-plugin	Apache-2.0	inventories/f05a-q02-rights-dispositions.tsv@f196be9;embedded	META-INF/LICENSE=cfc7749b96f63bd31c3c42b5c471bf756814053e847c10f3eb003417bc523d30;META-INF/NOTICE=18959c75c15a31c53a560c41a742729a997cc7b11099cd19ecbb7547ab736e12	O1	APPROVED-WITH-OBLIGATIONS	T028_T030_PROCESS_AUTHORIZED_FINAL_ENVELOPE_PENDING
org.apache.maven.resolver:maven-resolver-util:1.4.1	/home/phuclam/.m2/repository/org/apache/maven/resolver/maven-resolver-util/1.4.1/maven-resolver-util-1.4.1.jar	6b2184872fa7cc2ef5a90481b56af9711c15b371e69ab52f0f31bf24e910dd82	plugin-acquisition-maven-surefire-plugin	Apache-2.0	inventories/f05a-q02-rights-dispositions.tsv@f196be9;embedded	META-INF/NOTICE=7aab1725087cea664451d0441ba21c2178b785d6aefeeea4b5b0425b1a52a77d;META-INF/LICENSE=cfc7749b96f63bd31c3c42b5c471bf756814053e847c10f3eb003417bc523d30	O1	APPROVED-WITH-OBLIGATIONS	T028_T030_PROCESS_AUTHORIZED_FINAL_ENVELOPE_PENDING
org.apache.maven.shared:maven-common-artifact-filters:3.4.0	/home/phuclam/.m2/repository/org/apache/maven/shared/maven-common-artifact-filters/3.4.0/maven-common-artifact-filters-3.4.0.jar	931a77aa9dad6c91f10fcfafa70adc7608c004576b4924c74ecbffb27568a880	plugin-acquisition-maven-surefire-plugin;plugin-realm-maven-surefire-plugin	Apache-2.0	inventories/f05a-q02-rights-dispositions.tsv@f196be9;embedded	META-INF/LICENSE=cfc7749b96f63bd31c3c42b5c471bf756814053e847c10f3eb003417bc523d30;META-INF/NOTICE=154636644226ffddec579784777a70b5bd06ed02395535ca1e0a4214587ada53	O1	APPROVED-WITH-OBLIGATIONS	T028_T030_PROCESS_AUTHORIZED_FINAL_ENVELOPE_PENDING
org.apache.maven.shared:maven-filtering:3.5.0	/home/phuclam/.m2/repository/org/apache/maven/shared/maven-filtering/3.5.0/maven-filtering-3.5.0.jar	7adb0e46b5fff4fc03aab4baafbdee0b29e444cffe4478858c63082d497220bf	plugin-acquisition-maven-resources-plugin;plugin-realm-maven-resources-plugin	Apache-2.0	inventories/f05a-q02-rights-dispositions.tsv@f196be9;embedded	META-INF/LICENSE=cfc7749b96f63bd31c3c42b5c471bf756814053e847c10f3eb003417bc523d30;META-INF/NOTICE=795687905b3562cd12bd812692fb3abc541f127e5bfc2365becd373ab2592758	O1	APPROVED-WITH-OBLIGATIONS	T028_T030_PROCESS_AUTHORIZED_FINAL_ENVELOPE_PENDING
org.apache.maven.shared:maven-shared-incremental:1.1	/home/phuclam/.m2/repository/org/apache/maven/shared/maven-shared-incremental/1.1/maven-shared-incremental-1.1.jar	61988e54486a5dc38f06c70fdae5b108556c63bd433697b9f4305fcdb30fa40e	plugin-acquisition-maven-compiler-plugin;plugin-realm-maven-compiler-plugin	Apache-2.0	inventories/f05a-q02-rights-dispositions.tsv@f196be9;embedded	META-INF/LICENSE=cfc7749b96f63bd31c3c42b5c471bf756814053e847c10f3eb003417bc523d30;META-INF/NOTICE=edcf564e3af6b0b21cd33f471e23c7fcbb9d561e2f7a633cf4170e0e6ba566ec	O1	APPROVED-WITH-OBLIGATIONS	T028_T030_PROCESS_AUTHORIZED_FINAL_ENVELOPE_PENDING
org.apache.maven.shared:maven-shared-utils:3.4.2	/home/phuclam/.m2/repository/org/apache/maven/shared/maven-shared-utils/3.4.2/maven-shared-utils-3.4.2.jar	b613357e1bad4dfc1dead801691c9460f9585fe7c6b466bc25186212d7d18487	plugin-acquisition-maven-compiler-plugin;plugin-realm-maven-compiler-plugin	Apache-2.0	inventories/f05a-q02-rights-dispositions.tsv@f196be9;embedded	META-INF/LICENSE=cfc7749b96f63bd31c3c42b5c471bf756814053e847c10f3eb003417bc523d30;META-INF/NOTICE=c53634c960163f00ba0b0147cc3dee5caf0e6a47bc9909a2fe94b7adcf5d983e	O1	APPROVED-WITH-OBLIGATIONS	T028_T030_PROCESS_AUTHORIZED_FINAL_ENVELOPE_PENDING
org.apache.maven.surefire:common-java5:3.5.6	/home/phuclam/.m2/repository/org/apache/maven/surefire/common-java5/3.5.6/common-java5-3.5.6.jar	250fc362ca832d09b266336c0aaf7f2e9c65edbf672cd1b962519bf113f4b802	provider-acquisition	Apache-2.0	https://github.com/apache/maven-surefire/blob/surefire-3.5.6/LICENSE; exact embedded LICENSE/NOTICE	META-INF/LICENSE=cfc7749b96f63bd31c3c42b5c471bf756814053e847c10f3eb003417bc523d30;META-INF/NOTICE=3bb61a6b98890c27efed6089368a7c5d9a73544bac453a1777097f470af713a6	AP2_NOTICE_PATENT_TRADEMARK	APPROVED-WITH-OBLIGATIONS	T028_T030_PROCESS_AUTHORIZED_FINAL_ENVELOPE_PENDING
org.apache.maven.surefire:maven-surefire-common:3.5.6	/home/phuclam/.m2/repository/org/apache/maven/surefire/maven-surefire-common/3.5.6/maven-surefire-common-3.5.6.jar	30c9e2bb7f1bb800482e42c208c144124132ec3c3b4b87ab5abda8b60c9f29b9	plugin-acquisition-maven-surefire-plugin;plugin-realm-maven-surefire-plugin	Apache-2.0	https://github.com/apache/maven-surefire/blob/surefire-3.5.6/LICENSE; exact embedded LICENSE/NOTICE	META-INF/LICENSE=cfc7749b96f63bd31c3c42b5c471bf756814053e847c10f3eb003417bc523d30;META-INF/NOTICE=d3f9b3556ab635ca10c020b3cbcf2e7a131db06dd82cb51df070470ad75f9d31	AP2_NOTICE_PATENT_TRADEMARK	APPROVED-WITH-OBLIGATIONS	T028_T030_PROCESS_AUTHORIZED_FINAL_ENVELOPE_PENDING
org.apache.maven.surefire:surefire-api:3.5.6	/home/phuclam/.m2/repository/org/apache/maven/surefire/surefire-api/3.5.6/surefire-api-3.5.6.jar	331defab7586a785e541a476f08112881b07068981ece3239676e1b3aa58ca14	plugin-acquisition-maven-surefire-plugin;plugin-realm-maven-surefire-plugin;provider-acquisition	Apache-2.0	https://github.com/apache/maven-surefire/blob/surefire-3.5.6/LICENSE; exact embedded LICENSE/NOTICE	META-INF/LICENSE=cfc7749b96f63bd31c3c42b5c471bf756814053e847c10f3eb003417bc523d30;META-INF/NOTICE=6189661e69e74568e69b300da022ebfc76901901d6a50d35d2f71a20d8a543b2	AP2_NOTICE_PATENT_TRADEMARK	APPROVED-WITH-OBLIGATIONS	T028_T030_PROCESS_AUTHORIZED_FINAL_ENVELOPE_PENDING
org.apache.maven.surefire:surefire-booter:3.5.6	/home/phuclam/.m2/repository/org/apache/maven/surefire/surefire-booter/3.5.6/surefire-booter-3.5.6.jar	5b1c75591b42467926b22ba0e80e2e68cb4779024097694f34a53321ba5acf9d	plugin-acquisition-maven-surefire-plugin;plugin-realm-maven-surefire-plugin	Apache-2.0	https://github.com/apache/maven-surefire/blob/surefire-3.5.6/LICENSE; exact embedded LICENSE/NOTICE	META-INF/LICENSE=cfc7749b96f63bd31c3c42b5c471bf756814053e847c10f3eb003417bc523d30;META-INF/NOTICE=c9fb36e2fe587472a969dd755da96c300a397e0b38449aca06c7fe2fa60892c9	AP2_NOTICE_PATENT_TRADEMARK	APPROVED-WITH-OBLIGATIONS	T028_T030_PROCESS_AUTHORIZED_FINAL_ENVELOPE_PENDING
org.apache.maven.surefire:surefire-extensions-api:3.5.6	/home/phuclam/.m2/repository/org/apache/maven/surefire/surefire-extensions-api/3.5.6/surefire-extensions-api-3.5.6.jar	57ce1a7a9eb87f8ba2eda7f7449877d8c03da8e541e9036cd9c5cdfb1b7a1c08	plugin-acquisition-maven-surefire-plugin;plugin-realm-maven-surefire-plugin	Apache-2.0	https://github.com/apache/maven-surefire/blob/surefire-3.5.6/LICENSE; exact embedded LICENSE/NOTICE	META-INF/LICENSE=cfc7749b96f63bd31c3c42b5c471bf756814053e847c10f3eb003417bc523d30;META-INF/NOTICE=12011557a4fc5c1c7b17a8566b0ff863dd54367d7e624891af69f4ebde4b1acf	AP2_NOTICE_PATENT_TRADEMARK	APPROVED-WITH-OBLIGATIONS	T028_T030_PROCESS_AUTHORIZED_FINAL_ENVELOPE_PENDING
org.apache.maven.surefire:surefire-extensions-spi:3.5.6	/home/phuclam/.m2/repository/org/apache/maven/surefire/surefire-extensions-spi/3.5.6/surefire-extensions-spi-3.5.6.jar	ae22348985e0acdf223f11615846290704899f12aeec8ad82b4d1db38a0767db	plugin-acquisition-maven-surefire-plugin;plugin-realm-maven-surefire-plugin	Apache-2.0	https://github.com/apache/maven-surefire/blob/surefire-3.5.6/LICENSE; exact embedded LICENSE/NOTICE	META-INF/LICENSE=cfc7749b96f63bd31c3c42b5c471bf756814053e847c10f3eb003417bc523d30;META-INF/NOTICE=a86abfe93e805331f8eb9b5bd8669abc5fbb2a97c97218c07aa5d2123afcba86	AP2_NOTICE_PATENT_TRADEMARK	APPROVED-WITH-OBLIGATIONS	T028_T030_PROCESS_AUTHORIZED_FINAL_ENVELOPE_PENDING
org.apache.maven.surefire:surefire-junit-platform:3.5.6	/home/phuclam/.m2/repository/org/apache/maven/surefire/surefire-junit-platform/3.5.6/surefire-junit-platform-3.5.6.jar	ed116a2be618e0d4f69b0d463a1f45e4a8561a17300722c662c3e746931a6553	provider-acquisition	Apache-2.0	https://github.com/apache/maven-surefire/blob/surefire-3.5.6/LICENSE; exact embedded LICENSE/NOTICE	META-INF/LICENSE=cfc7749b96f63bd31c3c42b5c471bf756814053e847c10f3eb003417bc523d30;META-INF/NOTICE=115ed717f7bed5f6e3a40610a04aba67d7a233e109216e32cc2b552a67a66548	AP2_NOTICE_PATENT_TRADEMARK	APPROVED-WITH-OBLIGATIONS	T028_T030_PROCESS_AUTHORIZED_FINAL_ENVELOPE_PENDING
org.apache.maven.surefire:surefire-logger-api:3.5.6	/home/phuclam/.m2/repository/org/apache/maven/surefire/surefire-logger-api/3.5.6/surefire-logger-api-3.5.6.jar	ac67f08b58d5e490272f3f41ed511ea0ee8ef177d515b93d392e144251ad856c	plugin-acquisition-maven-surefire-plugin;plugin-realm-maven-surefire-plugin;provider-acquisition	Apache-2.0	https://github.com/apache/maven-surefire/blob/surefire-3.5.6/LICENSE; exact embedded LICENSE/NOTICE	META-INF/LICENSE=cfc7749b96f63bd31c3c42b5c471bf756814053e847c10f3eb003417bc523d30;META-INF/NOTICE=a179b38141a21ba6068c953f02c5b28e975feac3b2b2f00631cbbee63433d19c	AP2_NOTICE_PATENT_TRADEMARK	APPROVED-WITH-OBLIGATIONS	T028_T030_PROCESS_AUTHORIZED_FINAL_ENVELOPE_PENDING
org.apache.maven.surefire:surefire-shared-utils:3.5.6	/home/phuclam/.m2/repository/org/apache/maven/surefire/surefire-shared-utils/3.5.6/surefire-shared-utils-3.5.6.jar	b21563bce49411d872bd48a402af06dfc07670464bfdaa2ef7918f216c42758a	plugin-acquisition-maven-surefire-plugin;plugin-realm-maven-surefire-plugin;provider-acquisition	Apache-2.0; five exact Apache-2.0 shaded components	2026-10-05-f05a-t028-t030-shared-utils-rights.md	META-INF/NOTICE=42ee4082970db25e7250697e3f746a580845a055bf6130a389d24ba1675e7a2a	AP2_NOTICE_PATENT_TRADEMARK;SHARED_FIVE_NOTICE	APPROVED-WITH-OBLIGATIONS	T028_T030_PROCESS_AUTHORIZED_FINAL_ENVELOPE_PENDING
org.apiguardian:apiguardian-api:1.1.2	/home/phuclam/.m2/repository/org/apiguardian/apiguardian-api/1.1.2/apiguardian-api-1.1.2.jar	b509448ac506d607319f182537f0b35d71007582ec741832a1f111e5b5b70b38	server-test;provider-acquisition;provider-alignment	Apache-2.0	2026-09-28-ph1-f01-dependency-intake.md; exact embedded LICENSE/COPYRIGHT	META-INF/LICENSE=b40930bbcf80744c86c46a12bc9da056641d722716c378f5659b9e555ef833e1	AP2_COPYRIGHT_NOTICE_PATENT_TRADEMARK	APPROVED-WITH-OBLIGATIONS	T028_T030_PROCESS_AUTHORIZED_FINAL_ENVELOPE_PENDING
org.codehaus.plexus:plexus-build-api:1.2.0	/home/phuclam/.m2/repository/org/codehaus/plexus/plexus-build-api/1.2.0/plexus-build-api-1.2.0.jar	570ae55a95e1887c3004882d30dc4e9035d2a46ba8d58b991de04175f141d88f	plugin-acquisition-maven-resources-plugin;plugin-realm-maven-resources-plugin	Apache-2.0	inventories/f05a-q02-rights-dispositions.tsv@f196be9;plexus-rights sections 2-5	SOURCE_LEGAL_MAPPING_RETAINED_UPSTREAM	O1	APPROVED-WITH-OBLIGATIONS	T028_T030_PROCESS_AUTHORIZED_FINAL_ENVELOPE_PENDING
org.codehaus.plexus:plexus-compiler-api:2.16.2	/home/phuclam/.m2/repository/org/codehaus/plexus/plexus-compiler-api/2.16.2/plexus-compiler-api-2.16.2.jar	db34d13c8d688063a946922f4de448c909ba43fec355ea15514495f33072b031	plugin-acquisition-maven-compiler-plugin;plugin-realm-maven-compiler-plugin	Apache-2.0 whole-module grant + retained MIT file grants	inventories/f05a-q02-rights-dispositions.tsv@f196be9;plexus-rights v0.2 C05 S-COMP-API-GRANT	SOURCE_LEGAL_MAPPING_RETAINED_UPSTREAM	O1;O3	APPROVED-WITH-OBLIGATIONS	T028_T030_PROCESS_AUTHORIZED_FINAL_ENVELOPE_PENDING
org.codehaus.plexus:plexus-compiler-javac:2.16.2	/home/phuclam/.m2/repository/org/codehaus/plexus/plexus-compiler-javac/2.16.2/plexus-compiler-javac-2.16.2.jar	e48141c146d6cb96619aafb07b2e10e1ac08f339e96ae4067ddd9c2d0f626672	plugin-acquisition-maven-compiler-plugin;plugin-realm-maven-compiler-plugin	Apache-2.0 whole-module grant + retained MIT file grants	inventories/f05a-q02-rights-dispositions.tsv@f196be9;plexus-rights v0.2 C05 S-COMP-JAVAC-GRANT	SOURCE_LEGAL_MAPPING_RETAINED_UPSTREAM	O1;O3	APPROVED-WITH-OBLIGATIONS	T028_T030_PROCESS_AUTHORIZED_FINAL_ENVELOPE_PENDING
org.codehaus.plexus:plexus-compiler-manager:2.16.2	/home/phuclam/.m2/repository/org/codehaus/plexus/plexus-compiler-manager/2.16.2/plexus-compiler-manager-2.16.2.jar	99630ac196571a2754baa143a12723795b13020631902a6dff18dfb997e59b0e	plugin-acquisition-maven-compiler-plugin;plugin-realm-maven-compiler-plugin	MIT	inventories/f05a-q02-rights-dispositions.tsv@f196be9;plexus-rights sections 2-5	SOURCE_LEGAL_MAPPING_RETAINED_UPSTREAM	O3	APPROVED-WITH-OBLIGATIONS	T028_T030_PROCESS_AUTHORIZED_FINAL_ENVELOPE_PENDING
org.codehaus.plexus:plexus-interpolation:1.29	/home/phuclam/.m2/repository/org/codehaus/plexus/plexus-interpolation/1.29/plexus-interpolation-1.29.jar	088d444dbcedfb384630d8686697ece3c401d6f33c8f8b3aa7259ea1c6996878	plugin-acquisition-maven-resources-plugin;plugin-realm-maven-resources-plugin	Apache-2.0 + altered Apache-1.1 + UNKNOWN headerless coverage	inventories/f05a-q02-rights-dispositions.tsv@f196be9;plexus-rights sections 2-5	SOURCE_LEGAL_MAPPING_RETAINED_UPSTREAM	L3	BLOCKED-LEGAL	T028_T030_PROCESS_AUTHORIZED_FINAL_ENVELOPE_PENDING
org.codehaus.plexus:plexus-java:1.5.2	/home/phuclam/.m2/repository/org/codehaus/plexus/plexus-java/1.5.2/plexus-java-1.5.2.jar	1e6a4298e145c1e23af430b04ac53d76dc11077e0f3d36ef9c027ce790d96505	plugin-acquisition-maven-compiler-plugin;plugin-realm-maven-compiler-plugin;plugin-acquisition-maven-surefire-plugin;plugin-realm-maven-surefire-plugin	Apache-2.0	inventories/f05a-q02-rights-dispositions.tsv@f196be9;plexus-rights sections 2-5	SOURCE_LEGAL_MAPPING_RETAINED_UPSTREAM	O1	APPROVED-WITH-OBLIGATIONS	T028_T030_PROCESS_AUTHORIZED_FINAL_ENVELOPE_PENDING
org.codehaus.plexus:plexus-utils:3.6.0	/home/phuclam/.m2/repository/org/codehaus/plexus/plexus-utils/3.6.0/plexus-utils-3.6.0.jar	27ef130e32c236090e408fb5498d94cb9ea26d14070fb1c8985d607b62d098d1	plugin-acquisition-maven-resources-plugin;plugin-realm-maven-resources-plugin	Apache-2.0 + ExtremeLab-1.1.1 + BSD-2-Clause Javolution + BSD-3-Clause ThoughtWorks	inventories/f05a-q02-rights-dispositions.tsv@f196be9;embedded	META-INF/LICENSE=cfc7749b96f63bd31c3c42b5c471bf756814053e847c10f3eb003417bc523d30;META-INF/NOTICE=d478d95476787007320df9dafb15c932849281e2ace56e2aacdac475d29470d7;licenses/extreme.indiana.edu.license.TXT=0d01b41cfc401bcf852125959d07b1a6bd578f1a7850907c329e4a70b2874db2;licenses/javolution.license.TXT=a7436c952fa2dc0701860cf4187d1e8e8e6de6720dec0ae9e0b641bc50eebced;licenses/thoughtworks.TXT=b2f730309348c7a19009dcadd92a5d55d75fd54e6df4a818eba7a388656faed9	L1	BLOCKED-LEGAL	T028_T030_PROCESS_AUTHORIZED_FINAL_ENVELOPE_PENDING
org.codehaus.plexus:plexus-utils:4.0.2	/home/phuclam/.m2/repository/org/codehaus/plexus/plexus-utils/4.0.2/plexus-utils-4.0.2.jar	8957274e75fe2c278b1428dd16a0daeee1dd38152cb6eff816177ac28fccb697	plugin-acquisition-maven-compiler-plugin;plugin-realm-maven-compiler-plugin	Apache-2.0 + ExtremeLab-1.1.1 + BSD-2-Clause Javolution + BSD-3-Clause ThoughtWorks	inventories/f05a-q02-rights-dispositions.tsv@f196be9;embedded	META-INF/LICENSE=cfc7749b96f63bd31c3c42b5c471bf756814053e847c10f3eb003417bc523d30;META-INF/NOTICE=d478d95476787007320df9dafb15c932849281e2ace56e2aacdac475d29470d7;licenses/extreme.indiana.edu.license.TXT=0d01b41cfc401bcf852125959d07b1a6bd578f1a7850907c329e4a70b2874db2;licenses/javolution.license.TXT=a7436c952fa2dc0701860cf4187d1e8e8e6de6720dec0ae9e0b641bc50eebced;licenses/thoughtworks.TXT=b2f730309348c7a19009dcadd92a5d55d75fd54e6df4a818eba7a388656faed9	L1	BLOCKED-LEGAL	T028_T030_PROCESS_AUTHORIZED_FINAL_ENVELOPE_PENDING
org.codehaus.plexus:plexus-xml:3.0.1	/home/phuclam/.m2/repository/org/codehaus/plexus/plexus-xml/3.0.1/plexus-xml-3.0.1.jar	c1a510a87a62bd2d74ac1472dd31c3f9e9b0b8b8568f37d77c0f135415bebd05	plugin-acquisition-maven-compiler-plugin;plugin-realm-maven-compiler-plugin	Apache-2.0 + ExtremeLab-1.1.1 + BSD-2-Clause Javolution + BSD-3-Clause ThoughtWorks	inventories/f05a-q02-rights-dispositions.tsv@f196be9;embedded	META-INF/LICENSE=cfc7749b96f63bd31c3c42b5c471bf756814053e847c10f3eb003417bc523d30;META-INF/NOTICE=d478d95476787007320df9dafb15c932849281e2ace56e2aacdac475d29470d7;licenses/extreme.indiana.edu.license.TXT=0d01b41cfc401bcf852125959d07b1a6bd578f1a7850907c329e4a70b2874db2;licenses/javolution.license.TXT=a7436c952fa2dc0701860cf4187d1e8e8e6de6720dec0ae9e0b641bc50eebced;licenses/thoughtworks.TXT=b2f730309348c7a19009dcadd92a5d55d75fd54e6df4a818eba7a388656faed9	L1	BLOCKED-LEGAL	T028_T030_PROCESS_AUTHORIZED_FINAL_ENVELOPE_PENDING
org.eclipse.sisu:org.eclipse.sisu.plexus:0.9.0.M4	/home/phuclam/.m2/repository/org/eclipse/sisu/org.eclipse.sisu.plexus/0.9.0.M4/org.eclipse.sisu.plexus-0.9.0.M4.jar	b90579bc652eac7331436e0a25533fce14130b9c6e015f2dd3a3d4bb07e942b7	plugin-acquisition-maven-resources-plugin	EPL-2.0	inventories/f05a-q02-rights-dispositions.tsv@f196be9;plexus-rights S-SISU	SOURCE_LEGAL_MAPPING_RETAINED_UPSTREAM	L2	BLOCKED-LEGAL	T028_T030_PROCESS_AUTHORIZED_FINAL_ENVELOPE_PENDING
org.jspecify:jspecify:1.0.0	/home/phuclam/.m2/repository/org/jspecify/jspecify/1.0.0/jspecify-1.0.0.jar	1fad6e6be7557781e4d33729d49ae1cdc8fdda6fe477bb0cc68ce351eafdfbab	provider-alignment	Apache-2.0	inventories/f05a-q02-rights-dispositions.tsv@f196be9;upstream-rights Q02-R08	SOURCE_LEGAL_MAPPING_RETAINED_UPSTREAM	O1,O2	APPROVED-WITH-OBLIGATIONS	T028_T030_PROCESS_AUTHORIZED_FINAL_ENVELOPE_PENDING
org.junit.platform:junit-platform-commons:1.12.2	/home/phuclam/.m2/repository/org/junit/platform/junit-platform-commons/1.12.2/junit-platform-commons-1.12.2.jar	e683a01e85dfabea520c056ac6015a6162756e602ec653c0da85e233f0afbc18	provider-acquisition	EPL-2.0	2026-10-05-f05a-t028-t030-graph-rights-gate.md§3; exact embedded LICENSE/NOTICE	META-INF/LICENSE-notice.md=c7d843e0faf8a251278c9220f6b5326a42a01f08b855c1ec871bcef6211a7e2a;META-INF/LICENSE.md=5aa4cd44c111add178d1c2e2fe36d58a484012c80167df925f826cd64d411bf0	EPL_NOTICE_SOURCE_HANDLING;NO_DISTRIBUTION_OR_LICENSE_ELECTION	KNOWN_TERMS_PROCESS_REVIEW	T028_T030_PROCESS_AUTHORIZED_FINAL_ENVELOPE_PENDING
org.junit.platform:junit-platform-commons:6.0.3	/home/phuclam/.m2/repository/org/junit/platform/junit-platform-commons/6.0.3/junit-platform-commons-6.0.3.jar	39f262d09c3d52719fe0b77f080e90a3695e285d779a41b232e17963ae5da200	server-test;provider-alignment	EPL-2.0	2026-09-28-ph1-f01-dependency-intake.md; exact embedded EPL-2.0 LICENSE/NOTICE	META-INF/LICENSE-notice.md=c7340d7b84e87498bf1e3ce8e2763b8cf1d8153def1648800b796f7b24ec0020;META-INF/LICENSE.md=5aa4cd44c111add178d1c2e2fe36d58a484012c80167df925f826cd64d411bf0	EPL_NOTICE_SOURCE_HANDLING;NO_DISTRIBUTION_OR_LICENSE_ELECTION	KNOWN_TERMS_PROCESS_REVIEW	T028_T030_PROCESS_AUTHORIZED_FINAL_ENVELOPE_PENDING
org.junit.platform:junit-platform-engine:1.12.2	/home/phuclam/.m2/repository/org/junit/platform/junit-platform-engine/1.12.2/junit-platform-engine-1.12.2.jar	cef0efcb5bd2e05e2b808d38bab5c655089c0c3001527376e74cb606a7911ec8	provider-acquisition	EPL-2.0	2026-10-05-f05a-t028-t030-graph-rights-gate.md§3; exact embedded LICENSE/NOTICE	META-INF/LICENSE-notice.md=c7d843e0faf8a251278c9220f6b5326a42a01f08b855c1ec871bcef6211a7e2a;META-INF/LICENSE.md=5aa4cd44c111add178d1c2e2fe36d58a484012c80167df925f826cd64d411bf0	EPL_NOTICE_SOURCE_HANDLING;NO_DISTRIBUTION_OR_LICENSE_ELECTION	KNOWN_TERMS_PROCESS_REVIEW	T028_T030_PROCESS_AUTHORIZED_FINAL_ENVELOPE_PENDING
org.junit.platform:junit-platform-engine:6.0.3	/home/phuclam/.m2/repository/org/junit/platform/junit-platform-engine/6.0.3/junit-platform-engine-6.0.3.jar	491e9e4f745f161b8a8e4186a1a7c6a450ea12c70930c9aedae427215301d947	server-test;provider-alignment	EPL-2.0	2026-09-28-ph1-f01-dependency-intake.md; exact embedded EPL-2.0 LICENSE/NOTICE	META-INF/LICENSE-notice.md=c7340d7b84e87498bf1e3ce8e2763b8cf1d8153def1648800b796f7b24ec0020;META-INF/LICENSE.md=5aa4cd44c111add178d1c2e2fe36d58a484012c80167df925f826cd64d411bf0	EPL_NOTICE_SOURCE_HANDLING;NO_DISTRIBUTION_OR_LICENSE_ELECTION	KNOWN_TERMS_PROCESS_REVIEW	T028_T030_PROCESS_AUTHORIZED_FINAL_ENVELOPE_PENDING
org.junit.platform:junit-platform-launcher:1.12.2	/home/phuclam/.m2/repository/org/junit/platform/junit-platform-launcher/1.12.2/junit-platform-launcher-1.12.2.jar	dccf2c1fa0a977c53ad094ad859bfdddd524d97594b76307ad787de71985757f	provider-acquisition	EPL-2.0	2026-10-05-f05a-t028-t030-graph-rights-gate.md§3; exact embedded LICENSE/NOTICE	META-INF/LICENSE-notice.md=c7d843e0faf8a251278c9220f6b5326a42a01f08b855c1ec871bcef6211a7e2a;META-INF/LICENSE.md=5aa4cd44c111add178d1c2e2fe36d58a484012c80167df925f826cd64d411bf0	EPL_NOTICE_SOURCE_HANDLING;NO_DISTRIBUTION_OR_LICENSE_ELECTION	KNOWN_TERMS_PROCESS_REVIEW	T028_T030_PROCESS_AUTHORIZED_FINAL_ENVELOPE_PENDING
org.junit.platform:junit-platform-launcher:6.0.3	/home/phuclam/.m2/repository/org/junit/platform/junit-platform-launcher/6.0.3/junit-platform-launcher-6.0.3.jar	315608372e4dc44bca0ccb3ae8a07ecc206b3367033fa05748a03ccd563f1301	provider-alignment	EPL-2.0	2026-09-28-ph1-f01-dependency-intake.md; exact embedded EPL-2.0 LICENSE/NOTICE	META-INF/LICENSE-notice.md=c7340d7b84e87498bf1e3ce8e2763b8cf1d8153def1648800b796f7b24ec0020;META-INF/LICENSE.md=5aa4cd44c111add178d1c2e2fe36d58a484012c80167df925f826cd64d411bf0	EPL_NOTICE_SOURCE_HANDLING;NO_DISTRIBUTION_OR_LICENSE_ELECTION	KNOWN_TERMS_PROCESS_REVIEW	T028_T030_PROCESS_AUTHORIZED_FINAL_ENVELOPE_PENDING
org.opentest4j:opentest4j:1.3.0	/home/phuclam/.m2/repository/org/opentest4j/opentest4j/1.3.0/opentest4j-1.3.0.jar	48e2df636cab6563ced64dcdff8abb2355627cb236ef0bf37598682ddf742f1b	server-test;provider-acquisition;provider-alignment	Apache-2.0	2026-09-28-ph1-f01-dependency-intake.md; exact embedded LICENSE/COPYRIGHT	META-INF/COPYRIGHT=44f85b9787bc9bd2ac6e265fddabd969c60e281750226d52e83a9253656c001c;META-INF/LICENSE=c6596eb7be8581c18be736c846fb9173b69eccf6ef94c5135893ec56bd92ba08	AP2_COPYRIGHT_NOTICE_PATENT_TRADEMARK	APPROVED-WITH-OBLIGATIONS	T028_T030_PROCESS_AUTHORIZED_FINAL_ENVELOPE_PENDING
org.ow2.asm:asm:9.9.1	/home/phuclam/.m2/repository/org/ow2/asm/asm/9.9.1/asm-9.9.1.jar	6f3828a215c920059a5efa2fb55c233d6c54ec5cadca99ce1b1bdd10077c7ddd	plugin-acquisition-maven-compiler-plugin;plugin-realm-maven-compiler-plugin;plugin-acquisition-maven-surefire-plugin;plugin-realm-maven-surefire-plugin	BSD-3-Clause	inventories/f05a-q02-rights-dispositions.tsv@f196be9;plexus-rights section 4	SOURCE_LEGAL_MAPPING_RETAINED_UPSTREAM	O3	APPROVED-WITH-OBLIGATIONS	T028_T030_PROCESS_AUTHORIZED_FINAL_ENVELOPE_PENDING
org.slf4j:slf4j-api:1.7.36	/home/phuclam/.m2/repository/org/slf4j/slf4j-api/1.7.36/slf4j-api-1.7.36.jar	d3ef575e3e4979678dc01bf1dcce51021493b4d11fb7f1be8ad982877c16a1c0	plugin-acquisition-maven-resources-plugin;plugin-acquisition-maven-compiler-plugin;plugin-acquisition-maven-surefire-plugin	MIT	inventories/f05a-q02-rights-dispositions.tsv@f196be9;upstream-rights Q02-R13	SOURCE_LEGAL_MAPPING_RETAINED_UPSTREAM	O3	APPROVED-WITH-OBLIGATIONS	T028_T030_PROCESS_AUTHORIZED_FINAL_ENVELOPE_PENDING
org.sonatype.plexus:plexus-build-api:0.0.7	/home/phuclam/.m2/repository/org/sonatype/plexus/plexus-build-api/0.0.7/plexus-build-api-0.0.7.jar	934171640fbd3d2495c50b79b0d9adb11e2c83e65bad157df8fe34bcac0ff798	plugin-acquisition-maven-resources-plugin;plugin-realm-maven-resources-plugin	Apache-2.0	inventories/f05a-q02-rights-dispositions.tsv@f196be9;plexus-rights S-LEGACY	SOURCE_LEGAL_MAPPING_RETAINED_UPSTREAM	O1,O2	APPROVED-WITH-OBLIGATIONS	T028_T030_PROCESS_AUTHORIZED_FINAL_ENVELOPE_PENDING
aopalliance:aopalliance:1.0	/home/phuclam/.m2/wrapper/dists/apache-maven-3.9.16/510fba38/lib/aopalliance-1.0.jar	0addec670fedcd3f113c5c8091d783280d23f75e3acb841b61a9cdb079376a08	maven-core-distribution	PD	inventories/f05a-q02-maven-distribution.tsv@f196be9;2026-10-03-f05a-q02-maven-core-realm.md§9-10;M/LICENSE;M/lib/aopalliance.license;https://aopalliance.sourceforge.net/	DISTRIBUTION_EMBEDDED_ADJACENT_HASHES_RETAINED_UPSTREAM	PD	APPROVED-WITH-OBLIGATIONS	T028_T030_PROCESS_AUTHORIZED_FINAL_ENVELOPE_PENDING
org.ow2.asm:asm:9.9.1	/home/phuclam/.m2/wrapper/dists/apache-maven-3.9.16/510fba38/lib/asm-9.9.1.jar	6f3828a215c920059a5efa2fb55c233d6c54ec5cadca99ce1b1bdd10077c7ddd	maven-core-distribution	BSD3	inventories/f05a-q02-maven-distribution.tsv@f196be9;2026-10-03-f05a-q02-maven-core-realm.md§9-10;M/LICENSE;M/lib/asm.license	DISTRIBUTION_EMBEDDED_ADJACENT_HASHES_RETAINED_UPSTREAM	BSD3	APPROVED-WITH-OBLIGATIONS	T028_T030_PROCESS_AUTHORIZED_FINAL_ENVELOPE_PENDING
commons-cli:commons-cli:1.11.0	/home/phuclam/.m2/wrapper/dists/apache-maven-3.9.16/510fba38/lib/commons-cli-1.11.0.jar	8f7f8605d68e15bf32db61ec94eac6fdafc51b1bdbe1e0e0802b57d23f387792	maven-core-distribution	AP2	inventories/f05a-q02-maven-distribution.tsv@f196be9;2026-10-03-f05a-q02-maven-core-realm.md§9-10;JAR_EMBEDDED_LICENSE_NOTICE_LIST	DISTRIBUTION_EMBEDDED_ADJACENT_HASHES_RETAINED_UPSTREAM	AP2	APPROVED-WITH-OBLIGATIONS	T028_T030_PROCESS_AUTHORIZED_FINAL_ENVELOPE_PENDING
commons-codec:commons-codec:1.21.0	/home/phuclam/.m2/wrapper/dists/apache-maven-3.9.16/510fba38/lib/commons-codec-1.21.0.jar	4da851cb6abfb98bfe9eb77c5e5fc47f5414fa28b94e21b7fd9a646705dc167f	maven-core-distribution	AP2	inventories/f05a-q02-maven-distribution.tsv@f196be9;2026-10-03-f05a-q02-maven-core-realm.md§9-10;JAR_EMBEDDED_LICENSE_NOTICE_LIST	DISTRIBUTION_EMBEDDED_ADJACENT_HASHES_RETAINED_UPSTREAM	AP2	APPROVED-WITH-OBLIGATIONS	T028_T030_PROCESS_AUTHORIZED_FINAL_ENVELOPE_PENDING
com.google.errorprone:error_prone_annotations:2.41.0	/home/phuclam/.m2/wrapper/dists/apache-maven-3.9.16/510fba38/lib/error_prone_annotations-2.41.0.jar	a56e782b5b50811ac204073a355a21d915a2107fce13ec711331ad036f660fcc	maven-core-distribution	AP2	inventories/f05a-q02-maven-distribution.tsv@f196be9;2026-10-03-f05a-q02-maven-core-realm.md§9-10;M/LICENSE;M/lib/error_prone_annotations.license	DISTRIBUTION_EMBEDDED_ADJACENT_HASHES_RETAINED_UPSTREAM	AP2	APPROVED-WITH-OBLIGATIONS	T028_T030_PROCESS_AUTHORIZED_FINAL_ENVELOPE_PENDING
com.google.guava:failureaccess:1.0.3	/home/phuclam/.m2/wrapper/dists/apache-maven-3.9.16/510fba38/lib/failureaccess-1.0.3.jar	cbfc3906b19b8f55dd7cfd6dfe0aa4532e834250d7f080bd8d211a3e246b59cb	maven-core-distribution	AP2	inventories/f05a-q02-maven-distribution.tsv@f196be9;2026-10-03-f05a-q02-maven-core-realm.md§9-10;JAR_EMBEDDED_LICENSE_NOTICE_LIST	DISTRIBUTION_EMBEDDED_ADJACENT_HASHES_RETAINED_UPSTREAM	AP2	APPROVED-WITH-OBLIGATIONS	T028_T030_PROCESS_AUTHORIZED_FINAL_ENVELOPE_PENDING
com.google.code.gson:gson:2.13.2	/home/phuclam/.m2/wrapper/dists/apache-maven-3.9.16/510fba38/lib/gson-2.13.2.jar	dd0ce1b55a3ed2080cb70f9c655850cda86c206862310009dcb5e5c95265a5e0	maven-core-distribution	AP2	inventories/f05a-q02-maven-distribution.tsv@f196be9;2026-10-03-f05a-q02-maven-core-realm.md§9-10;M/LICENSE;M/lib/gson.license	DISTRIBUTION_EMBEDDED_ADJACENT_HASHES_RETAINED_UPSTREAM	AP2	APPROVED-WITH-OBLIGATIONS	T028_T030_PROCESS_AUTHORIZED_FINAL_ENVELOPE_PENDING
com.google.guava:guava:33.6.0-jre	/home/phuclam/.m2/wrapper/dists/apache-maven-3.9.16/510fba38/lib/guava-33.6.0-jre.jar	dc573e1fca4fd5454f4a5fd3d7da2df03002876a4175bafc14a95980dd7713b3	maven-core-distribution	AP2	inventories/f05a-q02-maven-distribution.tsv@f196be9;2026-10-03-f05a-q02-maven-core-realm.md§9-10;JAR_EMBEDDED_LICENSE_NOTICE_LIST	DISTRIBUTION_EMBEDDED_ADJACENT_HASHES_RETAINED_UPSTREAM	AP2	APPROVED-WITH-OBLIGATIONS	T028_T030_PROCESS_AUTHORIZED_FINAL_ENVELOPE_PENDING
com.google.inject:guice:5.1.0	/home/phuclam/.m2/wrapper/dists/apache-maven-3.9.16/510fba38/lib/guice-5.1.0-classes.jar	142ad4475e19524d2fe3ac995b3f7cbc962fc726f2edb9dbdccc61feab9b2bf9	maven-core-distribution	AP2	inventories/f05a-q02-maven-distribution.tsv@f196be9;2026-10-03-f05a-q02-maven-core-realm.md§9-10;M/lib/guice.license;JAR!META-INF/LICENSE;JAR!META-INF/NOTICE;M/LICENSE	DISTRIBUTION_EMBEDDED_ADJACENT_HASHES_RETAINED_UPSTREAM	AP2	APPROVED-WITH-OBLIGATIONS	T028_T030_PROCESS_AUTHORIZED_FINAL_ENVELOPE_PENDING
org.apache.httpcomponents:httpclient:4.5.14	/home/phuclam/.m2/wrapper/dists/apache-maven-3.9.16/510fba38/lib/httpclient-4.5.14.jar	c8bc7e1c51a6d4ce72f40d2ebbabf1c4b68bfe76e732104b04381b493478e9d6	maven-core-distribution	AP2	inventories/f05a-q02-maven-distribution.tsv@f196be9;2026-10-03-f05a-q02-maven-core-realm.md§9-10;JAR_EMBEDDED_LICENSE_NOTICE_LIST	DISTRIBUTION_EMBEDDED_ADJACENT_HASHES_RETAINED_UPSTREAM	AP2	APPROVED-WITH-OBLIGATIONS	T028_T030_PROCESS_AUTHORIZED_FINAL_ENVELOPE_PENDING
org.apache.httpcomponents:httpcore:4.4.16	/home/phuclam/.m2/wrapper/dists/apache-maven-3.9.16/510fba38/lib/httpcore-4.4.16.jar	6c9b3dd142a09dc468e23ad39aad6f75a0f2b85125104469f026e52a474e464f	maven-core-distribution	AP2	inventories/f05a-q02-maven-distribution.tsv@f196be9;2026-10-03-f05a-q02-maven-core-realm.md§9-10;JAR_EMBEDDED_LICENSE_NOTICE_LIST	DISTRIBUTION_EMBEDDED_ADJACENT_HASHES_RETAINED_UPSTREAM	AP2	APPROVED-WITH-OBLIGATIONS	T028_T030_PROCESS_AUTHORIZED_FINAL_ENVELOPE_PENDING
org.fusesource.jansi:jansi:2.4.3	/home/phuclam/.m2/wrapper/dists/apache-maven-3.9.16/510fba38/lib/jansi-2.4.3.jar	ec168cf31c4c3849348dfff7a04e90170615f7784f1255ee6747b98a854c04c5	maven-core-distribution	AP2	inventories/f05a-q02-maven-distribution.tsv@f196be9;2026-10-03-f05a-q02-maven-core-realm.md§9-10;M/LICENSE;M/lib/jansi.license	DISTRIBUTION_EMBEDDED_ADJACENT_HASHES_RETAINED_UPSTREAM	AP2	APPROVED-WITH-OBLIGATIONS	T028_T030_PROCESS_AUTHORIZED_FINAL_ENVELOPE_PENDING
javax.annotation:javax.annotation-api:1.3.2	/home/phuclam/.m2/wrapper/dists/apache-maven-3.9.16/510fba38/lib/javax.annotation-api-1.3.2.jar	e04ba5195bcd555dc95650f7cc614d151e4bcd52d29a10b8aa2197f3ab89ab9b	maven-core-distribution	CDDL_GPL_CE	inventories/f05a-q02-maven-distribution.tsv@f196be9;2026-10-03-f05a-q02-maven-core-realm.md§9-10;M/LICENSE;M/lib/javax.annotation-api.license;JAR!META-INF/LICENSE.txt	DISTRIBUTION_EMBEDDED_ADJACENT_HASHES_RETAINED_UPSTREAM	CDDL_GPL_CE	BLOCKED-LEGAL	T028_T030_PROCESS_AUTHORIZED_FINAL_ENVELOPE_PENDING
javax.inject:javax.inject:1	/home/phuclam/.m2/wrapper/dists/apache-maven-3.9.16/510fba38/lib/javax.inject-1.jar	91c77044a50c481636c32d916fd89c9118a72195390452c81065080f957de7ff	maven-core-distribution	AP2	inventories/f05a-q02-maven-distribution.tsv@f196be9;2026-10-03-f05a-q02-maven-core-realm.md§9-10;M/LICENSE;M/lib/lib/javax.inject.license	DISTRIBUTION_EMBEDDED_ADJACENT_HASHES_RETAINED_UPSTREAM	AP2	APPROVED-WITH-OBLIGATIONS	T028_T030_PROCESS_AUTHORIZED_FINAL_ENVELOPE_PENDING
org.slf4j:jcl-over-slf4j:1.7.36	/home/phuclam/.m2/wrapper/dists/apache-maven-3.9.16/510fba38/lib/jcl-over-slf4j-1.7.36.jar	ab57ca8fd223772c17365d121f59e94ecbf0ae59d08c03a3cb5b81071c019195	maven-core-distribution	AP2	inventories/f05a-q02-maven-distribution.tsv@f196be9;2026-10-03-f05a-q02-maven-core-realm.md§9-10;M/LICENSE;M/lib/jcl-over-slf4j.license	DISTRIBUTION_EMBEDDED_ADJACENT_HASHES_RETAINED_UPSTREAM	AP2	APPROVED-WITH-OBLIGATIONS	T028_T030_PROCESS_AUTHORIZED_FINAL_ENVELOPE_PENDING
org.jspecify:jspecify:1.0.0	/home/phuclam/.m2/wrapper/dists/apache-maven-3.9.16/510fba38/lib/jspecify-1.0.0.jar	1fad6e6be7557781e4d33729d49ae1cdc8fdda6fe477bb0cc68ce351eafdfbab	maven-core-distribution	AP2	inventories/f05a-q02-maven-distribution.tsv@f196be9;2026-10-03-f05a-q02-maven-core-realm.md§9-10;M/LICENSE;M/lib/lib/jspecify.license	DISTRIBUTION_EMBEDDED_ADJACENT_HASHES_RETAINED_UPSTREAM	AP2	APPROVED-WITH-OBLIGATIONS	T028_T030_PROCESS_AUTHORIZED_FINAL_ENVELOPE_PENDING
org.apache.maven:maven-artifact:3.9.16	/home/phuclam/.m2/wrapper/dists/apache-maven-3.9.16/510fba38/lib/maven-artifact-3.9.16.jar	54cc1c1ef932e3d4a903352111b42b4d3c3ed8e7a1d0de73b625309d9c3ad3e8	maven-core-distribution	AP2	inventories/f05a-q02-maven-distribution.tsv@f196be9;2026-10-03-f05a-q02-maven-core-realm.md§9-10;JAR_EMBEDDED_LICENSE_NOTICE_LIST	DISTRIBUTION_EMBEDDED_ADJACENT_HASHES_RETAINED_UPSTREAM	AP2	APPROVED-WITH-OBLIGATIONS	T028_T030_PROCESS_AUTHORIZED_FINAL_ENVELOPE_PENDING
org.apache.maven:maven-builder-support:3.9.16	/home/phuclam/.m2/wrapper/dists/apache-maven-3.9.16/510fba38/lib/maven-builder-support-3.9.16.jar	02972384eae3495801565fd27abb84cfd75a8e6d2cbb1ae0c556752ebc2b1cde	maven-core-distribution	AP2	inventories/f05a-q02-maven-distribution.tsv@f196be9;2026-10-03-f05a-q02-maven-core-realm.md§9-10;JAR_EMBEDDED_LICENSE_NOTICE_LIST	DISTRIBUTION_EMBEDDED_ADJACENT_HASHES_RETAINED_UPSTREAM	AP2	APPROVED-WITH-OBLIGATIONS	T028_T030_PROCESS_AUTHORIZED_FINAL_ENVELOPE_PENDING
org.apache.maven:maven-compat:3.9.16	/home/phuclam/.m2/wrapper/dists/apache-maven-3.9.16/510fba38/lib/maven-compat-3.9.16.jar	69ea74479f87457d29bfdecf11e1470ad95300b06be16f4c8ddcf5bd3627f4dc	maven-core-distribution	AP2	inventories/f05a-q02-maven-distribution.tsv@f196be9;2026-10-03-f05a-q02-maven-core-realm.md§9-10;JAR_EMBEDDED_LICENSE_NOTICE_LIST	DISTRIBUTION_EMBEDDED_ADJACENT_HASHES_RETAINED_UPSTREAM	AP2	APPROVED-WITH-OBLIGATIONS	T028_T030_PROCESS_AUTHORIZED_FINAL_ENVELOPE_PENDING
org.apache.maven:maven-core:3.9.16	/home/phuclam/.m2/wrapper/dists/apache-maven-3.9.16/510fba38/lib/maven-core-3.9.16.jar	5d45c72e3dbfab8b68d15ad4f12777b7d9b5fe4d4adc99c3bd51fb9641fab009	maven-core-distribution	AP2	inventories/f05a-q02-maven-distribution.tsv@f196be9;2026-10-03-f05a-q02-maven-core-realm.md§9-10;JAR_EMBEDDED_LICENSE_NOTICE_LIST	DISTRIBUTION_EMBEDDED_ADJACENT_HASHES_RETAINED_UPSTREAM	AP2	APPROVED-WITH-OBLIGATIONS	T028_T030_PROCESS_AUTHORIZED_FINAL_ENVELOPE_PENDING
org.apache.maven:maven-embedder:3.9.16	/home/phuclam/.m2/wrapper/dists/apache-maven-3.9.16/510fba38/lib/maven-embedder-3.9.16.jar	a99aaac6ecb1b98d0f3b3ba18c16a122fc503412222055639a3eb4cbe458313b	maven-core-distribution	AP2	inventories/f05a-q02-maven-distribution.tsv@f196be9;2026-10-03-f05a-q02-maven-core-realm.md§9-10;JAR_EMBEDDED_LICENSE_NOTICE_LIST	DISTRIBUTION_EMBEDDED_ADJACENT_HASHES_RETAINED_UPSTREAM	AP2	APPROVED-WITH-OBLIGATIONS	T028_T030_PROCESS_AUTHORIZED_FINAL_ENVELOPE_PENDING
org.apache.maven:maven-model:3.9.16	/home/phuclam/.m2/wrapper/dists/apache-maven-3.9.16/510fba38/lib/maven-model-3.9.16.jar	f59d86a507c241bf17bbf050050d1b8b9c0d34d5010a7e2386c3cab7c83b93de	maven-core-distribution	AP2	inventories/f05a-q02-maven-distribution.tsv@f196be9;2026-10-03-f05a-q02-maven-core-realm.md§9-10;JAR_EMBEDDED_LICENSE_NOTICE_LIST	DISTRIBUTION_EMBEDDED_ADJACENT_HASHES_RETAINED_UPSTREAM	AP2	APPROVED-WITH-OBLIGATIONS	T028_T030_PROCESS_AUTHORIZED_FINAL_ENVELOPE_PENDING
org.apache.maven:maven-model-builder:3.9.16	/home/phuclam/.m2/wrapper/dists/apache-maven-3.9.16/510fba38/lib/maven-model-builder-3.9.16.jar	002be86d1f53b36f559a0786034a17598d71087f1935f205a1f9e51d4dd124b3	maven-core-distribution	AP2	inventories/f05a-q02-maven-distribution.tsv@f196be9;2026-10-03-f05a-q02-maven-core-realm.md§9-10;JAR_EMBEDDED_LICENSE_NOTICE_LIST	DISTRIBUTION_EMBEDDED_ADJACENT_HASHES_RETAINED_UPSTREAM	AP2	APPROVED-WITH-OBLIGATIONS	T028_T030_PROCESS_AUTHORIZED_FINAL_ENVELOPE_PENDING
org.apache.maven:maven-plugin-api:3.9.16	/home/phuclam/.m2/wrapper/dists/apache-maven-3.9.16/510fba38/lib/maven-plugin-api-3.9.16.jar	37cb5e483e23327cf4ba18f920b45e000d20eec0428a086a5c1bd6bbdecf088c	maven-core-distribution	AP2	inventories/f05a-q02-maven-distribution.tsv@f196be9;2026-10-03-f05a-q02-maven-core-realm.md§9-10;JAR_EMBEDDED_LICENSE_NOTICE_LIST	DISTRIBUTION_EMBEDDED_ADJACENT_HASHES_RETAINED_UPSTREAM	AP2	APPROVED-WITH-OBLIGATIONS	T028_T030_PROCESS_AUTHORIZED_FINAL_ENVELOPE_PENDING
org.apache.maven:maven-repository-metadata:3.9.16	/home/phuclam/.m2/wrapper/dists/apache-maven-3.9.16/510fba38/lib/maven-repository-metadata-3.9.16.jar	bc3dd413b89a16b695f35a5d0496b58ea2787c30b7b6062c130d24d6d764720f	maven-core-distribution	AP2	inventories/f05a-q02-maven-distribution.tsv@f196be9;2026-10-03-f05a-q02-maven-core-realm.md§9-10;JAR_EMBEDDED_LICENSE_NOTICE_LIST	DISTRIBUTION_EMBEDDED_ADJACENT_HASHES_RETAINED_UPSTREAM	AP2	APPROVED-WITH-OBLIGATIONS	T028_T030_PROCESS_AUTHORIZED_FINAL_ENVELOPE_PENDING
org.apache.maven.resolver:maven-resolver-api:1.9.27	/home/phuclam/.m2/wrapper/dists/apache-maven-3.9.16/510fba38/lib/maven-resolver-api-1.9.27.jar	a895d222283666a7320ddc76615e2e93a41fabd93ce9a6bf9ddee39272bb87b4	maven-core-distribution	AP2	inventories/f05a-q02-maven-distribution.tsv@f196be9;2026-10-03-f05a-q02-maven-core-realm.md§9-10;JAR_EMBEDDED_LICENSE_NOTICE_LIST	DISTRIBUTION_EMBEDDED_ADJACENT_HASHES_RETAINED_UPSTREAM	AP2	APPROVED-WITH-OBLIGATIONS	T028_T030_PROCESS_AUTHORIZED_FINAL_ENVELOPE_PENDING
org.apache.maven.resolver:maven-resolver-connector-basic:1.9.27	/home/phuclam/.m2/wrapper/dists/apache-maven-3.9.16/510fba38/lib/maven-resolver-connector-basic-1.9.27.jar	3bd98e3a426f9adcae39e3786db229e2be77e08a743ecd9be15c5ed77be3a625	maven-core-distribution	AP2	inventories/f05a-q02-maven-distribution.tsv@f196be9;2026-10-03-f05a-q02-maven-core-realm.md§9-10;JAR_EMBEDDED_LICENSE_NOTICE_LIST	DISTRIBUTION_EMBEDDED_ADJACENT_HASHES_RETAINED_UPSTREAM	AP2	APPROVED-WITH-OBLIGATIONS	T028_T030_PROCESS_AUTHORIZED_FINAL_ENVELOPE_PENDING
org.apache.maven.resolver:maven-resolver-impl:1.9.27	/home/phuclam/.m2/wrapper/dists/apache-maven-3.9.16/510fba38/lib/maven-resolver-impl-1.9.27.jar	295d48ea2a8bb3aef51888967f105fb6251997d111f13c32d28919fd9b1c951e	maven-core-distribution	AP2	inventories/f05a-q02-maven-distribution.tsv@f196be9;2026-10-03-f05a-q02-maven-core-realm.md§9-10;JAR_EMBEDDED_LICENSE_NOTICE_LIST	DISTRIBUTION_EMBEDDED_ADJACENT_HASHES_RETAINED_UPSTREAM	AP2	APPROVED-WITH-OBLIGATIONS	T028_T030_PROCESS_AUTHORIZED_FINAL_ENVELOPE_PENDING
org.apache.maven.resolver:maven-resolver-named-locks:1.9.27	/home/phuclam/.m2/wrapper/dists/apache-maven-3.9.16/510fba38/lib/maven-resolver-named-locks-1.9.27.jar	b39ecd4da98fdac5068e6f5d16910a71f4e4d48e95e17d107f6603e18f2b3fdf	maven-core-distribution	AP2	inventories/f05a-q02-maven-distribution.tsv@f196be9;2026-10-03-f05a-q02-maven-core-realm.md§9-10;JAR_EMBEDDED_LICENSE_NOTICE_LIST	DISTRIBUTION_EMBEDDED_ADJACENT_HASHES_RETAINED_UPSTREAM	AP2	APPROVED-WITH-OBLIGATIONS	T028_T030_PROCESS_AUTHORIZED_FINAL_ENVELOPE_PENDING
org.apache.maven:maven-resolver-provider:3.9.16	/home/phuclam/.m2/wrapper/dists/apache-maven-3.9.16/510fba38/lib/maven-resolver-provider-3.9.16.jar	72a2d6aad3708e2c708b659b292ae9587a4d170ec88f48466290318730221118	maven-core-distribution	AP2	inventories/f05a-q02-maven-distribution.tsv@f196be9;2026-10-03-f05a-q02-maven-core-realm.md§9-10;JAR_EMBEDDED_LICENSE_NOTICE_LIST	DISTRIBUTION_EMBEDDED_ADJACENT_HASHES_RETAINED_UPSTREAM	AP2	APPROVED-WITH-OBLIGATIONS	T028_T030_PROCESS_AUTHORIZED_FINAL_ENVELOPE_PENDING
org.apache.maven.resolver:maven-resolver-spi:1.9.27	/home/phuclam/.m2/wrapper/dists/apache-maven-3.9.16/510fba38/lib/maven-resolver-spi-1.9.27.jar	1cab02f45bc58d5f4d8e084eaf032f13ea1a5fc9021d8bd74f8360ebb6593e5a	maven-core-distribution	AP2	inventories/f05a-q02-maven-distribution.tsv@f196be9;2026-10-03-f05a-q02-maven-core-realm.md§9-10;JAR_EMBEDDED_LICENSE_NOTICE_LIST	DISTRIBUTION_EMBEDDED_ADJACENT_HASHES_RETAINED_UPSTREAM	AP2	APPROVED-WITH-OBLIGATIONS	T028_T030_PROCESS_AUTHORIZED_FINAL_ENVELOPE_PENDING
org.apache.maven.resolver:maven-resolver-transport-file:1.9.27	/home/phuclam/.m2/wrapper/dists/apache-maven-3.9.16/510fba38/lib/maven-resolver-transport-file-1.9.27.jar	3988261bd31e2e79eda802b3971992fce44756b0029557a05c7b871d3c3ddef7	maven-core-distribution	AP2	inventories/f05a-q02-maven-distribution.tsv@f196be9;2026-10-03-f05a-q02-maven-core-realm.md§9-10;JAR_EMBEDDED_LICENSE_NOTICE_LIST	DISTRIBUTION_EMBEDDED_ADJACENT_HASHES_RETAINED_UPSTREAM	AP2	APPROVED-WITH-OBLIGATIONS	T028_T030_PROCESS_AUTHORIZED_FINAL_ENVELOPE_PENDING
org.apache.maven.resolver:maven-resolver-transport-http:1.9.27	/home/phuclam/.m2/wrapper/dists/apache-maven-3.9.16/510fba38/lib/maven-resolver-transport-http-1.9.27.jar	723f3d9d717a693d0aac589e266b995f76e9c63edd48ecc8a0cf9e86a77e459c	maven-core-distribution	AP2	inventories/f05a-q02-maven-distribution.tsv@f196be9;2026-10-03-f05a-q02-maven-core-realm.md§9-10;JAR_EMBEDDED_LICENSE_NOTICE_LIST	DISTRIBUTION_EMBEDDED_ADJACENT_HASHES_RETAINED_UPSTREAM	AP2	APPROVED-WITH-OBLIGATIONS	T028_T030_PROCESS_AUTHORIZED_FINAL_ENVELOPE_PENDING
org.apache.maven.resolver:maven-resolver-transport-wagon:1.9.27	/home/phuclam/.m2/wrapper/dists/apache-maven-3.9.16/510fba38/lib/maven-resolver-transport-wagon-1.9.27.jar	ddf1c8744f7ef50d8ab78526611b690ab1da0e9ad8d99f72d9dbe1b259aa9a8b	maven-core-distribution	AP2	inventories/f05a-q02-maven-distribution.tsv@f196be9;2026-10-03-f05a-q02-maven-core-realm.md§9-10;JAR_EMBEDDED_LICENSE_NOTICE_LIST	DISTRIBUTION_EMBEDDED_ADJACENT_HASHES_RETAINED_UPSTREAM	AP2	APPROVED-WITH-OBLIGATIONS	T028_T030_PROCESS_AUTHORIZED_FINAL_ENVELOPE_PENDING
org.apache.maven.resolver:maven-resolver-util:1.9.27	/home/phuclam/.m2/wrapper/dists/apache-maven-3.9.16/510fba38/lib/maven-resolver-util-1.9.27.jar	74a12548f0d6aad13c728666288c1e81201c24bd05bb4e4ec8c1558517b379a7	maven-core-distribution	AP2	inventories/f05a-q02-maven-distribution.tsv@f196be9;2026-10-03-f05a-q02-maven-core-realm.md§9-10;JAR_EMBEDDED_LICENSE_NOTICE_LIST	DISTRIBUTION_EMBEDDED_ADJACENT_HASHES_RETAINED_UPSTREAM	AP2	APPROVED-WITH-OBLIGATIONS	T028_T030_PROCESS_AUTHORIZED_FINAL_ENVELOPE_PENDING
org.apache.maven:maven-settings:3.9.16	/home/phuclam/.m2/wrapper/dists/apache-maven-3.9.16/510fba38/lib/maven-settings-3.9.16.jar	322ae5b23f4b7b6ce7896bd33a793143dbbbbcc16c4475e2d7eebbd8f755da92	maven-core-distribution	AP2	inventories/f05a-q02-maven-distribution.tsv@f196be9;2026-10-03-f05a-q02-maven-core-realm.md§9-10;JAR_EMBEDDED_LICENSE_NOTICE_LIST	DISTRIBUTION_EMBEDDED_ADJACENT_HASHES_RETAINED_UPSTREAM	AP2	APPROVED-WITH-OBLIGATIONS	T028_T030_PROCESS_AUTHORIZED_FINAL_ENVELOPE_PENDING
org.apache.maven:maven-settings-builder:3.9.16	/home/phuclam/.m2/wrapper/dists/apache-maven-3.9.16/510fba38/lib/maven-settings-builder-3.9.16.jar	226f1cbb0b4d414eff773fb151a8977837c98073e14d5963794e6cf464e6adbb	maven-core-distribution	AP2	inventories/f05a-q02-maven-distribution.tsv@f196be9;2026-10-03-f05a-q02-maven-core-realm.md§9-10;JAR_EMBEDDED_LICENSE_NOTICE_LIST	DISTRIBUTION_EMBEDDED_ADJACENT_HASHES_RETAINED_UPSTREAM	AP2	APPROVED-WITH-OBLIGATIONS	T028_T030_PROCESS_AUTHORIZED_FINAL_ENVELOPE_PENDING
org.apache.maven.shared:maven-shared-utils:3.4.2	/home/phuclam/.m2/wrapper/dists/apache-maven-3.9.16/510fba38/lib/maven-shared-utils-3.4.2.jar	b613357e1bad4dfc1dead801691c9460f9585fe7c6b466bc25186212d7d18487	maven-core-distribution	AP2	inventories/f05a-q02-maven-distribution.tsv@f196be9;2026-10-03-f05a-q02-maven-core-realm.md§9-10;JAR_EMBEDDED_LICENSE_NOTICE_LIST	DISTRIBUTION_EMBEDDED_ADJACENT_HASHES_RETAINED_UPSTREAM	AP2	APPROVED-WITH-OBLIGATIONS	T028_T030_PROCESS_AUTHORIZED_FINAL_ENVELOPE_PENDING
org.apache.maven:maven-slf4j-provider:3.9.16	/home/phuclam/.m2/wrapper/dists/apache-maven-3.9.16/510fba38/lib/maven-slf4j-provider-3.9.16.jar	a435cb0fdfc9c906bdc1ef72f043f59fef23dfd0db5beb5dd1e17a0a07f99d52	maven-core-distribution	AP2	inventories/f05a-q02-maven-distribution.tsv@f196be9;2026-10-03-f05a-q02-maven-core-realm.md§9-10;JAR_EMBEDDED_LICENSE_NOTICE_LIST	DISTRIBUTION_EMBEDDED_ADJACENT_HASHES_RETAINED_UPSTREAM	AP2	APPROVED-WITH-OBLIGATIONS	T028_T030_PROCESS_AUTHORIZED_FINAL_ENVELOPE_PENDING
org.eclipse.sisu:org.eclipse.sisu.inject:1.0.0	/home/phuclam/.m2/wrapper/dists/apache-maven-3.9.16/510fba38/lib/org.eclipse.sisu.inject-1.0.0.jar	3ab8d7bfe68f3b6ec95c1a0a47e628edbc9d76e90634cb0a0ba121fbb11b8e42	maven-core-distribution	EPL2	inventories/f05a-q02-maven-distribution.tsv@f196be9;2026-10-03-f05a-q02-maven-core-realm.md§9-10;M/LICENSE;M/lib/lib/org.eclipse.sisu.inject.license	DISTRIBUTION_EMBEDDED_ADJACENT_HASHES_RETAINED_UPSTREAM	EPL2	BLOCKED-LEGAL	T028_T030_PROCESS_AUTHORIZED_FINAL_ENVELOPE_PENDING
org.eclipse.sisu:org.eclipse.sisu.plexus:1.0.0	/home/phuclam/.m2/wrapper/dists/apache-maven-3.9.16/510fba38/lib/org.eclipse.sisu.plexus-1.0.0.jar	865b5300034fc08c790215d7d97f141914c932191bef9338a7dcef589f7536e9	maven-core-distribution	EPL2	inventories/f05a-q02-maven-distribution.tsv@f196be9;2026-10-03-f05a-q02-maven-core-realm.md§9-10;M/LICENSE;M/lib/lib/org.eclipse.sisu.plexus.license	DISTRIBUTION_EMBEDDED_ADJACENT_HASHES_RETAINED_UPSTREAM	EPL2	BLOCKED-LEGAL	T028_T030_PROCESS_AUTHORIZED_FINAL_ENVELOPE_PENDING
org.codehaus.plexus:plexus-cipher:2.0	/home/phuclam/.m2/wrapper/dists/apache-maven-3.9.16/510fba38/lib/plexus-cipher-2.0.jar	9a7f1b5c5a9effd61eadfd8731452a2f76a8e79111fac391ef75ea801bea203a	maven-core-distribution	AP2	inventories/f05a-q02-maven-distribution.tsv@f196be9;2026-10-03-f05a-q02-maven-core-realm.md§9-10;M/LICENSE;M/lib/plexus-cipher.license	DISTRIBUTION_EMBEDDED_ADJACENT_HASHES_RETAINED_UPSTREAM	AP2	APPROVED-WITH-OBLIGATIONS	T028_T030_PROCESS_AUTHORIZED_FINAL_ENVELOPE_PENDING
org.codehaus.plexus:plexus-component-annotations:2.2.0	/home/phuclam/.m2/wrapper/dists/apache-maven-3.9.16/510fba38/lib/plexus-component-annotations-2.2.0.jar	50edb93c73786e62822b4fe1336e22880fdf147191373cf5c911370e16748fcf	maven-core-distribution	AP2	inventories/f05a-q02-maven-distribution.tsv@f196be9;2026-10-03-f05a-q02-maven-core-realm.md§9-10;M/LICENSE;M/lib/plexus-component-annotations.license	DISTRIBUTION_EMBEDDED_ADJACENT_HASHES_RETAINED_UPSTREAM	AP2	APPROVED-WITH-OBLIGATIONS	T028_T030_PROCESS_AUTHORIZED_FINAL_ENVELOPE_PENDING
org.codehaus.plexus:plexus-interpolation:1.29	/home/phuclam/.m2/wrapper/dists/apache-maven-3.9.16/510fba38/lib/plexus-interpolation-1.29.jar	088d444dbcedfb384630d8686697ece3c401d6f33c8f8b3aa7259ea1c6996878	maven-core-distribution	AP2_APACHE11_CUSTOM	inventories/f05a-q02-maven-distribution.tsv@f196be9;2026-10-03-f05a-q02-maven-core-realm.md§9-10;M/LICENSE;M/lib/plexus-interpolation.license;IE-RES-F05A-Q02-PLEXUS-RIGHTS-20261003#C03	DISTRIBUTION_EMBEDDED_ADJACENT_HASHES_RETAINED_UPSTREAM	AP2_APACHE11_CUSTOM	BLOCKED-LEGAL	T028_T030_PROCESS_AUTHORIZED_FINAL_ENVELOPE_PENDING
org.codehaus.plexus:plexus-sec-dispatcher:2.0	/home/phuclam/.m2/wrapper/dists/apache-maven-3.9.16/510fba38/lib/plexus-sec-dispatcher-2.0.jar	873139960c4c780176dda580b003a2c4bf82188bdce5bb99234e224ef7acfceb	maven-core-distribution	AP2	inventories/f05a-q02-maven-distribution.tsv@f196be9;2026-10-03-f05a-q02-maven-core-realm.md§9-10;M/LICENSE;M/lib/plexus-sec-dispatcher.license	DISTRIBUTION_EMBEDDED_ADJACENT_HASHES_RETAINED_UPSTREAM	AP2	APPROVED-WITH-OBLIGATIONS	T028_T030_PROCESS_AUTHORIZED_FINAL_ENVELOPE_PENDING
org.codehaus.plexus:plexus-utils:3.6.1	/home/phuclam/.m2/wrapper/dists/apache-maven-3.9.16/510fba38/lib/plexus-utils-3.6.1.jar	05a63effd67e2d6b9d610cc82e2bd7473289d34802e57a529b28110f28af5679	maven-core-distribution	AP2_EXTREME_JAVOLUTION_THOUGHTWORKS	inventories/f05a-q02-maven-distribution.tsv@f196be9;2026-10-03-f05a-q02-maven-core-realm.md§9-10;M/LICENSE;M/lib/plexus-utils.license;JAR!META-INF/LICENSE;JAR!META-INF/NOTICE;JAR!licenses/*	DISTRIBUTION_EMBEDDED_ADJACENT_HASHES_RETAINED_UPSTREAM	AP2_EXTREME_JAVOLUTION_THOUGHTWORKS	BLOCKED-LEGAL	T028_T030_PROCESS_AUTHORIZED_FINAL_ENVELOPE_PENDING
org.slf4j:slf4j-api:1.7.36	/home/phuclam/.m2/wrapper/dists/apache-maven-3.9.16/510fba38/lib/slf4j-api-1.7.36.jar	d3ef575e3e4979678dc01bf1dcce51021493b4d11fb7f1be8ad982877c16a1c0	maven-core-distribution	MIT	inventories/f05a-q02-maven-distribution.tsv@f196be9;2026-10-03-f05a-q02-maven-core-realm.md§9-10;M/LICENSE;M/lib/slf4j-api.license	DISTRIBUTION_EMBEDDED_ADJACENT_HASHES_RETAINED_UPSTREAM	MIT	APPROVED-WITH-OBLIGATIONS	T028_T030_PROCESS_AUTHORIZED_FINAL_ENVELOPE_PENDING
org.apache.maven.wagon:wagon-file:3.5.3	/home/phuclam/.m2/wrapper/dists/apache-maven-3.9.16/510fba38/lib/wagon-file-3.5.3.jar	afc9216fa97b78dad227b4a8d4d67b9897bf113a57f80598d62993841113e103	maven-core-distribution	AP2	inventories/f05a-q02-maven-distribution.tsv@f196be9;2026-10-03-f05a-q02-maven-core-realm.md§9-10;JAR_EMBEDDED_LICENSE_NOTICE_LIST	DISTRIBUTION_EMBEDDED_ADJACENT_HASHES_RETAINED_UPSTREAM	AP2	APPROVED-WITH-OBLIGATIONS	T028_T030_PROCESS_AUTHORIZED_FINAL_ENVELOPE_PENDING
org.apache.maven.wagon:wagon-http:3.5.3	/home/phuclam/.m2/wrapper/dists/apache-maven-3.9.16/510fba38/lib/wagon-http-3.5.3.jar	d2b6e48c9fcbe579e1858c622d14464011ff265fa6e28e794004a6882154a509	maven-core-distribution	AP2	inventories/f05a-q02-maven-distribution.tsv@f196be9;2026-10-03-f05a-q02-maven-core-realm.md§9-10;JAR_EMBEDDED_LICENSE_NOTICE_LIST	DISTRIBUTION_EMBEDDED_ADJACENT_HASHES_RETAINED_UPSTREAM	AP2	APPROVED-WITH-OBLIGATIONS	T028_T030_PROCESS_AUTHORIZED_FINAL_ENVELOPE_PENDING
org.apache.maven.wagon:wagon-http-shared:3.5.3	/home/phuclam/.m2/wrapper/dists/apache-maven-3.9.16/510fba38/lib/wagon-http-shared-3.5.3.jar	8e7da766f55164fde8779aaaa125832506c2848cab4876b5305138873e28037f	maven-core-distribution	AP2	inventories/f05a-q02-maven-distribution.tsv@f196be9;2026-10-03-f05a-q02-maven-core-realm.md§9-10;JAR_EMBEDDED_LICENSE_NOTICE_LIST	DISTRIBUTION_EMBEDDED_ADJACENT_HASHES_RETAINED_UPSTREAM	AP2	APPROVED-WITH-OBLIGATIONS	T028_T030_PROCESS_AUTHORIZED_FINAL_ENVELOPE_PENDING
org.apache.maven.wagon:wagon-provider-api:3.5.3	/home/phuclam/.m2/wrapper/dists/apache-maven-3.9.16/510fba38/lib/wagon-provider-api-3.5.3.jar	5e72000338945ed3e96f8e4f578d1d0672e1af7e19c0e9014197ae5b31af3ef4	maven-core-distribution	AP2	inventories/f05a-q02-maven-distribution.tsv@f196be9;2026-10-03-f05a-q02-maven-core-realm.md§9-10;JAR_EMBEDDED_LICENSE_NOTICE_LIST	DISTRIBUTION_EMBEDDED_ADJACENT_HASHES_RETAINED_UPSTREAM	AP2	APPROVED-WITH-OBLIGATIONS	T028_T030_PROCESS_AUTHORIZED_FINAL_ENVELOPE_PENDING
org.codehaus.plexus:plexus-classworlds:2.11.0	/home/phuclam/.m2/wrapper/dists/apache-maven-3.9.16/510fba38/boot/plexus-classworlds-2.11.0.jar	8971f135490070bc5fde7413fcc8db7c997fda4bebfb5c31185900d66edcbbb2	maven-core-distribution	AP2	inventories/f05a-q02-maven-distribution.tsv@f196be9;2026-10-03-f05a-q02-maven-core-realm.md§9-10;M/LICENSE;M/boot/plexus-classworlds.license	DISTRIBUTION_EMBEDDED_ADJACENT_HASHES_RETAINED_UPSTREAM	AP2	APPROVED-WITH-OBLIGATIONS	T028_T030_PROCESS_AUTHORIZED_FINAL_ENVELOPE_PENDING
