coordinate_or_core_class	jar_path	legal_entry	legal_sha256
org.springframework.boot:spring-boot-starter:4.1.1	/home/phuclam/.m2/repository/org/springframework/boot/spring-boot-starter/4.1.1/spring-boot-starter-4.1.1.jar	META-INF/LICENSE.txt	7200000367e0e8b47822d563a5ddd2dd3a97cc05b32bd7dbcc7b4eeb92b76628
org.springframework.boot:spring-boot-starter:4.1.1	/home/phuclam/.m2/repository/org/springframework/boot/spring-boot-starter/4.1.1/spring-boot-starter-4.1.1.jar	META-INF/NOTICE.txt	64e8c092d64ccaecac2d81d324c84a4dff29fdc2cb777f3b1abd910ac2e8555d
org.springframework.boot:spring-boot-autoconfigure:4.1.1	/home/phuclam/.m2/repository/org/springframework/boot/spring-boot-autoconfigure/4.1.1/spring-boot-autoconfigure-4.1.1.jar	META-INF/LICENSE.txt	7200000367e0e8b47822d563a5ddd2dd3a97cc05b32bd7dbcc7b4eeb92b76628
org.springframework.boot:spring-boot-autoconfigure:4.1.1	/home/phuclam/.m2/repository/org/springframework/boot/spring-boot-autoconfigure/4.1.1/spring-boot-autoconfigure-4.1.1.jar	META-INF/NOTICE.txt	64e8c092d64ccaecac2d81d324c84a4dff29fdc2cb777f3b1abd910ac2e8555d
org.springframework.boot:spring-boot:4.1.1	/home/phuclam/.m2/repository/org/springframework/boot/spring-boot/4.1.1/spring-boot-4.1.1.jar	META-INF/LICENSE.txt	7200000367e0e8b47822d563a5ddd2dd3a97cc05b32bd7dbcc7b4eeb92b76628
org.springframework.boot:spring-boot:4.1.1	/home/phuclam/.m2/repository/org/springframework/boot/spring-boot/4.1.1/spring-boot-4.1.1.jar	META-INF/NOTICE.txt	64e8c092d64ccaecac2d81d324c84a4dff29fdc2cb777f3b1abd910ac2e8555d
jakarta.annotation:jakarta.annotation-api:3.0.0	/home/phuclam/.m2/repository/jakarta/annotation/jakarta.annotation-api/3.0.0/jakarta.annotation-api-3.0.0.jar	META-INF/LICENSE.md	6e1f002892b81cbe0647019b150c8a056efc1add565671a4f8af629b6cd2cc7b
jakarta.annotation:jakarta.annotation-api:3.0.0	/home/phuclam/.m2/repository/jakarta/annotation/jakarta.annotation-api/3.0.0/jakarta.annotation-api-3.0.0.jar	META-INF/NOTICE.md	20bf986a153cc3095639379c99ef0a5a3bf99ac4895429920d380414a3eecf08
org.springframework.boot:spring-boot-starter-log4j2:4.1.1	/home/phuclam/.m2/repository/org/springframework/boot/spring-boot-starter-log4j2/4.1.1/spring-boot-starter-log4j2-4.1.1.jar	META-INF/LICENSE.txt	7200000367e0e8b47822d563a5ddd2dd3a97cc05b32bd7dbcc7b4eeb92b76628
org.springframework.boot:spring-boot-starter-log4j2:4.1.1	/home/phuclam/.m2/repository/org/springframework/boot/spring-boot-starter-log4j2/4.1.1/spring-boot-starter-log4j2-4.1.1.jar	META-INF/NOTICE.txt	64e8c092d64ccaecac2d81d324c84a4dff29fdc2cb777f3b1abd910ac2e8555d
org.apache.logging.log4j:log4j-slf4j2-impl:2.25.5	/home/phuclam/.m2/repository/org/apache/logging/log4j/log4j-slf4j2-impl/2.25.5/log4j-slf4j2-impl-2.25.5.jar	META-INF/LICENSE	cfc7749b96f63bd31c3c42b5c471bf756814053e847c10f3eb003417bc523d30
org.apache.logging.log4j:log4j-slf4j2-impl:2.25.5	/home/phuclam/.m2/repository/org/apache/logging/log4j/log4j-slf4j2-impl/2.25.5/log4j-slf4j2-impl-2.25.5.jar	META-INF/NOTICE	60fbe17a0161f93412d3928a281961efffac017eaf0093f4d22109896ff07684
org.apache.logging.log4j:log4j-api:2.25.5	/home/phuclam/.m2/repository/org/apache/logging/log4j/log4j-api/2.25.5/log4j-api-2.25.5.jar	META-INF/LICENSE	cfc7749b96f63bd31c3c42b5c471bf756814053e847c10f3eb003417bc523d30
org.apache.logging.log4j:log4j-api:2.25.5	/home/phuclam/.m2/repository/org/apache/logging/log4j/log4j-api/2.25.5/log4j-api-2.25.5.jar	META-INF/NOTICE	0b23e26a6260c82e2608899128a81a0c82e81f15d708779d0639227f6a2f801f
org.slf4j:slf4j-api:2.0.18	/home/phuclam/.m2/repository/org/slf4j/slf4j-api/2.0.18/slf4j-api-2.0.18.jar	META-INF/LICENSE.txt	4e7f90c86ab51278228bce153122f1d8df30149d13ce9ef524c8444a84c32dcc
org.apache.logging.log4j:log4j-core:2.25.5	/home/phuclam/.m2/repository/org/apache/logging/log4j/log4j-core/2.25.5/log4j-core-2.25.5.jar	META-INF/LICENSE	e118ad8e5f2d3c71f0e7d6202d5829e7580ccd9e3609a546c692788e657afbe2
org.apache.logging.log4j:log4j-core:2.25.5	/home/phuclam/.m2/repository/org/apache/logging/log4j/log4j-core/2.25.5/log4j-core-2.25.5.jar	META-INF/NOTICE	47481ebb980fb2d78204a80da2ccdb897c41aa34f43e0e5bcc06c1a32ea9ff48
org.apache.logging.log4j:log4j-jul:2.25.5	/home/phuclam/.m2/repository/org/apache/logging/log4j/log4j-jul/2.25.5/log4j-jul-2.25.5.jar	META-INF/LICENSE	cfc7749b96f63bd31c3c42b5c471bf756814053e847c10f3eb003417bc523d30
org.apache.logging.log4j:log4j-jul:2.25.5	/home/phuclam/.m2/repository/org/apache/logging/log4j/log4j-jul/2.25.5/log4j-jul-2.25.5.jar	META-INF/NOTICE	f756d9b8745c53e5e54e7b286d37e70bb566764601629d7e0a890019ea709b70
org.springframework.boot:spring-boot-starter-webmvc:4.1.1	/home/phuclam/.m2/repository/org/springframework/boot/spring-boot-starter-webmvc/4.1.1/spring-boot-starter-webmvc-4.1.1.jar	META-INF/LICENSE.txt	7200000367e0e8b47822d563a5ddd2dd3a97cc05b32bd7dbcc7b4eeb92b76628
org.springframework.boot:spring-boot-starter-webmvc:4.1.1	/home/phuclam/.m2/repository/org/springframework/boot/spring-boot-starter-webmvc/4.1.1/spring-boot-starter-webmvc-4.1.1.jar	META-INF/NOTICE.txt	64e8c092d64ccaecac2d81d324c84a4dff29fdc2cb777f3b1abd910ac2e8555d
org.springframework.boot:spring-boot-starter-jackson:4.1.1	/home/phuclam/.m2/repository/org/springframework/boot/spring-boot-starter-jackson/4.1.1/spring-boot-starter-jackson-4.1.1.jar	META-INF/LICENSE.txt	7200000367e0e8b47822d563a5ddd2dd3a97cc05b32bd7dbcc7b4eeb92b76628
org.springframework.boot:spring-boot-starter-jackson:4.1.1	/home/phuclam/.m2/repository/org/springframework/boot/spring-boot-starter-jackson/4.1.1/spring-boot-starter-jackson-4.1.1.jar	META-INF/NOTICE.txt	64e8c092d64ccaecac2d81d324c84a4dff29fdc2cb777f3b1abd910ac2e8555d
org.springframework.boot:spring-boot-jackson:4.1.1	/home/phuclam/.m2/repository/org/springframework/boot/spring-boot-jackson/4.1.1/spring-boot-jackson-4.1.1.jar	META-INF/LICENSE.txt	7200000367e0e8b47822d563a5ddd2dd3a97cc05b32bd7dbcc7b4eeb92b76628
org.springframework.boot:spring-boot-jackson:4.1.1	/home/phuclam/.m2/repository/org/springframework/boot/spring-boot-jackson/4.1.1/spring-boot-jackson-4.1.1.jar	META-INF/NOTICE.txt	64e8c092d64ccaecac2d81d324c84a4dff29fdc2cb777f3b1abd910ac2e8555d
org.springframework.boot:spring-boot-starter-tomcat:4.1.1	/home/phuclam/.m2/repository/org/springframework/boot/spring-boot-starter-tomcat/4.1.1/spring-boot-starter-tomcat-4.1.1.jar	META-INF/LICENSE.txt	7200000367e0e8b47822d563a5ddd2dd3a97cc05b32bd7dbcc7b4eeb92b76628
org.springframework.boot:spring-boot-starter-tomcat:4.1.1	/home/phuclam/.m2/repository/org/springframework/boot/spring-boot-starter-tomcat/4.1.1/spring-boot-starter-tomcat-4.1.1.jar	META-INF/NOTICE.txt	64e8c092d64ccaecac2d81d324c84a4dff29fdc2cb777f3b1abd910ac2e8555d
org.springframework.boot:spring-boot-starter-tomcat-runtime:4.1.1	/home/phuclam/.m2/repository/org/springframework/boot/spring-boot-starter-tomcat-runtime/4.1.1/spring-boot-starter-tomcat-runtime-4.1.1.jar	META-INF/LICENSE.txt	7200000367e0e8b47822d563a5ddd2dd3a97cc05b32bd7dbcc7b4eeb92b76628
org.springframework.boot:spring-boot-starter-tomcat-runtime:4.1.1	/home/phuclam/.m2/repository/org/springframework/boot/spring-boot-starter-tomcat-runtime/4.1.1/spring-boot-starter-tomcat-runtime-4.1.1.jar	META-INF/NOTICE.txt	64e8c092d64ccaecac2d81d324c84a4dff29fdc2cb777f3b1abd910ac2e8555d
org.springframework.boot:spring-boot-web-server:4.1.1	/home/phuclam/.m2/repository/org/springframework/boot/spring-boot-web-server/4.1.1/spring-boot-web-server-4.1.1.jar	META-INF/LICENSE.txt	7200000367e0e8b47822d563a5ddd2dd3a97cc05b32bd7dbcc7b4eeb92b76628
org.springframework.boot:spring-boot-web-server:4.1.1	/home/phuclam/.m2/repository/org/springframework/boot/spring-boot-web-server/4.1.1/spring-boot-web-server-4.1.1.jar	META-INF/NOTICE.txt	64e8c092d64ccaecac2d81d324c84a4dff29fdc2cb777f3b1abd910ac2e8555d
org.apache.tomcat.embed:tomcat-embed-core:11.0.24	/home/phuclam/.m2/repository/org/apache/tomcat/embed/tomcat-embed-core/11.0.24/tomcat-embed-core-11.0.24.jar	META-INF/LICENSE	8c39166d578175fb936229613e48de47d9e494b8c7c2fda6da717a1be29c8724
org.apache.tomcat.embed:tomcat-embed-core:11.0.24	/home/phuclam/.m2/repository/org/apache/tomcat/embed/tomcat-embed-core/11.0.24/tomcat-embed-core-11.0.24.jar	META-INF/NOTICE	234d3234bb332895157270092fa2a11e80aa0b3d70d59e13de0eed4c2adb1790
org.apache.tomcat.embed:tomcat-embed-el:11.0.24	/home/phuclam/.m2/repository/org/apache/tomcat/embed/tomcat-embed-el/11.0.24/tomcat-embed-el-11.0.24.jar	META-INF/LICENSE	cfc7749b96f63bd31c3c42b5c471bf756814053e847c10f3eb003417bc523d30
org.apache.tomcat.embed:tomcat-embed-el:11.0.24	/home/phuclam/.m2/repository/org/apache/tomcat/embed/tomcat-embed-el/11.0.24/tomcat-embed-el-11.0.24.jar	META-INF/NOTICE	0317acaa42a5e48bec061cf009cb5c8b4b8ff845f3c6ba548f67c5c22c29fc96
org.apache.tomcat.embed:tomcat-embed-websocket:11.0.24	/home/phuclam/.m2/repository/org/apache/tomcat/embed/tomcat-embed-websocket/11.0.24/tomcat-embed-websocket-11.0.24.jar	META-INF/LICENSE	cfc7749b96f63bd31c3c42b5c471bf756814053e847c10f3eb003417bc523d30
org.apache.tomcat.embed:tomcat-embed-websocket:11.0.24	/home/phuclam/.m2/repository/org/apache/tomcat/embed/tomcat-embed-websocket/11.0.24/tomcat-embed-websocket-11.0.24.jar	META-INF/NOTICE	0317acaa42a5e48bec061cf009cb5c8b4b8ff845f3c6ba548f67c5c22c29fc96
org.springframework.boot:spring-boot-tomcat:4.1.1	/home/phuclam/.m2/repository/org/springframework/boot/spring-boot-tomcat/4.1.1/spring-boot-tomcat-4.1.1.jar	META-INF/LICENSE.txt	7200000367e0e8b47822d563a5ddd2dd3a97cc05b32bd7dbcc7b4eeb92b76628
org.springframework.boot:spring-boot-tomcat:4.1.1	/home/phuclam/.m2/repository/org/springframework/boot/spring-boot-tomcat/4.1.1/spring-boot-tomcat-4.1.1.jar	META-INF/NOTICE.txt	64e8c092d64ccaecac2d81d324c84a4dff29fdc2cb777f3b1abd910ac2e8555d
org.springframework.boot:spring-boot-http-converter:4.1.1	/home/phuclam/.m2/repository/org/springframework/boot/spring-boot-http-converter/4.1.1/spring-boot-http-converter-4.1.1.jar	META-INF/LICENSE.txt	7200000367e0e8b47822d563a5ddd2dd3a97cc05b32bd7dbcc7b4eeb92b76628
org.springframework.boot:spring-boot-http-converter:4.1.1	/home/phuclam/.m2/repository/org/springframework/boot/spring-boot-http-converter/4.1.1/spring-boot-http-converter-4.1.1.jar	META-INF/NOTICE.txt	64e8c092d64ccaecac2d81d324c84a4dff29fdc2cb777f3b1abd910ac2e8555d
org.springframework:spring-web:7.0.9	/home/phuclam/.m2/repository/org/springframework/spring-web/7.0.9/spring-web-7.0.9.jar	META-INF/license.txt	e6b6198486da7dcad3d62c2f9043a8b5e472fe2991b4b144076262c8adccda0f
org.springframework:spring-web:7.0.9	/home/phuclam/.m2/repository/org/springframework/spring-web/7.0.9/spring-web-7.0.9.jar	META-INF/notice.txt	ca6b51825e9feea8bafd49d40f47b914659b783b4b70f40850ed662021320ddd
io.micrometer:micrometer-observation:1.17.1	/home/phuclam/.m2/repository/io/micrometer/micrometer-observation/1.17.1/micrometer-observation-1.17.1.jar	META-INF/LICENSE	62fb8a3a9621dc2388174caaabe9c2317b694bb9a1d46c98bcf5655b68f51be3
io.micrometer:micrometer-observation:1.17.1	/home/phuclam/.m2/repository/io/micrometer/micrometer-observation/1.17.1/micrometer-observation-1.17.1.jar	META-INF/NOTICE	df207ca1a2ea3794caf112d7c1f024c87b4ddfe91d3f243977ad1d3cd085d538
io.micrometer:micrometer-commons:1.17.1	/home/phuclam/.m2/repository/io/micrometer/micrometer-commons/1.17.1/micrometer-commons-1.17.1.jar	META-INF/LICENSE	62fb8a3a9621dc2388174caaabe9c2317b694bb9a1d46c98bcf5655b68f51be3
io.micrometer:micrometer-commons:1.17.1	/home/phuclam/.m2/repository/io/micrometer/micrometer-commons/1.17.1/micrometer-commons-1.17.1.jar	META-INF/NOTICE	df207ca1a2ea3794caf112d7c1f024c87b4ddfe91d3f243977ad1d3cd085d538
org.springframework.boot:spring-boot-webmvc:4.1.1	/home/phuclam/.m2/repository/org/springframework/boot/spring-boot-webmvc/4.1.1/spring-boot-webmvc-4.1.1.jar	META-INF/LICENSE.txt	7200000367e0e8b47822d563a5ddd2dd3a97cc05b32bd7dbcc7b4eeb92b76628
org.springframework.boot:spring-boot-webmvc:4.1.1	/home/phuclam/.m2/repository/org/springframework/boot/spring-boot-webmvc/4.1.1/spring-boot-webmvc-4.1.1.jar	META-INF/NOTICE.txt	64e8c092d64ccaecac2d81d324c84a4dff29fdc2cb777f3b1abd910ac2e8555d
org.springframework.boot:spring-boot-servlet:4.1.1	/home/phuclam/.m2/repository/org/springframework/boot/spring-boot-servlet/4.1.1/spring-boot-servlet-4.1.1.jar	META-INF/LICENSE.txt	7200000367e0e8b47822d563a5ddd2dd3a97cc05b32bd7dbcc7b4eeb92b76628
org.springframework.boot:spring-boot-servlet:4.1.1	/home/phuclam/.m2/repository/org/springframework/boot/spring-boot-servlet/4.1.1/spring-boot-servlet-4.1.1.jar	META-INF/NOTICE.txt	64e8c092d64ccaecac2d81d324c84a4dff29fdc2cb777f3b1abd910ac2e8555d
org.springframework:spring-webmvc:7.0.9	/home/phuclam/.m2/repository/org/springframework/spring-webmvc/7.0.9/spring-webmvc-7.0.9.jar	META-INF/license.txt	e6b6198486da7dcad3d62c2f9043a8b5e472fe2991b4b144076262c8adccda0f
org.springframework:spring-webmvc:7.0.9	/home/phuclam/.m2/repository/org/springframework/spring-webmvc/7.0.9/spring-webmvc-7.0.9.jar	META-INF/notice.txt	ca6b51825e9feea8bafd49d40f47b914659b783b4b70f40850ed662021320ddd
org.springframework:spring-expression:7.0.9	/home/phuclam/.m2/repository/org/springframework/spring-expression/7.0.9/spring-expression-7.0.9.jar	META-INF/license.txt	e6b6198486da7dcad3d62c2f9043a8b5e472fe2991b4b144076262c8adccda0f
org.springframework:spring-expression:7.0.9	/home/phuclam/.m2/repository/org/springframework/spring-expression/7.0.9/spring-expression-7.0.9.jar	META-INF/notice.txt	ca6b51825e9feea8bafd49d40f47b914659b783b4b70f40850ed662021320ddd
org.springframework.boot:spring-boot-starter-jdbc:4.1.1	/home/phuclam/.m2/repository/org/springframework/boot/spring-boot-starter-jdbc/4.1.1/spring-boot-starter-jdbc-4.1.1.jar	META-INF/LICENSE.txt	7200000367e0e8b47822d563a5ddd2dd3a97cc05b32bd7dbcc7b4eeb92b76628
org.springframework.boot:spring-boot-starter-jdbc:4.1.1	/home/phuclam/.m2/repository/org/springframework/boot/spring-boot-starter-jdbc/4.1.1/spring-boot-starter-jdbc-4.1.1.jar	META-INF/NOTICE.txt	64e8c092d64ccaecac2d81d324c84a4dff29fdc2cb777f3b1abd910ac2e8555d
org.springframework.boot:spring-boot-jdbc:4.1.1	/home/phuclam/.m2/repository/org/springframework/boot/spring-boot-jdbc/4.1.1/spring-boot-jdbc-4.1.1.jar	META-INF/LICENSE.txt	7200000367e0e8b47822d563a5ddd2dd3a97cc05b32bd7dbcc7b4eeb92b76628
org.springframework.boot:spring-boot-jdbc:4.1.1	/home/phuclam/.m2/repository/org/springframework/boot/spring-boot-jdbc/4.1.1/spring-boot-jdbc-4.1.1.jar	META-INF/NOTICE.txt	64e8c092d64ccaecac2d81d324c84a4dff29fdc2cb777f3b1abd910ac2e8555d
org.springframework.boot:spring-boot-sql:4.1.1	/home/phuclam/.m2/repository/org/springframework/boot/spring-boot-sql/4.1.1/spring-boot-sql-4.1.1.jar	META-INF/LICENSE.txt	7200000367e0e8b47822d563a5ddd2dd3a97cc05b32bd7dbcc7b4eeb92b76628
org.springframework.boot:spring-boot-sql:4.1.1	/home/phuclam/.m2/repository/org/springframework/boot/spring-boot-sql/4.1.1/spring-boot-sql-4.1.1.jar	META-INF/NOTICE.txt	64e8c092d64ccaecac2d81d324c84a4dff29fdc2cb777f3b1abd910ac2e8555d
org.springframework.boot:spring-boot-transaction:4.1.1	/home/phuclam/.m2/repository/org/springframework/boot/spring-boot-transaction/4.1.1/spring-boot-transaction-4.1.1.jar	META-INF/LICENSE.txt	7200000367e0e8b47822d563a5ddd2dd3a97cc05b32bd7dbcc7b4eeb92b76628
org.springframework.boot:spring-boot-transaction:4.1.1	/home/phuclam/.m2/repository/org/springframework/boot/spring-boot-transaction/4.1.1/spring-boot-transaction-4.1.1.jar	META-INF/NOTICE.txt	64e8c092d64ccaecac2d81d324c84a4dff29fdc2cb777f3b1abd910ac2e8555d
org.springframework.boot:spring-boot-persistence:4.1.1	/home/phuclam/.m2/repository/org/springframework/boot/spring-boot-persistence/4.1.1/spring-boot-persistence-4.1.1.jar	META-INF/LICENSE.txt	7200000367e0e8b47822d563a5ddd2dd3a97cc05b32bd7dbcc7b4eeb92b76628
org.springframework.boot:spring-boot-persistence:4.1.1	/home/phuclam/.m2/repository/org/springframework/boot/spring-boot-persistence/4.1.1/spring-boot-persistence-4.1.1.jar	META-INF/NOTICE.txt	64e8c092d64ccaecac2d81d324c84a4dff29fdc2cb777f3b1abd910ac2e8555d
org.springframework:spring-tx:7.0.9	/home/phuclam/.m2/repository/org/springframework/spring-tx/7.0.9/spring-tx-7.0.9.jar	META-INF/license.txt	e6b6198486da7dcad3d62c2f9043a8b5e472fe2991b4b144076262c8adccda0f
org.springframework:spring-tx:7.0.9	/home/phuclam/.m2/repository/org/springframework/spring-tx/7.0.9/spring-tx-7.0.9.jar	META-INF/notice.txt	ca6b51825e9feea8bafd49d40f47b914659b783b4b70f40850ed662021320ddd
org.springframework:spring-jdbc:7.0.9	/home/phuclam/.m2/repository/org/springframework/spring-jdbc/7.0.9/spring-jdbc-7.0.9.jar	META-INF/license.txt	e6b6198486da7dcad3d62c2f9043a8b5e472fe2991b4b144076262c8adccda0f
org.springframework:spring-jdbc:7.0.9	/home/phuclam/.m2/repository/org/springframework/spring-jdbc/7.0.9/spring-jdbc-7.0.9.jar	META-INF/notice.txt	ca6b51825e9feea8bafd49d40f47b914659b783b4b70f40850ed662021320ddd
org.springframework.boot:spring-boot-starter-flyway:4.1.1	/home/phuclam/.m2/repository/org/springframework/boot/spring-boot-starter-flyway/4.1.1/spring-boot-starter-flyway-4.1.1.jar	META-INF/LICENSE.txt	7200000367e0e8b47822d563a5ddd2dd3a97cc05b32bd7dbcc7b4eeb92b76628
org.springframework.boot:spring-boot-starter-flyway:4.1.1	/home/phuclam/.m2/repository/org/springframework/boot/spring-boot-starter-flyway/4.1.1/spring-boot-starter-flyway-4.1.1.jar	META-INF/NOTICE.txt	64e8c092d64ccaecac2d81d324c84a4dff29fdc2cb777f3b1abd910ac2e8555d
org.springframework.boot:spring-boot-flyway:4.1.1	/home/phuclam/.m2/repository/org/springframework/boot/spring-boot-flyway/4.1.1/spring-boot-flyway-4.1.1.jar	META-INF/LICENSE.txt	7200000367e0e8b47822d563a5ddd2dd3a97cc05b32bd7dbcc7b4eeb92b76628
org.springframework.boot:spring-boot-flyway:4.1.1	/home/phuclam/.m2/repository/org/springframework/boot/spring-boot-flyway/4.1.1/spring-boot-flyway-4.1.1.jar	META-INF/NOTICE.txt	64e8c092d64ccaecac2d81d324c84a4dff29fdc2cb777f3b1abd910ac2e8555d
org.flywaydb:flyway-core:12.4.0	/home/phuclam/.m2/repository/org/flywaydb/flyway-core/12.4.0/flyway-core-12.4.0.jar	META-INF/LICENSE.txt	6707b7b3ba3220ab64a81a5ab869ffecc3a6a023e9488ea08b897471b069c078
tools.jackson.core:jackson-databind:3.1.5	/home/phuclam/.m2/repository/tools/jackson/core/jackson-databind/3.1.5/jackson-databind-3.1.5.jar	META-INF/LICENSE	cfc7749b96f63bd31c3c42b5c471bf756814053e847c10f3eb003417bc523d30
tools.jackson.core:jackson-databind:3.1.5	/home/phuclam/.m2/repository/tools/jackson/core/jackson-databind/3.1.5/jackson-databind-3.1.5.jar	META-INF/NOTICE	d3fa47349b4ba4a3763bf635b930f8877073aa3915a3f3e45fe4b1842fc60302
com.fasterxml.jackson.core:jackson-annotations:2.21	/home/phuclam/.m2/repository/com/fasterxml/jackson/core/jackson-annotations/2.21/jackson-annotations-2.21.jar	META-INF/LICENSE	cfc7749b96f63bd31c3c42b5c471bf756814053e847c10f3eb003417bc523d30
com.fasterxml.jackson.core:jackson-annotations:2.21	/home/phuclam/.m2/repository/com/fasterxml/jackson/core/jackson-annotations/2.21/jackson-annotations-2.21.jar	META-INF/NOTICE	612b14bc77c944ce229cbba0d14919162cfea8ed802cbf06a8e865e032d03201
tools.jackson.core:jackson-core:3.1.5	/home/phuclam/.m2/repository/tools/jackson/core/jackson-core/3.1.5/jackson-core-3.1.5.jar	META-INF/FastDoubleParser-LICENSE	59067508e44346bf93dc9c5e4d673a67ecd77988c2020bb5e0f8667eb199f396
tools.jackson.core:jackson-core:3.1.5	/home/phuclam/.m2/repository/tools/jackson/core/jackson-core/3.1.5/jackson-core-3.1.5.jar	META-INF/FastDoubleParser-ThirdParty-LICENSE	dbc36f9422a40d58d1a214080583667cfd37d61c2fae1657d981edda2a60727f
tools.jackson.core:jackson-core:3.1.5	/home/phuclam/.m2/repository/tools/jackson/core/jackson-core/3.1.5/jackson-core-3.1.5.jar	META-INF/LICENSE	cfc7749b96f63bd31c3c42b5c471bf756814053e847c10f3eb003417bc523d30
tools.jackson.core:jackson-core:3.1.5	/home/phuclam/.m2/repository/tools/jackson/core/jackson-core/3.1.5/jackson-core-3.1.5.jar	META-INF/Schubfach-LICENSE	12d39a6615219d73202300715e365bec2b958f858d1e837c8f2dace57f905969
tools.jackson.core:jackson-core:3.1.5	/home/phuclam/.m2/repository/tools/jackson/core/jackson-core/3.1.5/jackson-core-3.1.5.jar	META-INF/NOTICE	a8eb9ab6d21e719ba217c6367621a7ab5baa3d38df896ef258a9754a6b97527d
org.postgresql:postgresql:42.7.13	/home/phuclam/.m2/repository/org/postgresql/postgresql/42.7.13/postgresql-42.7.13.jar	META-INF/LICENSE	08bb580d3cb8f9a4a05f008466a294fdb019e0e177d03a035d46f1eb94077de5
org.postgresql:postgresql:42.7.13	/home/phuclam/.m2/repository/org/postgresql/postgresql/42.7.13/postgresql-42.7.13.jar	META-INF/licenses/com.ongres.scram/scram-client-3.2/META-INF/LICENSE	7c89807167a03a92d2fbfc936aff4f87d8ce31434637381c89e38282c8c99198
org.postgresql:postgresql:42.7.13	/home/phuclam/.m2/repository/org/postgresql/postgresql/42.7.13/postgresql-42.7.13.jar	META-INF/licenses/com.ongres.scram/scram-common-3.2/META-INF/LICENSE	7c89807167a03a92d2fbfc936aff4f87d8ce31434637381c89e38282c8c99198
org.postgresql:postgresql:42.7.13	/home/phuclam/.m2/repository/org/postgresql/postgresql/42.7.13/postgresql-42.7.13.jar	META-INF/licenses/com.ongres.stringprep/saslprep-2.2/META-INF/LICENSE	5c49fc155ebccd206277e0d1f424aadbf365f0a9ccfb54d400d728a375d523f9
org.postgresql:postgresql:42.7.13	/home/phuclam/.m2/repository/org/postgresql/postgresql/42.7.13/postgresql-42.7.13.jar	META-INF/licenses/com.ongres.stringprep/stringprep-2.2/META-INF/LICENSE	5c49fc155ebccd206277e0d1f424aadbf365f0a9ccfb54d400d728a375d523f9
org.checkerframework:checker-qual:3.55.1	/home/phuclam/.m2/repository/org/checkerframework/checker-qual/3.55.1/checker-qual-3.55.1.jar	META-INF/LICENSE.txt	e90eaa08dea089df10f2bf7f9dba63a5f6237c01562c4741e2e86773e78582d5
org.springframework.modulith:spring-modulith-starter-core:2.1.1	/home/phuclam/.m2/repository/org/springframework/modulith/spring-modulith-starter-core/2.1.1/spring-modulith-starter-core-2.1.1.jar	META-INF/NOTICE	616bd6dd5bd9aa9c7d2d501ec8b5a3341b01b5ba3b3fc4d905e7edd6cfc287f5
org.springframework.modulith:spring-modulith-starter-core:2.1.1	/home/phuclam/.m2/repository/org/springframework/modulith/spring-modulith-starter-core/2.1.1/spring-modulith-starter-core-2.1.1.jar	META-INF/LICENSE	cfc7749b96f63bd31c3c42b5c471bf756814053e847c10f3eb003417bc523d30
org.springframework.modulith:spring-modulith-api:2.1.1	/home/phuclam/.m2/repository/org/springframework/modulith/spring-modulith-api/2.1.1/spring-modulith-api-2.1.1.jar	META-INF/NOTICE	616bd6dd5bd9aa9c7d2d501ec8b5a3341b01b5ba3b3fc4d905e7edd6cfc287f5
org.springframework.modulith:spring-modulith-api:2.1.1	/home/phuclam/.m2/repository/org/springframework/modulith/spring-modulith-api/2.1.1/spring-modulith-api-2.1.1.jar	META-INF/LICENSE	cfc7749b96f63bd31c3c42b5c471bf756814053e847c10f3eb003417bc523d30
org.springframework.modulith:spring-modulith-apt:2.1.1	/home/phuclam/.m2/repository/org/springframework/modulith/spring-modulith-apt/2.1.1/spring-modulith-apt-2.1.1.jar	META-INF/NOTICE	616bd6dd5bd9aa9c7d2d501ec8b5a3341b01b5ba3b3fc4d905e7edd6cfc287f5
org.springframework.modulith:spring-modulith-apt:2.1.1	/home/phuclam/.m2/repository/org/springframework/modulith/spring-modulith-apt/2.1.1/spring-modulith-apt-2.1.1.jar	META-INF/LICENSE	cfc7749b96f63bd31c3c42b5c471bf756814053e847c10f3eb003417bc523d30
org.springframework.modulith:spring-modulith-core:2.1.1	/home/phuclam/.m2/repository/org/springframework/modulith/spring-modulith-core/2.1.1/spring-modulith-core-2.1.1.jar	META-INF/NOTICE	616bd6dd5bd9aa9c7d2d501ec8b5a3341b01b5ba3b3fc4d905e7edd6cfc287f5
org.springframework.modulith:spring-modulith-core:2.1.1	/home/phuclam/.m2/repository/org/springframework/modulith/spring-modulith-core/2.1.1/spring-modulith-core-2.1.1.jar	META-INF/LICENSE	cfc7749b96f63bd31c3c42b5c471bf756814053e847c10f3eb003417bc523d30
com.tngtech.archunit:archunit:1.4.2	/home/phuclam/.m2/repository/com/tngtech/archunit/archunit/1.4.2/archunit-1.4.2.jar	com/tngtech/archunit/thirdparty/org/objectweb/asm/asm.license	ae8d5e9f7a5a3abe19b2a3548fb1aa6192602015eb258674a5548e1aa07cf197
org.springframework:spring-context:7.0.9	/home/phuclam/.m2/repository/org/springframework/spring-context/7.0.9/spring-context-7.0.9.jar	META-INF/license.txt	e6b6198486da7dcad3d62c2f9043a8b5e472fe2991b4b144076262c8adccda0f
org.springframework:spring-context:7.0.9	/home/phuclam/.m2/repository/org/springframework/spring-context/7.0.9/spring-context-7.0.9.jar	META-INF/notice.txt	ca6b51825e9feea8bafd49d40f47b914659b783b4b70f40850ed662021320ddd
org.springframework.modulith:spring-modulith-moments:2.1.1	/home/phuclam/.m2/repository/org/springframework/modulith/spring-modulith-moments/2.1.1/spring-modulith-moments-2.1.1.jar	META-INF/NOTICE	616bd6dd5bd9aa9c7d2d501ec8b5a3341b01b5ba3b3fc4d905e7edd6cfc287f5
org.springframework.modulith:spring-modulith-moments:2.1.1	/home/phuclam/.m2/repository/org/springframework/modulith/spring-modulith-moments/2.1.1/spring-modulith-moments-2.1.1.jar	META-INF/LICENSE	cfc7749b96f63bd31c3c42b5c471bf756814053e847c10f3eb003417bc523d30
org.springframework.security:spring-security-crypto:7.1.1	/home/phuclam/.m2/repository/org/springframework/security/spring-security-crypto/7.1.1/spring-security-crypto-7.1.1.jar	META-INF/LICENSE.txt	7200000367e0e8b47822d563a5ddd2dd3a97cc05b32bd7dbcc7b4eeb92b76628
org.springframework.boot:spring-boot-starter-security:4.1.1	/home/phuclam/.m2/repository/org/springframework/boot/spring-boot-starter-security/4.1.1/spring-boot-starter-security-4.1.1.jar	META-INF/LICENSE.txt	7200000367e0e8b47822d563a5ddd2dd3a97cc05b32bd7dbcc7b4eeb92b76628
org.springframework.boot:spring-boot-starter-security:4.1.1	/home/phuclam/.m2/repository/org/springframework/boot/spring-boot-starter-security/4.1.1/spring-boot-starter-security-4.1.1.jar	META-INF/NOTICE.txt	64e8c092d64ccaecac2d81d324c84a4dff29fdc2cb777f3b1abd910ac2e8555d
org.springframework.boot:spring-boot-security:4.1.1	/home/phuclam/.m2/repository/org/springframework/boot/spring-boot-security/4.1.1/spring-boot-security-4.1.1.jar	META-INF/LICENSE.txt	7200000367e0e8b47822d563a5ddd2dd3a97cc05b32bd7dbcc7b4eeb92b76628
org.springframework.boot:spring-boot-security:4.1.1	/home/phuclam/.m2/repository/org/springframework/boot/spring-boot-security/4.1.1/spring-boot-security-4.1.1.jar	META-INF/NOTICE.txt	64e8c092d64ccaecac2d81d324c84a4dff29fdc2cb777f3b1abd910ac2e8555d
org.springframework.security:spring-security-config:7.1.1	/home/phuclam/.m2/repository/org/springframework/security/spring-security-config/7.1.1/spring-security-config-7.1.1.jar	META-INF/LICENSE.txt	7200000367e0e8b47822d563a5ddd2dd3a97cc05b32bd7dbcc7b4eeb92b76628
org.springframework.security:spring-security-core:7.1.1	/home/phuclam/.m2/repository/org/springframework/security/spring-security-core/7.1.1/spring-security-core-7.1.1.jar	META-INF/LICENSE.txt	7200000367e0e8b47822d563a5ddd2dd3a97cc05b32bd7dbcc7b4eeb92b76628
org.springframework.security:spring-security-web:7.1.1	/home/phuclam/.m2/repository/org/springframework/security/spring-security-web/7.1.1/spring-security-web-7.1.1.jar	META-INF/LICENSE.txt	7200000367e0e8b47822d563a5ddd2dd3a97cc05b32bd7dbcc7b4eeb92b76628
org.springframework:spring-aop:7.0.9	/home/phuclam/.m2/repository/org/springframework/spring-aop/7.0.9/spring-aop-7.0.9.jar	META-INF/license.txt	e6b6198486da7dcad3d62c2f9043a8b5e472fe2991b4b144076262c8adccda0f
org.springframework:spring-aop:7.0.9	/home/phuclam/.m2/repository/org/springframework/spring-aop/7.0.9/spring-aop-7.0.9.jar	META-INF/notice.txt	ca6b51825e9feea8bafd49d40f47b914659b783b4b70f40850ed662021320ddd
org.springframework:spring-beans:7.0.9	/home/phuclam/.m2/repository/org/springframework/spring-beans/7.0.9/spring-beans-7.0.9.jar	META-INF/license.txt	e6b6198486da7dcad3d62c2f9043a8b5e472fe2991b4b144076262c8adccda0f
org.springframework:spring-beans:7.0.9	/home/phuclam/.m2/repository/org/springframework/spring-beans/7.0.9/spring-beans-7.0.9.jar	META-INF/notice.txt	ca6b51825e9feea8bafd49d40f47b914659b783b4b70f40850ed662021320ddd
org.springframework.boot:spring-boot-starter-test:4.1.1	/home/phuclam/.m2/repository/org/springframework/boot/spring-boot-starter-test/4.1.1/spring-boot-starter-test-4.1.1.jar	META-INF/LICENSE.txt	7200000367e0e8b47822d563a5ddd2dd3a97cc05b32bd7dbcc7b4eeb92b76628
org.springframework.boot:spring-boot-starter-test:4.1.1	/home/phuclam/.m2/repository/org/springframework/boot/spring-boot-starter-test/4.1.1/spring-boot-starter-test-4.1.1.jar	META-INF/NOTICE.txt	64e8c092d64ccaecac2d81d324c84a4dff29fdc2cb777f3b1abd910ac2e8555d
org.springframework.boot:spring-boot-test:4.1.1	/home/phuclam/.m2/repository/org/springframework/boot/spring-boot-test/4.1.1/spring-boot-test-4.1.1.jar	META-INF/LICENSE.txt	7200000367e0e8b47822d563a5ddd2dd3a97cc05b32bd7dbcc7b4eeb92b76628
org.springframework.boot:spring-boot-test:4.1.1	/home/phuclam/.m2/repository/org/springframework/boot/spring-boot-test/4.1.1/spring-boot-test-4.1.1.jar	META-INF/NOTICE.txt	64e8c092d64ccaecac2d81d324c84a4dff29fdc2cb777f3b1abd910ac2e8555d
org.springframework.boot:spring-boot-test-autoconfigure:4.1.1	/home/phuclam/.m2/repository/org/springframework/boot/spring-boot-test-autoconfigure/4.1.1/spring-boot-test-autoconfigure-4.1.1.jar	META-INF/LICENSE.txt	7200000367e0e8b47822d563a5ddd2dd3a97cc05b32bd7dbcc7b4eeb92b76628
org.springframework.boot:spring-boot-test-autoconfigure:4.1.1	/home/phuclam/.m2/repository/org/springframework/boot/spring-boot-test-autoconfigure/4.1.1/spring-boot-test-autoconfigure-4.1.1.jar	META-INF/NOTICE.txt	64e8c092d64ccaecac2d81d324c84a4dff29fdc2cb777f3b1abd910ac2e8555d
jakarta.xml.bind:jakarta.xml.bind-api:4.0.5	/home/phuclam/.m2/repository/jakarta/xml/bind/jakarta.xml.bind-api/4.0.5/jakarta.xml.bind-api-4.0.5.jar	META-INF/LICENSE.md	dcbbdbb512a272b5f1e01e82225a23eba92406ec28f7b36e490057478d8d1570
jakarta.xml.bind:jakarta.xml.bind-api:4.0.5	/home/phuclam/.m2/repository/jakarta/xml/bind/jakarta.xml.bind-api/4.0.5/jakarta.xml.bind-api-4.0.5.jar	META-INF/NOTICE.md	b8dab89e51c7aa1d7f355c1bebcdef97a8d4b4e4deb9d7307b9257c58aa0d7a0
jakarta.activation:jakarta.activation-api:2.1.4	/home/phuclam/.m2/repository/jakarta/activation/jakarta.activation-api/2.1.4/jakarta.activation-api-2.1.4.jar	META-INF/LICENSE.md	87eba02f8a415f1a25de6ca3ac6b5c77eb33f33f00ae5a5f9d6ee963147f7956
jakarta.activation:jakarta.activation-api:2.1.4	/home/phuclam/.m2/repository/jakarta/activation/jakarta.activation-api/2.1.4/jakarta.activation-api-2.1.4.jar	META-INF/NOTICE.md	9d80664e28e61982d66ea3f65474597088d71b76b4259f139bb44a7a184c26f2
net.bytebuddy:byte-buddy:1.18.11	/home/phuclam/.m2/repository/net/bytebuddy/byte-buddy/1.18.11/byte-buddy-1.18.11.jar	META-INF/licenses/ASM	337e92fd361effe495d03978a34a3cd44681a63b8329adfd99c8996b306b2a8c
net.bytebuddy:byte-buddy:1.18.11	/home/phuclam/.m2/repository/net/bytebuddy/byte-buddy/1.18.11/byte-buddy-1.18.11.jar	META-INF/NOTICE	cfb119f8db2decb24e756fddec0e089029eaa73a7be594b2dd9676433d95d6e5
net.bytebuddy:byte-buddy:1.18.11	/home/phuclam/.m2/repository/net/bytebuddy/byte-buddy/1.18.11/byte-buddy-1.18.11.jar	META-INF/LICENSE	9e422635aa93a87c67da762099d1978d000e83b6d708c159c7d5d37f31080ea0
org.hamcrest:hamcrest:3.0	/home/phuclam/.m2/repository/org/hamcrest/hamcrest/3.0/hamcrest-3.0.jar	META-INF/LICENSE	1710cf0fc79043bb1ea1e6b3af96a3e8def96c4239794a17b0b95966e75929b8
org.junit.jupiter:junit-jupiter:6.0.3	/home/phuclam/.m2/repository/org/junit/jupiter/junit-jupiter/6.0.3/junit-jupiter-6.0.3.jar	META-INF/LICENSE-notice.md	c7340d7b84e87498bf1e3ce8e2763b8cf1d8153def1648800b796f7b24ec0020
org.junit.jupiter:junit-jupiter:6.0.3	/home/phuclam/.m2/repository/org/junit/jupiter/junit-jupiter/6.0.3/junit-jupiter-6.0.3.jar	META-INF/LICENSE.md	5aa4cd44c111add178d1c2e2fe36d58a484012c80167df925f826cd64d411bf0
org.junit.jupiter:junit-jupiter-api:6.0.3	/home/phuclam/.m2/repository/org/junit/jupiter/junit-jupiter-api/6.0.3/junit-jupiter-api-6.0.3.jar	META-INF/LICENSE-notice.md	c7340d7b84e87498bf1e3ce8e2763b8cf1d8153def1648800b796f7b24ec0020
org.junit.jupiter:junit-jupiter-api:6.0.3	/home/phuclam/.m2/repository/org/junit/jupiter/junit-jupiter-api/6.0.3/junit-jupiter-api-6.0.3.jar	META-INF/LICENSE.md	5aa4cd44c111add178d1c2e2fe36d58a484012c80167df925f826cd64d411bf0
org.opentest4j:opentest4j:1.3.0	/home/phuclam/.m2/repository/org/opentest4j/opentest4j/1.3.0/opentest4j-1.3.0.jar	META-INF/COPYRIGHT	44f85b9787bc9bd2ac6e265fddabd969c60e281750226d52e83a9253656c001c
org.opentest4j:opentest4j:1.3.0	/home/phuclam/.m2/repository/org/opentest4j/opentest4j/1.3.0/opentest4j-1.3.0.jar	META-INF/LICENSE	c6596eb7be8581c18be736c846fb9173b69eccf6ef94c5135893ec56bd92ba08
org.junit.platform:junit-platform-commons:6.0.3	/home/phuclam/.m2/repository/org/junit/platform/junit-platform-commons/6.0.3/junit-platform-commons-6.0.3.jar	META-INF/LICENSE-notice.md	c7340d7b84e87498bf1e3ce8e2763b8cf1d8153def1648800b796f7b24ec0020
org.junit.platform:junit-platform-commons:6.0.3	/home/phuclam/.m2/repository/org/junit/platform/junit-platform-commons/6.0.3/junit-platform-commons-6.0.3.jar	META-INF/LICENSE.md	5aa4cd44c111add178d1c2e2fe36d58a484012c80167df925f826cd64d411bf0
org.apiguardian:apiguardian-api:1.1.2	/home/phuclam/.m2/repository/org/apiguardian/apiguardian-api/1.1.2/apiguardian-api-1.1.2.jar	META-INF/LICENSE	b40930bbcf80744c86c46a12bc9da056641d722716c378f5659b9e555ef833e1
org.junit.jupiter:junit-jupiter-params:6.0.3	/home/phuclam/.m2/repository/org/junit/jupiter/junit-jupiter-params/6.0.3/junit-jupiter-params-6.0.3.jar	META-INF/LICENSE-fastcsv	44a3c34ab8724a755072803e5941fb87a967eb451147df335afcb5d1a44ba758
org.junit.jupiter:junit-jupiter-params:6.0.3	/home/phuclam/.m2/repository/org/junit/jupiter/junit-jupiter-params/6.0.3/junit-jupiter-params-6.0.3.jar	META-INF/LICENSE-notice.md	c7340d7b84e87498bf1e3ce8e2763b8cf1d8153def1648800b796f7b24ec0020
org.junit.jupiter:junit-jupiter-params:6.0.3	/home/phuclam/.m2/repository/org/junit/jupiter/junit-jupiter-params/6.0.3/junit-jupiter-params-6.0.3.jar	META-INF/LICENSE.md	5aa4cd44c111add178d1c2e2fe36d58a484012c80167df925f826cd64d411bf0
org.junit.jupiter:junit-jupiter-engine:6.0.3	/home/phuclam/.m2/repository/org/junit/jupiter/junit-jupiter-engine/6.0.3/junit-jupiter-engine-6.0.3.jar	META-INF/LICENSE-notice.md	c7340d7b84e87498bf1e3ce8e2763b8cf1d8153def1648800b796f7b24ec0020
org.junit.jupiter:junit-jupiter-engine:6.0.3	/home/phuclam/.m2/repository/org/junit/jupiter/junit-jupiter-engine/6.0.3/junit-jupiter-engine-6.0.3.jar	META-INF/LICENSE.md	5aa4cd44c111add178d1c2e2fe36d58a484012c80167df925f826cd64d411bf0
org.junit.platform:junit-platform-engine:6.0.3	/home/phuclam/.m2/repository/org/junit/platform/junit-platform-engine/6.0.3/junit-platform-engine-6.0.3.jar	META-INF/LICENSE-notice.md	c7340d7b84e87498bf1e3ce8e2763b8cf1d8153def1648800b796f7b24ec0020
org.junit.platform:junit-platform-engine:6.0.3	/home/phuclam/.m2/repository/org/junit/platform/junit-platform-engine/6.0.3/junit-platform-engine-6.0.3.jar	META-INF/LICENSE.md	5aa4cd44c111add178d1c2e2fe36d58a484012c80167df925f826cd64d411bf0
org.mockito:mockito-core:5.23.0	/home/phuclam/.m2/repository/org/mockito/mockito-core/5.23.0/mockito-core-5.23.0.jar	LICENSE	fc37ea05c14706d13ec54d477a5c8c456aec1a5393779c683404b0151d04d7d7
net.bytebuddy:byte-buddy-agent:1.18.11	/home/phuclam/.m2/repository/net/bytebuddy/byte-buddy-agent/1.18.11/byte-buddy-agent-1.18.11.jar	META-INF/LICENSE	bb28c48e3e078166e91cfc2b6db7ffebb8a0973b9e23b3df060561292d8d69ec
net.bytebuddy:byte-buddy-agent:1.18.11	/home/phuclam/.m2/repository/net/bytebuddy/byte-buddy-agent/1.18.11/byte-buddy-agent-1.18.11.jar	META-INF/NOTICE	cfb119f8db2decb24e756fddec0e089029eaa73a7be594b2dd9676433d95d6e5
org.objenesis:objenesis:3.3	/home/phuclam/.m2/repository/org/objenesis/objenesis/3.3/objenesis-3.3.jar	META-INF/LICENSE	cfc7749b96f63bd31c3c42b5c471bf756814053e847c10f3eb003417bc523d30
org.objenesis:objenesis:3.3	/home/phuclam/.m2/repository/org/objenesis/objenesis/3.3/objenesis-3.3.jar	META-INF/NOTICE	f566b3e321dba2709b90b7d041c0dc4493c9df6f5a6832b488be1c37124d2190
org.mockito:mockito-junit-jupiter:5.23.0	/home/phuclam/.m2/repository/org/mockito/mockito-junit-jupiter/5.23.0/mockito-junit-jupiter-5.23.0.jar	LICENSE	fc37ea05c14706d13ec54d477a5c8c456aec1a5393779c683404b0151d04d7d7
org.springframework:spring-core:7.0.9	/home/phuclam/.m2/repository/org/springframework/spring-core/7.0.9/spring-core-7.0.9.jar	META-INF/license.txt	e6b6198486da7dcad3d62c2f9043a8b5e472fe2991b4b144076262c8adccda0f
org.springframework:spring-core:7.0.9	/home/phuclam/.m2/repository/org/springframework/spring-core/7.0.9/spring-core-7.0.9.jar	META-INF/notice.txt	ca6b51825e9feea8bafd49d40f47b914659b783b4b70f40850ed662021320ddd
commons-logging:commons-logging:1.3.6	/home/phuclam/.m2/repository/commons-logging/commons-logging/1.3.6/commons-logging-1.3.6.jar	META-INF/LICENSE.txt	b1d2870f1a00e4d7f56576e5f0870cba109e041f8af66866cf5b499478e654e7
commons-logging:commons-logging:1.3.6	/home/phuclam/.m2/repository/commons-logging/commons-logging/1.3.6/commons-logging-1.3.6.jar	META-INF/NOTICE.txt	d649e220dd0497197a266b7d7304a009d06bcefce3141fa6ff4f2ceddb438237
org.springframework:spring-test:7.0.9	/home/phuclam/.m2/repository/org/springframework/spring-test/7.0.9/spring-test-7.0.9.jar	META-INF/license.txt	e6b6198486da7dcad3d62c2f9043a8b5e472fe2991b4b144076262c8adccda0f
org.springframework:spring-test:7.0.9	/home/phuclam/.m2/repository/org/springframework/spring-test/7.0.9/spring-test-7.0.9.jar	META-INF/notice.txt	ca6b51825e9feea8bafd49d40f47b914659b783b4b70f40850ed662021320ddd
org.webjars:swagger-ui:5.32.14	/home/phuclam/.m2/repository/org/webjars/swagger-ui/5.32.14/swagger-ui-5.32.14.jar	META-INF/resources/webjars/swagger-ui/5.32.14/swagger-ui-bundle.js.LICENSE.txt	c07853f3704b510a864eb56561ca4f36e0347fdaefc5176611c57575e4b5593d
org.webjars:swagger-ui:5.32.14	/home/phuclam/.m2/repository/org/webjars/swagger-ui/5.32.14/swagger-ui-5.32.14.jar	META-INF/resources/webjars/swagger-ui/5.32.14/swagger-ui-es-bundle-core.js.LICENSE.txt	bf5cc2bed1ccdb8226570e53b495cf514d0344dbc3f8718e59b7ebec9e0d9280
org.webjars:swagger-ui:5.32.14	/home/phuclam/.m2/repository/org/webjars/swagger-ui/5.32.14/swagger-ui-5.32.14.jar	META-INF/resources/webjars/swagger-ui/5.32.14/swagger-ui-es-bundle.js.LICENSE.txt	c07853f3704b510a864eb56561ca4f36e0347fdaefc5176611c57575e4b5593d
org.webjars:swagger-ui:5.32.14	/home/phuclam/.m2/repository/org/webjars/swagger-ui/5.32.14/swagger-ui-5.32.14.jar	META-INF/resources/webjars/swagger-ui/5.32.14/swagger-ui-standalone-preset.js.LICENSE.txt	ad43bb2dce8515f9b917266073e3b3b132c4778ed7190726004ca0e47f24337e
org.apache.maven.plugins:maven-resources-plugin:3.5.0	/home/phuclam/.m2/repository/org/apache/maven/plugins/maven-resources-plugin/3.5.0/maven-resources-plugin-3.5.0.jar	META-INF/LICENSE	cfc7749b96f63bd31c3c42b5c471bf756814053e847c10f3eb003417bc523d30
org.apache.maven.plugins:maven-resources-plugin:3.5.0	/home/phuclam/.m2/repository/org/apache/maven/plugins/maven-resources-plugin/3.5.0/maven-resources-plugin-3.5.0.jar	META-INF/NOTICE	092b6e0eb9293b38cef72257b04b589852307f8c3ced43e40bb5d57f4f64ba29
org.apache.maven.shared:maven-filtering:3.5.0	/home/phuclam/.m2/repository/org/apache/maven/shared/maven-filtering/3.5.0/maven-filtering-3.5.0.jar	META-INF/LICENSE	cfc7749b96f63bd31c3c42b5c471bf756814053e847c10f3eb003417bc523d30
org.apache.maven.shared:maven-filtering:3.5.0	/home/phuclam/.m2/repository/org/apache/maven/shared/maven-filtering/3.5.0/maven-filtering-3.5.0.jar	META-INF/NOTICE	795687905b3562cd12bd812692fb3abc541f127e5bfc2365becd373ab2592758
org.codehaus.plexus:plexus-utils:3.6.0	/home/phuclam/.m2/repository/org/codehaus/plexus/plexus-utils/3.6.0/plexus-utils-3.6.0.jar	META-INF/LICENSE	cfc7749b96f63bd31c3c42b5c471bf756814053e847c10f3eb003417bc523d30
org.codehaus.plexus:plexus-utils:3.6.0	/home/phuclam/.m2/repository/org/codehaus/plexus/plexus-utils/3.6.0/plexus-utils-3.6.0.jar	META-INF/NOTICE	d478d95476787007320df9dafb15c932849281e2ace56e2aacdac475d29470d7
org.codehaus.plexus:plexus-utils:3.6.0	/home/phuclam/.m2/repository/org/codehaus/plexus/plexus-utils/3.6.0/plexus-utils-3.6.0.jar	licenses/extreme.indiana.edu.license.TXT	0d01b41cfc401bcf852125959d07b1a6bd578f1a7850907c329e4a70b2874db2
org.codehaus.plexus:plexus-utils:3.6.0	/home/phuclam/.m2/repository/org/codehaus/plexus/plexus-utils/3.6.0/plexus-utils-3.6.0.jar	licenses/javolution.license.TXT	a7436c952fa2dc0701860cf4187d1e8e8e6de6720dec0ae9e0b641bc50eebced
org.codehaus.plexus:plexus-utils:3.6.0	/home/phuclam/.m2/repository/org/codehaus/plexus/plexus-utils/3.6.0/plexus-utils-3.6.0.jar	licenses/thoughtworks.TXT	b2f730309348c7a19009dcadd92a5d55d75fd54e6df4a818eba7a388656faed9
org.apache.maven.plugins:maven-compiler-plugin:3.15.0	/home/phuclam/.m2/repository/org/apache/maven/plugins/maven-compiler-plugin/3.15.0/maven-compiler-plugin-3.15.0.jar	META-INF/LICENSE	cfc7749b96f63bd31c3c42b5c471bf756814053e847c10f3eb003417bc523d30
org.apache.maven.plugins:maven-compiler-plugin:3.15.0	/home/phuclam/.m2/repository/org/apache/maven/plugins/maven-compiler-plugin/3.15.0/maven-compiler-plugin-3.15.0.jar	META-INF/NOTICE	db037b223e7ca11a75c5cb06a2e8b45cc2498cc25a9605cefea3b1b447618d4d
org.apache.maven.shared:maven-shared-utils:3.4.2	/home/phuclam/.m2/repository/org/apache/maven/shared/maven-shared-utils/3.4.2/maven-shared-utils-3.4.2.jar	META-INF/LICENSE	cfc7749b96f63bd31c3c42b5c471bf756814053e847c10f3eb003417bc523d30
org.apache.maven.shared:maven-shared-utils:3.4.2	/home/phuclam/.m2/repository/org/apache/maven/shared/maven-shared-utils/3.4.2/maven-shared-utils-3.4.2.jar	META-INF/NOTICE	c53634c960163f00ba0b0147cc3dee5caf0e6a47bc9909a2fe94b7adcf5d983e
commons-io:commons-io:2.11.0	/home/phuclam/.m2/repository/commons-io/commons-io/2.11.0/commons-io-2.11.0.jar	META-INF/LICENSE.txt	8c6db340475136df3c1201d458fa5755698eace76e510471ecc9d857d6083dac
commons-io:commons-io:2.11.0	/home/phuclam/.m2/repository/commons-io/commons-io/2.11.0/commons-io-2.11.0.jar	META-INF/NOTICE.txt	ee61751b4bcbff8cd61712c6e19793bcdeb6ea29c32c2dd46f7c948dc1a74cfc
org.apache.maven.shared:maven-shared-incremental:1.1	/home/phuclam/.m2/repository/org/apache/maven/shared/maven-shared-incremental/1.1/maven-shared-incremental-1.1.jar	META-INF/LICENSE	cfc7749b96f63bd31c3c42b5c471bf756814053e847c10f3eb003417bc523d30
org.apache.maven.shared:maven-shared-incremental:1.1	/home/phuclam/.m2/repository/org/apache/maven/shared/maven-shared-incremental/1.1/maven-shared-incremental-1.1.jar	META-INF/NOTICE	edcf564e3af6b0b21cd33f471e23c7fcbb9d561e2f7a633cf4170e0e6ba566ec
org.codehaus.plexus:plexus-xml:3.0.1	/home/phuclam/.m2/repository/org/codehaus/plexus/plexus-xml/3.0.1/plexus-xml-3.0.1.jar	META-INF/LICENSE	cfc7749b96f63bd31c3c42b5c471bf756814053e847c10f3eb003417bc523d30
org.codehaus.plexus:plexus-xml:3.0.1	/home/phuclam/.m2/repository/org/codehaus/plexus/plexus-xml/3.0.1/plexus-xml-3.0.1.jar	META-INF/NOTICE	d478d95476787007320df9dafb15c932849281e2ace56e2aacdac475d29470d7
org.codehaus.plexus:plexus-xml:3.0.1	/home/phuclam/.m2/repository/org/codehaus/plexus/plexus-xml/3.0.1/plexus-xml-3.0.1.jar	licenses/extreme.indiana.edu.license.TXT	0d01b41cfc401bcf852125959d07b1a6bd578f1a7850907c329e4a70b2874db2
org.codehaus.plexus:plexus-xml:3.0.1	/home/phuclam/.m2/repository/org/codehaus/plexus/plexus-xml/3.0.1/plexus-xml-3.0.1.jar	licenses/javolution.license.TXT	a7436c952fa2dc0701860cf4187d1e8e8e6de6720dec0ae9e0b641bc50eebced
org.codehaus.plexus:plexus-xml:3.0.1	/home/phuclam/.m2/repository/org/codehaus/plexus/plexus-xml/3.0.1/plexus-xml-3.0.1.jar	licenses/thoughtworks.TXT	b2f730309348c7a19009dcadd92a5d55d75fd54e6df4a818eba7a388656faed9
org.codehaus.plexus:plexus-utils:4.0.2	/home/phuclam/.m2/repository/org/codehaus/plexus/plexus-utils/4.0.2/plexus-utils-4.0.2.jar	META-INF/LICENSE	cfc7749b96f63bd31c3c42b5c471bf756814053e847c10f3eb003417bc523d30
org.codehaus.plexus:plexus-utils:4.0.2	/home/phuclam/.m2/repository/org/codehaus/plexus/plexus-utils/4.0.2/plexus-utils-4.0.2.jar	META-INF/NOTICE	d478d95476787007320df9dafb15c932849281e2ace56e2aacdac475d29470d7
org.codehaus.plexus:plexus-utils:4.0.2	/home/phuclam/.m2/repository/org/codehaus/plexus/plexus-utils/4.0.2/plexus-utils-4.0.2.jar	licenses/extreme.indiana.edu.license.TXT	0d01b41cfc401bcf852125959d07b1a6bd578f1a7850907c329e4a70b2874db2
org.codehaus.plexus:plexus-utils:4.0.2	/home/phuclam/.m2/repository/org/codehaus/plexus/plexus-utils/4.0.2/plexus-utils-4.0.2.jar	licenses/javolution.license.TXT	a7436c952fa2dc0701860cf4187d1e8e8e6de6720dec0ae9e0b641bc50eebced
org.codehaus.plexus:plexus-utils:4.0.2	/home/phuclam/.m2/repository/org/codehaus/plexus/plexus-utils/4.0.2/plexus-utils-4.0.2.jar	licenses/thoughtworks.TXT	b2f730309348c7a19009dcadd92a5d55d75fd54e6df4a818eba7a388656faed9
org.apache.maven.plugins:maven-surefire-plugin:3.5.6	/home/phuclam/.m2/repository/org/apache/maven/plugins/maven-surefire-plugin/3.5.6/maven-surefire-plugin-3.5.6.jar	META-INF/LICENSE	cfc7749b96f63bd31c3c42b5c471bf756814053e847c10f3eb003417bc523d30
org.apache.maven.plugins:maven-surefire-plugin:3.5.6	/home/phuclam/.m2/repository/org/apache/maven/plugins/maven-surefire-plugin/3.5.6/maven-surefire-plugin-3.5.6.jar	META-INF/NOTICE	fad05c3462795da62619a83b2f4be48e94177f8255432b7b2016404f27c27cc7
org.apache.maven.surefire:surefire-api:3.5.6	/home/phuclam/.m2/repository/org/apache/maven/surefire/surefire-api/3.5.6/surefire-api-3.5.6.jar	META-INF/LICENSE	cfc7749b96f63bd31c3c42b5c471bf756814053e847c10f3eb003417bc523d30
org.apache.maven.surefire:surefire-api:3.5.6	/home/phuclam/.m2/repository/org/apache/maven/surefire/surefire-api/3.5.6/surefire-api-3.5.6.jar	META-INF/NOTICE	6189661e69e74568e69b300da022ebfc76901901d6a50d35d2f71a20d8a543b2
org.apache.maven.surefire:surefire-logger-api:3.5.6	/home/phuclam/.m2/repository/org/apache/maven/surefire/surefire-logger-api/3.5.6/surefire-logger-api-3.5.6.jar	META-INF/LICENSE	cfc7749b96f63bd31c3c42b5c471bf756814053e847c10f3eb003417bc523d30
org.apache.maven.surefire:surefire-logger-api:3.5.6	/home/phuclam/.m2/repository/org/apache/maven/surefire/surefire-logger-api/3.5.6/surefire-logger-api-3.5.6.jar	META-INF/NOTICE	a179b38141a21ba6068c953f02c5b28e975feac3b2b2f00631cbbee63433d19c
org.apache.maven.surefire:surefire-shared-utils:3.5.6	/home/phuclam/.m2/repository/org/apache/maven/surefire/surefire-shared-utils/3.5.6/surefire-shared-utils-3.5.6.jar	META-INF/NOTICE	42ee4082970db25e7250697e3f746a580845a055bf6130a389d24ba1675e7a2a
org.apache.maven.surefire:surefire-extensions-api:3.5.6	/home/phuclam/.m2/repository/org/apache/maven/surefire/surefire-extensions-api/3.5.6/surefire-extensions-api-3.5.6.jar	META-INF/LICENSE	cfc7749b96f63bd31c3c42b5c471bf756814053e847c10f3eb003417bc523d30
org.apache.maven.surefire:surefire-extensions-api:3.5.6	/home/phuclam/.m2/repository/org/apache/maven/surefire/surefire-extensions-api/3.5.6/surefire-extensions-api-3.5.6.jar	META-INF/NOTICE	12011557a4fc5c1c7b17a8566b0ff863dd54367d7e624891af69f4ebde4b1acf
org.apache.maven.surefire:maven-surefire-common:3.5.6	/home/phuclam/.m2/repository/org/apache/maven/surefire/maven-surefire-common/3.5.6/maven-surefire-common-3.5.6.jar	META-INF/LICENSE	cfc7749b96f63bd31c3c42b5c471bf756814053e847c10f3eb003417bc523d30
org.apache.maven.surefire:maven-surefire-common:3.5.6	/home/phuclam/.m2/repository/org/apache/maven/surefire/maven-surefire-common/3.5.6/maven-surefire-common-3.5.6.jar	META-INF/NOTICE	d3f9b3556ab635ca10c020b3cbcf2e7a131db06dd82cb51df070470ad75f9d31
org.apache.maven.surefire:surefire-booter:3.5.6	/home/phuclam/.m2/repository/org/apache/maven/surefire/surefire-booter/3.5.6/surefire-booter-3.5.6.jar	META-INF/LICENSE	cfc7749b96f63bd31c3c42b5c471bf756814053e847c10f3eb003417bc523d30
org.apache.maven.surefire:surefire-booter:3.5.6	/home/phuclam/.m2/repository/org/apache/maven/surefire/surefire-booter/3.5.6/surefire-booter-3.5.6.jar	META-INF/NOTICE	c9fb36e2fe587472a969dd755da96c300a397e0b38449aca06c7fe2fa60892c9
org.apache.maven.surefire:surefire-extensions-spi:3.5.6	/home/phuclam/.m2/repository/org/apache/maven/surefire/surefire-extensions-spi/3.5.6/surefire-extensions-spi-3.5.6.jar	META-INF/LICENSE	cfc7749b96f63bd31c3c42b5c471bf756814053e847c10f3eb003417bc523d30
org.apache.maven.surefire:surefire-extensions-spi:3.5.6	/home/phuclam/.m2/repository/org/apache/maven/surefire/surefire-extensions-spi/3.5.6/surefire-extensions-spi-3.5.6.jar	META-INF/NOTICE	a86abfe93e805331f8eb9b5bd8669abc5fbb2a97c97218c07aa5d2123afcba86
org.apache.maven.resolver:maven-resolver-util:1.4.1	/home/phuclam/.m2/repository/org/apache/maven/resolver/maven-resolver-util/1.4.1/maven-resolver-util-1.4.1.jar	META-INF/NOTICE	7aab1725087cea664451d0441ba21c2178b785d6aefeeea4b5b0425b1a52a77d
org.apache.maven.resolver:maven-resolver-util:1.4.1	/home/phuclam/.m2/repository/org/apache/maven/resolver/maven-resolver-util/1.4.1/maven-resolver-util-1.4.1.jar	META-INF/LICENSE	cfc7749b96f63bd31c3c42b5c471bf756814053e847c10f3eb003417bc523d30
org.apache.maven.resolver:maven-resolver-api:1.4.1	/home/phuclam/.m2/repository/org/apache/maven/resolver/maven-resolver-api/1.4.1/maven-resolver-api-1.4.1.jar	META-INF/LICENSE	cfc7749b96f63bd31c3c42b5c471bf756814053e847c10f3eb003417bc523d30
org.apache.maven.resolver:maven-resolver-api:1.4.1	/home/phuclam/.m2/repository/org/apache/maven/resolver/maven-resolver-api/1.4.1/maven-resolver-api-1.4.1.jar	META-INF/NOTICE	18959c75c15a31c53a560c41a742729a997cc7b11099cd19ecbb7547ab736e12
org.apache.maven.shared:maven-common-artifact-filters:3.4.0	/home/phuclam/.m2/repository/org/apache/maven/shared/maven-common-artifact-filters/3.4.0/maven-common-artifact-filters-3.4.0.jar	META-INF/LICENSE	cfc7749b96f63bd31c3c42b5c471bf756814053e847c10f3eb003417bc523d30
org.apache.maven.shared:maven-common-artifact-filters:3.4.0	/home/phuclam/.m2/repository/org/apache/maven/shared/maven-common-artifact-filters/3.4.0/maven-common-artifact-filters-3.4.0.jar	META-INF/NOTICE	154636644226ffddec579784777a70b5bd06ed02395535ca1e0a4214587ada53
org.apache.maven.surefire:surefire-junit-platform:3.5.6	/home/phuclam/.m2/repository/org/apache/maven/surefire/surefire-junit-platform/3.5.6/surefire-junit-platform-3.5.6.jar	META-INF/LICENSE	cfc7749b96f63bd31c3c42b5c471bf756814053e847c10f3eb003417bc523d30
org.apache.maven.surefire:surefire-junit-platform:3.5.6	/home/phuclam/.m2/repository/org/apache/maven/surefire/surefire-junit-platform/3.5.6/surefire-junit-platform-3.5.6.jar	META-INF/NOTICE	115ed717f7bed5f6e3a40610a04aba67d7a233e109216e32cc2b552a67a66548
org.apache.maven.surefire:common-java5:3.5.6	/home/phuclam/.m2/repository/org/apache/maven/surefire/common-java5/3.5.6/common-java5-3.5.6.jar	META-INF/LICENSE	cfc7749b96f63bd31c3c42b5c471bf756814053e847c10f3eb003417bc523d30
org.apache.maven.surefire:common-java5:3.5.6	/home/phuclam/.m2/repository/org/apache/maven/surefire/common-java5/3.5.6/common-java5-3.5.6.jar	META-INF/NOTICE	3bb61a6b98890c27efed6089368a7c5d9a73544bac453a1777097f470af713a6
org.junit.platform:junit-platform-engine:1.12.2	/home/phuclam/.m2/repository/org/junit/platform/junit-platform-engine/1.12.2/junit-platform-engine-1.12.2.jar	META-INF/LICENSE-notice.md	c7d843e0faf8a251278c9220f6b5326a42a01f08b855c1ec871bcef6211a7e2a
org.junit.platform:junit-platform-engine:1.12.2	/home/phuclam/.m2/repository/org/junit/platform/junit-platform-engine/1.12.2/junit-platform-engine-1.12.2.jar	META-INF/LICENSE.md	5aa4cd44c111add178d1c2e2fe36d58a484012c80167df925f826cd64d411bf0
org.junit.platform:junit-platform-commons:1.12.2	/home/phuclam/.m2/repository/org/junit/platform/junit-platform-commons/1.12.2/junit-platform-commons-1.12.2.jar	META-INF/LICENSE-notice.md	c7d843e0faf8a251278c9220f6b5326a42a01f08b855c1ec871bcef6211a7e2a
org.junit.platform:junit-platform-commons:1.12.2	/home/phuclam/.m2/repository/org/junit/platform/junit-platform-commons/1.12.2/junit-platform-commons-1.12.2.jar	META-INF/LICENSE.md	5aa4cd44c111add178d1c2e2fe36d58a484012c80167df925f826cd64d411bf0
org.junit.platform:junit-platform-launcher:1.12.2	/home/phuclam/.m2/repository/org/junit/platform/junit-platform-launcher/1.12.2/junit-platform-launcher-1.12.2.jar	META-INF/LICENSE-notice.md	c7d843e0faf8a251278c9220f6b5326a42a01f08b855c1ec871bcef6211a7e2a
org.junit.platform:junit-platform-launcher:1.12.2	/home/phuclam/.m2/repository/org/junit/platform/junit-platform-launcher/1.12.2/junit-platform-launcher-1.12.2.jar	META-INF/LICENSE.md	5aa4cd44c111add178d1c2e2fe36d58a484012c80167df925f826cd64d411bf0
org.junit.platform:junit-platform-launcher:6.0.3	/home/phuclam/.m2/repository/org/junit/platform/junit-platform-launcher/6.0.3/junit-platform-launcher-6.0.3.jar	META-INF/LICENSE-notice.md	c7340d7b84e87498bf1e3ce8e2763b8cf1d8153def1648800b796f7b24ec0020
org.junit.platform:junit-platform-launcher:6.0.3	/home/phuclam/.m2/repository/org/junit/platform/junit-platform-launcher/6.0.3/junit-platform-launcher-6.0.3.jar	META-INF/LICENSE.md	5aa4cd44c111add178d1c2e2fe36d58a484012c80167df925f826cd64d411bf0
