realm	coordinate	via	reason
application	org.springframework.boot:spring-boot-starter-logging:4.1.1	org.springframework.boot:spring-boot-starter:4.1.1	path exclusion
application	biz.aQute.bnd:biz.aQute.bnd.annotation:7.1.0	org.apache.logging.log4j:log4j-slf4j2-impl:2.25.5	scope provided
application	com.google.errorprone:error_prone_annotations:2.38.0	org.apache.logging.log4j:log4j-slf4j2-impl:2.25.5	scope provided
application	org.osgi:org.osgi.annotation.bundle:2.0.0	org.apache.logging.log4j:log4j-slf4j2-impl:2.25.5	scope provided
application	org.osgi:org.osgi.annotation.versioning:1.1.2	org.apache.logging.log4j:log4j-slf4j2-impl:2.25.5	scope provided
application	org.osgi:org.osgi.core:6.0.0	org.apache.logging.log4j:log4j-slf4j2-impl:2.25.5	scope provided
application	org.apache.logging.log4j:log4j-api-test:2.25.5	org.apache.logging.log4j:log4j-slf4j2-impl:2.25.5	scope test
application	org.apache.logging.log4j:log4j-core-test:2.25.5	org.apache.logging.log4j:log4j-slf4j2-impl:2.25.5	scope test
application	org.assertj:assertj-core:3.27.7	org.apache.logging.log4j:log4j-slf4j2-impl:2.25.5	scope test
application	org.apache.commons:commons-csv:1.14.0	org.apache.logging.log4j:log4j-slf4j2-impl:2.25.5	scope test
application	org.apache.commons:commons-lang3:3.20.0	org.apache.logging.log4j:log4j-slf4j2-impl:2.25.5	scope test
application	org.junit.jupiter:junit-jupiter-engine:6.0.3	org.apache.logging.log4j:log4j-slf4j2-impl:2.25.5	scope test
application	org.junit.jupiter:junit-jupiter-params:6.0.3	org.apache.logging.log4j:log4j-slf4j2-impl:2.25.5	scope test
application	biz.aQute.bnd:biz.aQute.bnd.annotation:7.1.0	org.apache.logging.log4j:log4j-core:2.25.5	scope provided
application	com.google.errorprone:error_prone_annotations:2.38.0	org.apache.logging.log4j:log4j-core:2.25.5	scope provided
application	org.osgi:org.osgi.annotation.bundle:2.0.0	org.apache.logging.log4j:log4j-core:2.25.5	scope provided
application	org.osgi:org.osgi.annotation.versioning:1.1.2	org.apache.logging.log4j:log4j-core:2.25.5	scope provided
application	javax.activation:javax.activation-api:1.2.0	org.apache.logging.log4j:log4j-core:2.25.5	scope provided
application	javax.jms:javax.jms-api:2.0.1	org.apache.logging.log4j:log4j-core:2.25.5	scope provided
application	javax.mail:javax.mail-api:1.6.2	org.apache.logging.log4j:log4j-core:2.25.5	scope provided
application	org.jspecify:jspecify:1.0.1	org.apache.logging.log4j:log4j-core:2.25.5	scope provided
application	org.osgi:org.osgi.core:6.0.0	org.apache.logging.log4j:log4j-core:2.25.5	scope provided
application	org.apache.commons:commons-compress:1.27.1	org.apache.logging.log4j:log4j-core:2.25.5	optional
application	org.apache.commons:commons-csv:1.14.0	org.apache.logging.log4j:log4j-core:2.25.5	optional
application	com.conversantmedia:disruptor:1.2.15	org.apache.logging.log4j:log4j-core:2.25.5	optional
application	com.lmax:disruptor:3.4.4	org.apache.logging.log4j:log4j-core:2.25.5	optional
application	com.fasterxml.jackson.core:jackson-core:2.21.5	org.apache.logging.log4j:log4j-core:2.25.5	optional
application	com.fasterxml.jackson.core:jackson-databind:2.21.5	org.apache.logging.log4j:log4j-core:2.25.5	optional
application	com.fasterxml.jackson.dataformat:jackson-dataformat-xml:2.21.5	org.apache.logging.log4j:log4j-core:2.25.5	optional
application	com.fasterxml.jackson.dataformat:jackson-dataformat-yaml:2.21.5	org.apache.logging.log4j:log4j-core:2.25.5	optional
application	org.jctools:jctools-core:4.0.5	org.apache.logging.log4j:log4j-core:2.25.5	optional
application	org.zeromq:jeromq:0.6.0	org.apache.logging.log4j:log4j-core:2.25.5	optional
application	org.apache.kafka:kafka-clients:4.2.1	org.apache.logging.log4j:log4j-core:2.25.5	optional
application	com.sun.mail:javax.mail:1.6.2	org.apache.logging.log4j:log4j-core:2.25.5	optional
application	org.codehaus.woodstox:stax2-api:4.2.2	org.apache.logging.log4j:log4j-core:2.25.5	optional
application	biz.aQute.bnd:biz.aQute.bnd.annotation:7.1.0	org.apache.logging.log4j:log4j-jul:2.25.5	scope provided
application	com.google.errorprone:error_prone_annotations:2.38.0	org.apache.logging.log4j:log4j-jul:2.25.5	scope provided
application	org.osgi:org.osgi.annotation.bundle:2.0.0	org.apache.logging.log4j:log4j-jul:2.25.5	scope provided
application	org.osgi:org.osgi.annotation.versioning:1.1.2	org.apache.logging.log4j:log4j-jul:2.25.5	scope provided
application	org.apache.logging.log4j:log4j-core:2.25.5	org.apache.logging.log4j:log4j-jul:2.25.5	optional
application	org.apache.logging.log4j:log4j-core-test:2.25.5	org.apache.logging.log4j:log4j-jul:2.25.5	scope test
application	org.assertj:assertj-core:3.27.7	org.apache.logging.log4j:log4j-jul:2.25.5	scope test
application	com.lmax:disruptor:3.4.4	org.apache.logging.log4j:log4j-jul:2.25.5	scope test
application	org.hamcrest:hamcrest:3.0	org.apache.logging.log4j:log4j-jul:2.25.5	scope test
application	org.junit.jupiter:junit-jupiter-engine:6.0.3	org.apache.logging.log4j:log4j-jul:2.25.5	scope test
application	junit:junit:4.13.2	org.yaml:snakeyaml:2.6	scope test
application	org.apache.velocity:velocity-engine-core:2.3	org.yaml:snakeyaml:2.6	scope test
application	joda-time:joda-time:2.11.1	org.yaml:snakeyaml:2.6	scope test
application	org.projectlombok:lombok:1.18.46	org.yaml:snakeyaml:2.6	scope test
application	com.fasterxml.jackson.dataformat:jackson-dataformat-yaml:2.21.5	org.yaml:snakeyaml:2.6	scope test
application	org.openjdk.jmh:jmh-core:1.36	org.yaml:snakeyaml:2.6	scope test
application	org.openjdk.jmh:jmh-generator-annprocess:1.36	org.yaml:snakeyaml:2.6	scope test
application	org.springframework.boot:spring-boot-starter:4.1.1	org.springframework.boot:spring-boot-starter-jackson:4.1.1	nearest/first selected org.springframework.boot:spring-boot-starter:4.1.1
application	org.springframework.boot:spring-boot-starter:4.1.1	org.springframework.boot:spring-boot-starter-tomcat:4.1.1	nearest/first selected org.springframework.boot:spring-boot-starter:4.1.1
application	org.springframework:spring-web:7.0.9	org.springframework.boot:spring-boot-webmvc:4.1.1	nearest/first selected org.springframework:spring-web:7.0.9
application	org.springframework.boot:spring-boot-http-converter:4.1.1	org.springframework.boot:spring-boot-webmvc:4.1.1	nearest/first selected org.springframework.boot:spring-boot-http-converter:4.1.1
application	biz.aQute.bnd:biz.aQute.bnd.annotation:7.1.0	org.apache.logging.log4j:log4j-api:2.25.5	scope provided
application	com.google.errorprone:error_prone_annotations:2.38.0	org.apache.logging.log4j:log4j-api:2.25.5	scope provided
application	org.osgi:org.osgi.annotation.bundle:2.0.0	org.apache.logging.log4j:log4j-api:2.25.5	scope provided
application	org.osgi:org.osgi.annotation.versioning:1.1.2	org.apache.logging.log4j:log4j-api:2.25.5	scope provided
application	org.jspecify:jspecify:1.0.1	org.apache.logging.log4j:log4j-api:2.25.5	scope provided
application	org.osgi:org.osgi.core:6.0.0	org.apache.logging.log4j:log4j-api:2.25.5	scope provided
application	junit:junit:4.13.2	org.slf4j:slf4j-api:2.0.18	scope test
application	org.apache.logging.log4j:log4j-core:2.25.5	org.apache.logging.log4j:log4j-slf4j2-impl:2.25.5	nearest/first selected org.apache.logging.log4j:log4j-core:2.25.5
application	org.apache.logging.log4j:log4j-api:2.25.5	org.apache.logging.log4j:log4j-core:2.25.5	nearest/first selected org.apache.logging.log4j:log4j-api:2.25.5
application	org.apache.logging.log4j:log4j-api:2.25.5	org.apache.logging.log4j:log4j-jul:2.25.5	nearest/first selected org.apache.logging.log4j:log4j-api:2.25.5
application	org.springframework.boot:spring-boot:4.1.1	org.springframework.boot:spring-boot-autoconfigure:4.1.1	nearest/first selected org.springframework.boot:spring-boot:4.1.1
application	org.springframework.boot:spring-boot:4.1.1	org.springframework.boot:spring-boot-jackson:4.1.1	nearest/first selected org.springframework.boot:spring-boot:4.1.1
application	org.junit.jupiter:junit-jupiter:6.0.3	tools.jackson.core:jackson-databind:3.1.5	scope test
application	org.junit.jupiter:junit-jupiter-api:6.0.3	tools.jackson.core:jackson-databind:3.1.5	scope test
application	org.junit.jupiter:junit-jupiter-params:6.0.3	tools.jackson.core:jackson-databind:3.1.5	scope test
application	org.assertj:assertj-core:3.27.7	tools.jackson.core:jackson-databind:3.1.5	scope test
application	com.google.guava:guava-testlib:32.0.1-jre	tools.jackson.core:jackson-databind:3.1.5	scope test
application	org.mockito:mockito-core:5.23.0	tools.jackson.core:jackson-databind:3.1.5	scope test
application	org.springframework.boot:spring-boot-tomcat:4.1.1	org.springframework.boot:spring-boot-starter-tomcat-runtime:4.1.1	nearest/first selected org.springframework.boot:spring-boot-tomcat:4.1.1
application	org.springframework.boot:spring-boot:4.1.1	org.springframework.boot:spring-boot-web-server:4.1.1	path exclusion
application	org.springframework:spring-web:7.0.9	org.springframework.boot:spring-boot-web-server:4.1.1	path exclusion
application	jakarta.annotation:jakarta.annotation-api:3.0.0	org.springframework.boot:spring-boot-starter-tomcat-runtime:4.1.1	nearest/first selected jakarta.annotation:jakarta.annotation-api:3.0.0
application	org.apache.tomcat:tomcat-annotations-api:11.0.24	org.apache.tomcat.embed:tomcat-embed-core:11.0.24	path exclusion
application	org.springframework.boot:spring-boot-web-server:4.1.1	org.springframework.boot:spring-boot-tomcat:4.1.1	nearest/first selected org.springframework.boot:spring-boot-web-server:4.1.1
application	org.apache.tomcat.embed:tomcat-embed-core:11.0.24	org.springframework.boot:spring-boot-tomcat:4.1.1	nearest/first selected org.apache.tomcat.embed:tomcat-embed-core:11.0.24
application	jakarta.annotation:jakarta.annotation-api:3.0.0	org.springframework.boot:spring-boot-tomcat:4.1.1	nearest/first selected jakarta.annotation:jakarta.annotation-api:3.0.0
application	org.springframework:spring-core:7.0.9	org.springframework:spring-web:7.0.9	nearest/first selected org.springframework:spring-core:7.0.9
application	io.micrometer:context-propagation:1.2.1	io.micrometer:micrometer-observation:1.17.1	optional
application	javax.servlet:javax.servlet-api:4.0.1	io.micrometer:micrometer-observation:1.17.1	optional
application	org.aspectj:aspectjrt:1.9.25.1	io.micrometer:micrometer-observation:1.17.1	optional
application	org.springframework.boot:spring-boot:4.1.1	org.springframework.boot:spring-boot-servlet:4.1.1	nearest/first selected org.springframework.boot:spring-boot:4.1.1
application	org.springframework:spring-web:7.0.9	org.springframework.boot:spring-boot-servlet:4.1.1	nearest/first selected org.springframework:spring-web:7.0.9
application	org.springframework:spring-beans:7.0.9	org.springframework:spring-webmvc:7.0.9	nearest/first selected org.springframework:spring-beans:7.0.9
application	org.springframework:spring-context:7.0.9	org.springframework:spring-webmvc:7.0.9	nearest/first selected org.springframework:spring-context:7.0.9
application	org.springframework:spring-core:7.0.9	org.springframework:spring-webmvc:7.0.9	nearest/first selected org.springframework:spring-core:7.0.9
application	org.springframework:spring-web:7.0.9	org.springframework:spring-webmvc:7.0.9	nearest/first selected org.springframework:spring-web:7.0.9
application	org.junit.jupiter:junit-jupiter:6.0.3	com.fasterxml.jackson.core:jackson-annotations:2.21	scope test
application	org.apache.tomcat.embed:tomcat-embed-core:11.0.24	org.apache.tomcat.embed:tomcat-embed-websocket:11.0.24	nearest/first selected org.apache.tomcat.embed:tomcat-embed-core:11.0.24
application	org.junit.vintage:junit-vintage-engine:6.0.3	commons-logging:commons-logging:1.3.6	scope test
application	avalon-framework:avalon-framework:4.1.5	commons-logging:commons-logging:1.3.6	optional
application	org.apache.logging.log4j:log4j-1.2-api:2.25.5	commons-logging:commons-logging:1.3.6	optional
application	org.apache.logging.log4j:log4j-api:2.25.5	commons-logging:commons-logging:1.3.6	optional
application	logkit:logkit:2.0	commons-logging:commons-logging:1.3.6	optional
application	org.slf4j:slf4j-api:2.0.18	commons-logging:commons-logging:1.3.6	optional
application	javax.servlet:javax.servlet-api:4.0.1	commons-logging:commons-logging:1.3.6	scope provided
application	org.apache.commons:commons-lang3:3.20.0	commons-logging:commons-logging:1.3.6	scope test
application	org.apache.logging.log4j:log4j-core:2.25.5	commons-logging:commons-logging:1.3.6	scope test
application	org.apache.logging.log4j:log4j-core-test:2.25.5	commons-logging:commons-logging:1.3.6	scope test
application	ch.qos.logback:logback-classic:1.5.38	commons-logging:commons-logging:1.3.6	scope test
application	ch.qos.logback:logback-core:1.5.38	commons-logging:commons-logging:1.3.6	scope test
application	ch.qos.logback:logback-core:1.3.16	commons-logging:commons-logging:1.3.6	scope test
application	org.springframework:spring-aop:7.0.9	org.springframework:spring-context:7.0.9	nearest/first selected org.springframework:spring-aop:7.0.9
application	org.springframework:spring-beans:7.0.9	org.springframework:spring-context:7.0.9	nearest/first selected org.springframework:spring-beans:7.0.9
application	org.springframework:spring-core:7.0.9	org.springframework:spring-context:7.0.9	nearest/first selected org.springframework:spring-core:7.0.9
application	org.springframework:spring-expression:7.0.9	org.springframework:spring-context:7.0.9	nearest/first selected org.springframework:spring-expression:7.0.9
application	io.micrometer:micrometer-observation:1.17.1	org.springframework:spring-context:7.0.9	nearest/first selected io.micrometer:micrometer-observation:1.17.1
application	org.springframework:spring-core:7.0.9	org.springframework:spring-beans:7.0.9	nearest/first selected org.springframework:spring-core:7.0.9
application	org.jspecify:jspecify:1.0.1	io.micrometer:micrometer-observation:1.17.1	nearest/first selected org.jspecify:jspecify:1.0.1
application	com.google.code.findbugs:jsr305:3.0.2	io.micrometer:micrometer-commons:1.17.1	optional
application	ch.qos.logback:logback-classic:1.5.38	io.micrometer:micrometer-commons:1.17.1	optional
application	org.aspectj:aspectjrt:1.9.25.1	io.micrometer:micrometer-commons:1.17.1	optional
application	org.springframework:spring-beans:7.0.9	org.springframework:spring-aop:7.0.9	nearest/first selected org.springframework:spring-beans:7.0.9
application	org.springframework:spring-core:7.0.9	org.springframework:spring-aop:7.0.9	nearest/first selected org.springframework:spring-core:7.0.9
application	org.springframework:spring-core:7.0.9	org.springframework:spring-expression:7.0.9	nearest/first selected org.springframework:spring-core:7.0.9
application	org.jspecify:jspecify:1.0.1	io.micrometer:micrometer-commons:1.17.1	nearest/first selected org.jspecify:jspecify:1.0.1
org.apache.maven.plugins:maven-resources-plugin:3.5.0	org.apache.maven:maven-plugin-api:3.9.12	org.apache.maven.plugins:maven-resources-plugin:3.5.0	scope provided
org.apache.maven.plugins:maven-resources-plugin:3.5.0	org.apache.maven:maven-core:3.9.12	org.apache.maven.plugins:maven-resources-plugin:3.5.0	scope provided
org.apache.maven.plugins:maven-resources-plugin:3.5.0	org.apache.maven:maven-model:3.9.12	org.apache.maven.plugins:maven-resources-plugin:3.5.0	scope provided
org.apache.maven.plugins:maven-resources-plugin:3.5.0	org.apache.maven.plugin-tools:maven-plugin-annotations:3.15.2	org.apache.maven.plugins:maven-resources-plugin:3.5.0	scope provided
org.apache.maven.plugins:maven-resources-plugin:3.5.0	javax.inject:javax.inject:1	org.apache.maven.plugins:maven-resources-plugin:3.5.0	scope provided
org.apache.maven.plugins:maven-resources-plugin:3.5.0	org.slf4j:slf4j-api:1.7.36	org.apache.maven.plugins:maven-resources-plugin:3.5.0	scope provided
org.apache.maven.plugins:maven-resources-plugin:3.5.0	org.junit.jupiter:junit-jupiter-api:5.14.2	org.apache.maven.plugins:maven-resources-plugin:3.5.0	scope test
org.apache.maven.plugins:maven-resources-plugin:3.5.0	org.mockito:mockito-core:4.11.0	org.apache.maven.plugins:maven-resources-plugin:3.5.0	scope test
org.apache.maven.plugins:maven-resources-plugin:3.5.0	org.slf4j:slf4j-simple:1.7.36	org.apache.maven.plugins:maven-resources-plugin:3.5.0	scope test
org.apache.maven.plugins:maven-resources-plugin:3.5.0	org.apache.maven.plugin-testing:maven-plugin-testing-harness:3.5.1	org.apache.maven.plugins:maven-resources-plugin:3.5.0	scope test
org.apache.maven.plugins:maven-resources-plugin:3.5.0	javax.inject:javax.inject:1	org.apache.maven.shared:maven-filtering:3.5.0	scope provided
org.apache.maven.plugins:maven-resources-plugin:3.5.0	org.apache.maven:maven-core:3.9.12	org.apache.maven.shared:maven-filtering:3.5.0	scope provided
org.apache.maven.plugins:maven-resources-plugin:3.5.0	org.apache.maven:maven-model:3.9.12	org.apache.maven.shared:maven-filtering:3.5.0	scope provided
org.apache.maven.plugins:maven-resources-plugin:3.5.0	org.apache.maven:maven-settings:3.9.12	org.apache.maven.shared:maven-filtering:3.5.0	scope provided
org.apache.maven.plugins:maven-resources-plugin:3.5.0	org.mockito:mockito-core:4.11.0	org.apache.maven.shared:maven-filtering:3.5.0	scope test
org.apache.maven.plugins:maven-resources-plugin:3.5.0	org.codehaus.plexus:plexus-testing:2.1.0	org.apache.maven.shared:maven-filtering:3.5.0	scope test
org.apache.maven.plugins:maven-resources-plugin:3.5.0	org.hamcrest:hamcrest:3.0	org.apache.maven.shared:maven-filtering:3.5.0	scope test
org.apache.maven.plugins:maven-resources-plugin:3.5.0	org.junit.jupiter:junit-jupiter-api:5.14.2	org.apache.maven.shared:maven-filtering:3.5.0	scope test
org.apache.maven.plugins:maven-resources-plugin:3.5.0	org.slf4j:slf4j-simple:1.7.36	org.apache.maven.shared:maven-filtering:3.5.0	scope test
org.apache.maven.plugins:maven-resources-plugin:3.5.0	org.eclipse.sisu:org.eclipse.sisu.plexus:0.9.0.M4	org.apache.maven.shared:maven-filtering:3.5.0	scope test
org.apache.maven.plugins:maven-resources-plugin:3.5.0	org.eclipse.sisu:org.eclipse.sisu.inject:0.9.0.M4	org.apache.maven.shared:maven-filtering:3.5.0	scope test
org.apache.maven.plugins:maven-resources-plugin:3.5.0	commons-io:commons-io:2.21.0	org.apache.maven.shared:maven-filtering:3.5.0	scope test
org.apache.maven.plugins:maven-resources-plugin:3.5.0	org.openjdk.jmh:jmh-core:1.36	org.codehaus.plexus:plexus-utils:3.6.0	scope test
org.apache.maven.plugins:maven-resources-plugin:3.5.0	org.openjdk.jmh:jmh-generator-annprocess:1.36	org.codehaus.plexus:plexus-utils:3.6.0	scope test
org.apache.maven.plugins:maven-resources-plugin:3.5.0	org.junit.jupiter:junit-jupiter-api:5.14.2	org.codehaus.plexus:plexus-utils:3.6.0	scope test
org.apache.maven.plugins:maven-resources-plugin:3.5.0	junit:junit:4.13	org.slf4j:slf4j-api:1.7.36	scope test
org.apache.maven.plugins:maven-resources-plugin:3.5.0	org.codehaus.plexus:plexus-utils:3.6.0	org.apache.maven.shared:maven-filtering:3.5.0	nearest/first selected org.codehaus.plexus:plexus-utils:3.6.0
org.apache.maven.plugins:maven-resources-plugin:3.5.0	org.junit.jupiter:junit-jupiter-api:5.14.2	org.codehaus.plexus:plexus-interpolation:1.29	scope test
org.apache.maven.plugins:maven-resources-plugin:3.5.0	org.codehaus.plexus:plexus-utils:3.6.0	org.codehaus.plexus:plexus-build-api:1.2.0	nearest/first selected org.codehaus.plexus:plexus-utils:3.6.0
org.apache.maven.plugins:maven-resources-plugin:3.5.0	org.slf4j:slf4j-api:1.7.36	org.codehaus.plexus:plexus-build-api:1.2.0	nearest/first selected org.slf4j:slf4j-api:1.7.36
org.apache.maven.plugins:maven-resources-plugin:3.5.0	org.codehaus.plexus:plexus-utils:3.6.0	org.sonatype.plexus:plexus-build-api:0.0.7	path exclusion
org.apache.maven.plugins:maven-resources-plugin:3.5.0	org.codehaus.plexus:plexus-container-default:1.0-alpha-9	org.sonatype.plexus:plexus-build-api:0.0.7	scope provided
org.apache.maven.plugins:maven-resources-plugin:3.5.0	com.google.inject:guice:4.0	org.eclipse.sisu:org.eclipse.sisu.plexus:0.9.0.M4	scope provided
org.apache.maven.plugins:maven-resources-plugin:3.5.0	javax.annotation:javax.annotation-api:1.2	org.eclipse.sisu:org.eclipse.sisu.plexus:0.9.0.M4	scope provided
org.apache.maven.plugins:maven-resources-plugin:3.5.0	javax.enterprise:cdi-api:1.2	org.eclipse.sisu:org.eclipse.sisu.plexus:0.9.0.M4	scope provided
org.apache.maven.plugins:maven-resources-plugin:3.5.0	org.eclipse.sisu:org.eclipse.sisu.inject:0.9.0.M4	org.eclipse.sisu:org.eclipse.sisu.plexus:0.9.0.M4	path exclusion
org.apache.maven.plugins:maven-resources-plugin:3.5.0	org.codehaus.plexus:plexus-component-annotations:2.1.0	org.eclipse.sisu:org.eclipse.sisu.plexus:0.9.0.M4	path exclusion
org.apache.maven.plugins:maven-resources-plugin:3.5.0	org.codehaus.plexus:plexus-classworlds:2.6.0	org.eclipse.sisu:org.eclipse.sisu.plexus:0.9.0.M4	path exclusion
org.apache.maven.plugins:maven-resources-plugin:3.5.0	org.codehaus.plexus:plexus-utils:3.6.0	org.eclipse.sisu:org.eclipse.sisu.plexus:0.9.0.M4	path exclusion
org.apache.maven.plugins:maven-resources-plugin:3.5.0	org.slf4j:slf4j-api:1.7.36	org.eclipse.sisu:org.eclipse.sisu.plexus:0.9.0.M4	scope provided
org.apache.maven.plugins:maven-resources-plugin:3.5.0	org.osgi:osgi.core:5.0.0	org.eclipse.sisu:org.eclipse.sisu.plexus:0.9.0.M4	scope provided
org.apache.maven.plugins:maven-resources-plugin:3.5.0	junit:junit:4.13.2	org.eclipse.sisu:org.eclipse.sisu.plexus:0.9.0.M4	scope provided
org.apache.maven.plugins:maven-resources-plugin:3.5.0	ch.qos.logback:logback-classic:1.2.13	org.eclipse.sisu:org.eclipse.sisu.plexus:0.9.0.M4	scope test
org.apache.maven.plugins:maven-resources-plugin:3.5.0	org.springframework.boot:spring-boot-test:2.7.18	org.eclipse.sisu:org.eclipse.sisu.plexus:0.9.0.M4	scope test
org.apache.maven.plugins:maven-compiler-plugin:3.15.0	org.apache.maven.plugin-tools:maven-plugin-annotations:3.15.2	org.apache.maven.plugins:maven-compiler-plugin:3.15.0	scope provided
org.apache.maven.plugins:maven-compiler-plugin:3.15.0	org.apache.maven:maven-plugin-api:3.9.12	org.apache.maven.plugins:maven-compiler-plugin:3.15.0	scope provided
org.apache.maven.plugins:maven-compiler-plugin:3.15.0	org.apache.maven:maven-artifact:3.9.12	org.apache.maven.plugins:maven-compiler-plugin:3.15.0	scope provided
org.apache.maven.plugins:maven-compiler-plugin:3.15.0	org.apache.maven:maven-core:3.9.12	org.apache.maven.plugins:maven-compiler-plugin:3.15.0	scope provided
org.apache.maven.plugins:maven-compiler-plugin:3.15.0	org.apache.maven.plugin-testing:maven-plugin-testing-harness:3.5.0	org.apache.maven.plugins:maven-compiler-plugin:3.15.0	scope test
org.apache.maven.plugins:maven-compiler-plugin:3.15.0	org.codehaus.plexus:plexus-xml:3.0.1	org.apache.maven.plugins:maven-compiler-plugin:3.15.0	scope test
org.apache.maven.plugins:maven-compiler-plugin:3.15.0	org.mockito:mockito-core:4.11.0	org.apache.maven.plugins:maven-compiler-plugin:3.15.0	scope test
org.apache.maven.plugins:maven-compiler-plugin:3.15.0	org.junit.jupiter:junit-jupiter-api:5.14.2	org.apache.maven.plugins:maven-compiler-plugin:3.15.0	scope test
org.apache.maven.plugins:maven-compiler-plugin:3.15.0	org.junit.jupiter:junit-jupiter-params:5.14.2	org.apache.maven.plugins:maven-compiler-plugin:3.15.0	scope test
org.apache.maven.plugins:maven-compiler-plugin:3.15.0	org.fusesource.jansi:jansi:2.4.0	org.apache.maven.shared:maven-shared-utils:3.4.2	optional
org.apache.maven.plugins:maven-compiler-plugin:3.15.0	junit:junit:4.13.2	org.apache.maven.shared:maven-shared-utils:3.4.2	scope test
org.apache.maven.plugins:maven-compiler-plugin:3.15.0	org.hamcrest:hamcrest-core:2.2	org.apache.maven.shared:maven-shared-utils:3.4.2	scope test
org.apache.maven.plugins:maven-compiler-plugin:3.15.0	org.apache.commons:commons-text:1.10.0	org.apache.maven.shared:maven-shared-utils:3.4.2	scope test
org.apache.maven.plugins:maven-compiler-plugin:3.15.0	com.google.code.findbugs:jsr305:3.0.2	org.apache.maven.shared:maven-shared-utils:3.4.2	scope provided
org.apache.maven.plugins:maven-compiler-plugin:3.15.0	org.codehaus.plexus:plexus-utils:4.0.2	org.apache.maven.shared:maven-shared-utils:3.4.2	scope test
org.apache.maven.plugins:maven-compiler-plugin:3.15.0	org.apache.maven:maven-plugin-api:2.2.1	org.apache.maven.shared:maven-shared-incremental:1.1	path exclusion
org.apache.maven.plugins:maven-compiler-plugin:3.15.0	org.apache.maven:maven-core:2.2.1	org.apache.maven.shared:maven-shared-incremental:1.1	path exclusion
org.apache.maven.plugins:maven-compiler-plugin:3.15.0	org.apache.maven.shared:maven-shared-utils:0.1	org.apache.maven.shared:maven-shared-incremental:1.1	path exclusion
org.apache.maven.plugins:maven-compiler-plugin:3.15.0	org.codehaus.plexus:plexus-component-annotations:1.5.5	org.apache.maven.shared:maven-shared-incremental:1.1	path exclusion
org.apache.maven.plugins:maven-compiler-plugin:3.15.0	org.codehaus.plexus:plexus-component-api:1.0-alpha-16	org.apache.maven.shared:maven-shared-incremental:1.1	scope provided
org.apache.maven.plugins:maven-compiler-plugin:3.15.0	javax.inject:javax.inject:1	org.codehaus.plexus:plexus-java:1.5.2	optional
org.apache.maven.plugins:maven-compiler-plugin:3.15.0	org.junit.jupiter:junit-jupiter-api:5.14.2	org.codehaus.plexus:plexus-java:1.5.2	scope test
org.apache.maven.plugins:maven-compiler-plugin:3.15.0	org.junit.jupiter:junit-jupiter-params:5.14.2	org.codehaus.plexus:plexus-java:1.5.2	scope test
org.apache.maven.plugins:maven-compiler-plugin:3.15.0	org.mockito:mockito-core:4.11.0	org.codehaus.plexus:plexus-java:1.5.2	scope test
org.apache.maven.plugins:maven-compiler-plugin:3.15.0	org.mockito:mockito-junit-jupiter:4.11.0	org.codehaus.plexus:plexus-java:1.5.2	scope test
org.apache.maven.plugins:maven-compiler-plugin:3.15.0	org.assertj:assertj-core:3.27.6	org.codehaus.plexus:plexus-java:1.5.2	scope test
org.apache.maven.plugins:maven-compiler-plugin:3.15.0	org.eclipse.sisu:org.eclipse.sisu.plexus:0.9.0.M4	org.codehaus.plexus:plexus-compiler-api:2.16.2	scope provided
org.apache.maven.plugins:maven-compiler-plugin:3.15.0	org.junit.jupiter:junit-jupiter-api:5.14.2	org.codehaus.plexus:plexus-compiler-api:2.16.2	scope test
org.apache.maven.plugins:maven-compiler-plugin:3.15.0	org.hamcrest:hamcrest:3.0	org.codehaus.plexus:plexus-compiler-api:2.16.2	scope test
org.apache.maven.plugins:maven-compiler-plugin:3.15.0	org.junit.jupiter:junit-jupiter-api:5.14.2	org.codehaus.plexus:plexus-compiler-manager:2.16.2	scope test
org.apache.maven.plugins:maven-compiler-plugin:3.15.0	org.codehaus.plexus:plexus-testing:2.1.0	org.codehaus.plexus:plexus-compiler-manager:2.16.2	scope test
org.apache.maven.plugins:maven-compiler-plugin:3.15.0	org.junit.jupiter:junit-jupiter-api:5.14.2	org.codehaus.plexus:plexus-compiler-javac:2.16.2	scope test
org.apache.maven.plugins:maven-compiler-plugin:3.15.0	org.codehaus.plexus:plexus-compiler-test:2.16.2	org.codehaus.plexus:plexus-compiler-javac:2.16.2	scope test
org.apache.maven.plugins:maven-compiler-plugin:3.15.0	commons-lang:commons-lang:2.0	org.codehaus.plexus:plexus-compiler-javac:2.16.2	scope test
org.apache.maven.plugins:maven-compiler-plugin:3.15.0	org.junit.jupiter:junit-jupiter-params:5.14.2	org.codehaus.plexus:plexus-compiler-javac:2.16.2	scope test
org.apache.maven.plugins:maven-compiler-plugin:3.15.0	org.hamcrest:hamcrest:3.0	org.codehaus.plexus:plexus-compiler-javac:2.16.2	scope test
org.apache.maven.plugins:maven-compiler-plugin:3.15.0	org.codehaus.plexus:plexus-xml:3.0.1	org.codehaus.plexus:plexus-utils:4.0.2	optional
org.apache.maven.plugins:maven-compiler-plugin:3.15.0	org.junit.jupiter:junit-jupiter-api:5.14.2	org.codehaus.plexus:plexus-utils:4.0.2	scope test
org.apache.maven.plugins:maven-compiler-plugin:3.15.0	junit:junit:4.13	org.slf4j:slf4j-api:1.7.36	scope test
org.apache.maven.plugins:maven-compiler-plugin:3.15.0	org.junit.jupiter:junit-jupiter:5.14.2	commons-io:commons-io:2.11.0	scope test
org.apache.maven.plugins:maven-compiler-plugin:3.15.0	org.junit-pioneer:junit-pioneer:1.4.2	commons-io:commons-io:2.11.0	scope test
org.apache.maven.plugins:maven-compiler-plugin:3.15.0	org.mockito:mockito-inline:3.11.2	commons-io:commons-io:2.11.0	scope test
org.apache.maven.plugins:maven-compiler-plugin:3.15.0	com.google.jimfs:jimfs:1.2	commons-io:commons-io:2.11.0	scope test
org.apache.maven.plugins:maven-compiler-plugin:3.15.0	org.apache.commons:commons-lang3:3.12.0	commons-io:commons-io:2.11.0	scope test
org.apache.maven.plugins:maven-compiler-plugin:3.15.0	org.openjdk.jmh:jmh-core:1.32	commons-io:commons-io:2.11.0	scope test
org.apache.maven.plugins:maven-compiler-plugin:3.15.0	org.openjdk.jmh:jmh-generator-annprocess:1.32	commons-io:commons-io:2.11.0	scope test
org.apache.maven.plugins:maven-compiler-plugin:3.15.0	org.ow2.asm:asm:9.9.1	org.codehaus.plexus:plexus-java:1.5.2	nearest/first selected org.ow2.asm:asm:9.9.1
org.apache.maven.plugins:maven-compiler-plugin:3.15.0	org.junit.jupiter:junit-jupiter:5.14.2	com.thoughtworks.qdox:qdox:2.2.0	scope test
org.apache.maven.plugins:maven-compiler-plugin:3.15.0	org.assertj:assertj-core:3.26.3	com.thoughtworks.qdox:qdox:2.2.0	scope test
org.apache.maven.plugins:maven-compiler-plugin:3.15.0	org.mockito:mockito-core:4.11.0	com.thoughtworks.qdox:qdox:2.2.0	scope test
org.apache.maven.plugins:maven-compiler-plugin:3.15.0	org.codehaus.plexus:plexus-utils:4.0.2	org.codehaus.plexus:plexus-compiler-api:2.16.2	nearest/first selected org.codehaus.plexus:plexus-utils:4.0.2
org.apache.maven.plugins:maven-compiler-plugin:3.15.0	org.slf4j:slf4j-api:1.7.36	org.codehaus.plexus:plexus-compiler-api:2.16.2	nearest/first selected org.slf4j:slf4j-api:1.7.36
org.apache.maven.plugins:maven-compiler-plugin:3.15.0	org.codehaus.plexus:plexus-compiler-api:2.16.2	org.codehaus.plexus:plexus-compiler-manager:2.16.2	nearest/first selected org.codehaus.plexus:plexus-compiler-api:2.16.2
org.apache.maven.plugins:maven-compiler-plugin:3.15.0	org.slf4j:slf4j-api:1.7.36	org.codehaus.plexus:plexus-compiler-manager:2.16.2	nearest/first selected org.slf4j:slf4j-api:1.7.36
org.apache.maven.plugins:maven-compiler-plugin:3.15.0	org.openjdk.jmh:jmh-core:1.37	org.codehaus.plexus:plexus-xml:3.0.1	scope test
org.apache.maven.plugins:maven-compiler-plugin:3.15.0	org.openjdk.jmh:jmh-generator-annprocess:1.37	org.codehaus.plexus:plexus-xml:3.0.1	scope test
org.apache.maven.plugins:maven-compiler-plugin:3.15.0	org.junit.jupiter:junit-jupiter:5.14.2	org.codehaus.plexus:plexus-xml:3.0.1	scope test
org.apache.maven.plugins:maven-compiler-plugin:3.15.0	org.codehaus.plexus:plexus-utils:4.0.2	org.codehaus.plexus:plexus-xml:3.0.1	scope test
org.apache.maven.plugins:maven-compiler-plugin:3.15.0	org.codehaus.plexus:plexus-compiler-api:2.16.2	org.codehaus.plexus:plexus-compiler-javac:2.16.2	nearest/first selected org.codehaus.plexus:plexus-compiler-api:2.16.2
org.apache.maven.plugins:maven-compiler-plugin:3.15.0	org.codehaus.plexus:plexus-utils:4.0.2	org.codehaus.plexus:plexus-compiler-javac:2.16.2	nearest/first selected org.codehaus.plexus:plexus-utils:4.0.2
org.apache.maven.plugins:maven-compiler-plugin:3.15.0	javax.inject:javax.inject:1	org.codehaus.plexus:plexus-compiler-javac:2.16.2	nearest/first selected javax.inject:javax.inject:1
org.apache.maven.plugins:maven-compiler-plugin:3.15.0	org.slf4j:slf4j-api:1.7.36	org.codehaus.plexus:plexus-compiler-javac:2.16.2	nearest/first selected org.slf4j:slf4j-api:1.7.36
org.apache.maven.plugins:maven-jar-plugin:3.5.1	org.apache.maven:maven-plugin-api:3.9.16	org.apache.maven.plugins:maven-jar-plugin:3.5.1	scope provided
org.apache.maven.plugins:maven-jar-plugin:3.5.1	org.apache.maven:maven-core:3.9.16	org.apache.maven.plugins:maven-jar-plugin:3.5.1	scope provided
org.apache.maven.plugins:maven-jar-plugin:3.5.1	org.apache.maven:maven-artifact:3.9.16	org.apache.maven.plugins:maven-jar-plugin:3.5.1	scope provided
org.apache.maven.plugins:maven-jar-plugin:3.5.1	org.apache.maven.plugin-tools:maven-plugin-annotations:3.15.2	org.apache.maven.plugins:maven-jar-plugin:3.5.1	scope provided
org.apache.maven.plugins:maven-jar-plugin:3.5.1	org.junit.jupiter:junit-jupiter-api:5.14.4	org.apache.maven.plugins:maven-jar-plugin:3.5.1	scope test
org.apache.maven.plugins:maven-jar-plugin:3.5.1	org.apache.maven.plugin-testing:maven-plugin-testing-harness:3.5.1	org.apache.maven.plugins:maven-jar-plugin:3.5.1	scope test
org.apache.maven.plugins:maven-jar-plugin:3.5.1	org.mockito:mockito-core:4.11.0	org.apache.maven.plugins:maven-jar-plugin:3.5.1	scope test
org.apache.maven.plugins:maven-jar-plugin:3.5.1	org.mockito:mockito-junit-jupiter:4.11.0	org.apache.maven.plugins:maven-jar-plugin:3.5.1	scope test
org.apache.maven.plugins:maven-jar-plugin:3.5.1	org.junit.jupiter:junit-jupiter-api:5.14.4	org.apache.maven.shared:file-management:3.2.0	scope test
org.apache.maven.plugins:maven-jar-plugin:3.5.1	org.slf4j:slf4j-simple:1.7.36	org.apache.maven.shared:file-management:3.2.0	scope test
org.apache.maven.plugins:maven-jar-plugin:3.5.1	org.apache.maven:maven-core:3.9.12	org.apache.maven:maven-archiver:3.6.6	scope provided
org.apache.maven.plugins:maven-jar-plugin:3.5.1	org.apache.maven:maven-artifact:3.9.12	org.apache.maven:maven-archiver:3.6.6	scope provided
org.apache.maven.plugins:maven-jar-plugin:3.5.1	org.apache.maven:maven-model:3.9.12	org.apache.maven:maven-archiver:3.6.6	scope provided
org.apache.maven.plugins:maven-jar-plugin:3.5.1	org.junit.jupiter:junit-jupiter-api:5.14.4	org.apache.maven:maven-archiver:3.6.6	scope test
org.apache.maven.plugins:maven-jar-plugin:3.5.1	org.junit.jupiter:junit-jupiter-params:5.14.4	org.apache.maven:maven-archiver:3.6.6	scope test
org.apache.maven.plugins:maven-jar-plugin:3.5.1	org.assertj:assertj-core:3.27.6	org.apache.maven:maven-archiver:3.6.6	scope test
org.apache.maven.plugins:maven-jar-plugin:3.5.1	org.mockito:mockito-core:4.11.0	org.apache.maven:maven-archiver:3.6.6	scope test
org.apache.maven.plugins:maven-jar-plugin:3.5.1	org.slf4j:slf4j-simple:1.7.36	org.apache.maven:maven-archiver:3.6.6	scope test
org.apache.maven.plugins:maven-jar-plugin:3.5.1	com.google.code.findbugs:jsr305:3.0.2	org.codehaus.plexus:plexus-archiver:4.12.0	scope provided
org.apache.maven.plugins:maven-jar-plugin:3.5.1	org.junit.jupiter:junit-jupiter-api:5.14.4	org.codehaus.plexus:plexus-archiver:4.12.0	scope test
org.apache.maven.plugins:maven-jar-plugin:3.5.1	org.junit.jupiter:junit-jupiter-params:5.14.4	org.codehaus.plexus:plexus-archiver:4.12.0	scope test
org.apache.maven.plugins:maven-jar-plugin:3.5.1	org.slf4j:slf4j-simple:1.7.36	org.codehaus.plexus:plexus-archiver:4.12.0	scope test
org.apache.maven.plugins:maven-jar-plugin:3.5.1	org.eclipse.sisu:org.eclipse.sisu.inject:1.0.1	org.codehaus.plexus:plexus-archiver:4.12.0	scope test
org.apache.maven.plugins:maven-jar-plugin:3.5.1	com.google.inject:guice:5.1.0	org.codehaus.plexus:plexus-archiver:4.12.0	scope test
org.apache.maven.plugins:maven-jar-plugin:3.5.1	org.assertj:assertj-core:3.27.7	org.codehaus.plexus:plexus-archiver:4.12.0	scope test
org.apache.maven.plugins:maven-jar-plugin:3.5.1	junit:junit:4.13	org.slf4j:slf4j-api:1.7.36	scope test
org.apache.maven.plugins:maven-jar-plugin:3.5.1	org.junit.jupiter:junit-jupiter:5.14.4	commons-io:commons-io:2.22.0	scope test
org.apache.maven.plugins:maven-jar-plugin:3.5.1	org.junit-pioneer:junit-pioneer:1.9.1	commons-io:commons-io:2.22.0	scope test
org.apache.maven.plugins:maven-jar-plugin:3.5.1	net.bytebuddy:byte-buddy:1.18.8	commons-io:commons-io:2.22.0	scope test
org.apache.maven.plugins:maven-jar-plugin:3.5.1	net.bytebuddy:byte-buddy-agent:1.18.8	commons-io:commons-io:2.22.0	scope test
org.apache.maven.plugins:maven-jar-plugin:3.5.1	org.mockito:mockito-inline:4.11.0	commons-io:commons-io:2.22.0	scope test
org.apache.maven.plugins:maven-jar-plugin:3.5.1	com.google.jimfs:jimfs:1.3.1	commons-io:commons-io:2.22.0	scope test
org.apache.maven.plugins:maven-jar-plugin:3.5.1	org.apache.commons:commons-lang3:3.20.0	commons-io:commons-io:2.22.0	scope test
org.apache.maven.plugins:maven-jar-plugin:3.5.1	commons-codec:commons-codec:1.21.0	commons-io:commons-io:2.22.0	scope test
org.apache.maven.plugins:maven-jar-plugin:3.5.1	org.openjdk.jmh:jmh-core:1.37	commons-io:commons-io:2.22.0	scope test
org.apache.maven.plugins:maven-jar-plugin:3.5.1	org.slf4j:slf4j-api:1.7.36	org.apache.maven.shared:file-management:3.2.0	nearest/first selected org.slf4j:slf4j-api:1.7.36
org.apache.maven.plugins:maven-jar-plugin:3.5.1	org.codehaus.plexus:plexus-xml:3.0.1	org.codehaus.plexus:plexus-utils:4.0.3	optional
org.apache.maven.plugins:maven-jar-plugin:3.5.1	org.junit.jupiter:junit-jupiter-api:5.14.4	org.codehaus.plexus:plexus-utils:4.0.3	scope test
org.apache.maven.plugins:maven-jar-plugin:3.5.1	commons-io:commons-io:2.19.0	org.apache.maven.shared:file-management:3.2.0	nearest/first selected commons-io:commons-io:2.22.0
org.apache.maven.plugins:maven-jar-plugin:3.5.1	org.codehaus.plexus:plexus-archiver:4.10.4	org.apache.maven:maven-archiver:3.6.6	nearest/first selected org.codehaus.plexus:plexus-archiver:4.12.0
org.apache.maven.plugins:maven-jar-plugin:3.5.1	org.junit.jupiter:junit-jupiter-api:5.14.4	org.codehaus.plexus:plexus-interpolation:1.29	scope test
org.apache.maven.plugins:maven-jar-plugin:3.5.1	org.openjdk.jmh:jmh-core:1.37	org.codehaus.plexus:plexus-xml:3.0.1	scope test
org.apache.maven.plugins:maven-jar-plugin:3.5.1	org.openjdk.jmh:jmh-generator-annprocess:1.37	org.codehaus.plexus:plexus-xml:3.0.1	scope test
org.apache.maven.plugins:maven-jar-plugin:3.5.1	org.junit.jupiter:junit-jupiter:5.14.4	org.codehaus.plexus:plexus-xml:3.0.1	scope test
org.apache.maven.plugins:maven-jar-plugin:3.5.1	org.codehaus.plexus:plexus-utils:4.0.3	org.codehaus.plexus:plexus-xml:3.0.1	scope test
org.apache.maven.plugins:maven-jar-plugin:3.5.1	javax.inject:javax.inject:1	org.codehaus.plexus:plexus-archiver:4.12.0	nearest/first selected javax.inject:javax.inject:1
org.apache.maven.plugins:maven-jar-plugin:3.5.1	org.codehaus.plexus:plexus-utils:4.0.3	org.codehaus.plexus:plexus-archiver:4.12.0	nearest/first selected org.codehaus.plexus:plexus-utils:4.0.3
org.apache.maven.plugins:maven-jar-plugin:3.5.1	com.google.code.findbugs:jsr305:3.0.2	org.codehaus.plexus:plexus-io:3.6.0	scope provided
org.apache.maven.plugins:maven-jar-plugin:3.5.1	org.junit.jupiter:junit-jupiter-api:5.14.4	org.codehaus.plexus:plexus-io:3.6.0	scope test
org.apache.maven.plugins:maven-jar-plugin:3.5.1	org.slf4j:slf4j-simple:1.7.36	org.codehaus.plexus:plexus-io:3.6.0	scope test
org.apache.maven.plugins:maven-jar-plugin:3.5.1	org.codehaus.plexus:plexus-testing:2.0.1	org.codehaus.plexus:plexus-io:3.6.0	scope test
org.apache.maven.plugins:maven-jar-plugin:3.5.1	org.eclipse.sisu:org.eclipse.sisu.inject:1.0.1	org.codehaus.plexus:plexus-io:3.6.0	scope test
org.apache.maven.plugins:maven-jar-plugin:3.5.1	org.junit.jupiter:junit-jupiter-params:5.14.4	org.apache.commons:commons-compress:1.28.0	scope test
org.apache.maven.plugins:maven-jar-plugin:3.5.1	org.junit.jupiter:junit-jupiter:5.14.4	org.apache.commons:commons-compress:1.28.0	scope test
org.apache.maven.plugins:maven-jar-plugin:3.5.1	io.airlift:aircompressor:2.0.2	org.apache.commons:commons-compress:1.28.0	scope test
org.apache.maven.plugins:maven-jar-plugin:3.5.1	com.github.luben:zstd-jni:1.5.7-4	org.apache.commons:commons-compress:1.28.0	optional
org.apache.maven.plugins:maven-jar-plugin:3.5.1	org.brotli:dec:0.1.2	org.apache.commons:commons-compress:1.28.0	optional
org.apache.maven.plugins:maven-jar-plugin:3.5.1	org.tukaani:xz:1.10	org.apache.commons:commons-compress:1.28.0	optional
org.apache.maven.plugins:maven-jar-plugin:3.5.1	org.ow2.asm:asm:9.8	org.apache.commons:commons-compress:1.28.0	optional
org.apache.maven.plugins:maven-jar-plugin:3.5.1	org.mockito:mockito-core:4.11.0	org.apache.commons:commons-compress:1.28.0	scope test
org.apache.maven.plugins:maven-jar-plugin:3.5.1	org.mockito:mockito-junit-jupiter:4.11.0	org.apache.commons:commons-compress:1.28.0	scope test
org.apache.maven.plugins:maven-jar-plugin:3.5.1	com.github.marschall:memoryfilesystem:2.8.1	org.apache.commons:commons-compress:1.28.0	scope test
org.apache.maven.plugins:maven-jar-plugin:3.5.1	org.ops4j.pax.exam:pax-exam-container-native:4.13.5	org.apache.commons:commons-compress:1.28.0	scope test
org.apache.maven.plugins:maven-jar-plugin:3.5.1	org.ops4j.pax.exam:pax-exam-junit4:4.13.5	org.apache.commons:commons-compress:1.28.0	scope test
org.apache.maven.plugins:maven-jar-plugin:3.5.1	org.ops4j.pax.exam:pax-exam-cm:4.13.5	org.apache.commons:commons-compress:1.28.0	scope test
org.apache.maven.plugins:maven-jar-plugin:3.5.1	org.ops4j.pax.exam:pax-exam-link-mvn:4.13.5	org.apache.commons:commons-compress:1.28.0	scope test
org.apache.maven.plugins:maven-jar-plugin:3.5.1	org.apache.felix:org.apache.felix.framework:7.0.5	org.apache.commons:commons-compress:1.28.0	scope test
org.apache.maven.plugins:maven-jar-plugin:3.5.1	javax.inject:javax.inject:1	org.apache.commons:commons-compress:1.28.0	scope test
org.apache.maven.plugins:maven-jar-plugin:3.5.1	org.junit-pioneer:junit-pioneer:1.9.1	org.apache.commons:commons-compress:1.28.0	scope test
org.apache.maven.plugins:maven-jar-plugin:3.5.1	org.slf4j:slf4j-api:1.7.36	org.codehaus.plexus:plexus-archiver:4.12.0	nearest/first selected org.slf4j:slf4j-api:1.7.36
org.apache.maven.plugins:maven-jar-plugin:3.5.1	commons-io:commons-io:2.22.0	org.codehaus.plexus:plexus-archiver:4.12.0	nearest/first selected commons-io:commons-io:2.22.0
org.apache.maven.plugins:maven-jar-plugin:3.5.1	org.scalatest:scalatest_2.13:3.2.17	com.github.luben:zstd-jni:1.5.7-9	scope test
org.apache.maven.plugins:maven-jar-plugin:3.5.1	org.scalatestplus:scalacheck-1-17_2.13:3.2.17.0	com.github.luben:zstd-jni:1.5.7-9	scope test
org.apache.maven.plugins:maven-jar-plugin:3.5.1	javax.inject:javax.inject:1	org.codehaus.plexus:plexus-io:3.6.0	nearest/first selected javax.inject:javax.inject:1
org.apache.maven.plugins:maven-jar-plugin:3.5.1	org.codehaus.plexus:plexus-utils:4.0.3	org.codehaus.plexus:plexus-io:3.6.0	nearest/first selected org.codehaus.plexus:plexus-utils:4.0.3
org.apache.maven.plugins:maven-jar-plugin:3.5.1	commons-io:commons-io:2.20.0	org.codehaus.plexus:plexus-io:3.6.0	nearest/first selected commons-io:commons-io:2.22.0
org.apache.maven.plugins:maven-jar-plugin:3.5.1	org.apache.commons:commons-lang3:3.18.0	commons-codec:commons-codec:1.19.0	scope test
org.apache.maven.plugins:maven-jar-plugin:3.5.1	commons-io:commons-io:2.20.0	commons-codec:commons-codec:1.19.0	scope test
org.apache.maven.plugins:maven-jar-plugin:3.5.1	org.junit.jupiter:junit-jupiter-engine:5.14.4	commons-codec:commons-codec:1.19.0	scope test
org.apache.maven.plugins:maven-jar-plugin:3.5.1	org.junit.jupiter:junit-jupiter-params:5.14.4	commons-codec:commons-codec:1.19.0	scope test
org.apache.maven.plugins:maven-jar-plugin:3.5.1	commons-io:commons-io:2.20.0	org.apache.commons:commons-compress:1.28.0	nearest/first selected commons-io:commons-io:2.22.0
org.apache.maven.plugins:maven-jar-plugin:3.5.1	org.junit.jupiter:junit-jupiter:5.14.4	org.apache.commons:commons-lang3:3.18.0	scope test
org.apache.maven.plugins:maven-jar-plugin:3.5.1	org.junit-pioneer:junit-pioneer:1.9.1	org.apache.commons:commons-lang3:3.18.0	scope test
org.apache.maven.plugins:maven-jar-plugin:3.5.1	org.easymock:easymock:5.6.0	org.apache.commons:commons-lang3:3.18.0	scope test
org.apache.maven.plugins:maven-jar-plugin:3.5.1	org.apache.commons:commons-text:1.13.1	org.apache.commons:commons-lang3:3.18.0	scope test
org.apache.maven.plugins:maven-jar-plugin:3.5.1	org.openjdk.jmh:jmh-core:1.37	org.apache.commons:commons-lang3:3.18.0	scope test
org.apache.maven.plugins:maven-jar-plugin:3.5.1	org.openjdk.jmh:jmh-generator-annprocess:1.37	org.apache.commons:commons-lang3:3.18.0	scope test
org.apache.maven.plugins:maven-jar-plugin:3.5.1	com.google.code.findbugs:jsr305:3.0.2	org.apache.commons:commons-lang3:3.18.0	scope test
org.springframework.boot:spring-boot-maven-plugin:4.1.1	org.apache.maven:maven-artifact:3.6.3	org.apache.maven.shared:maven-common-artifact-filters:3.4.0	scope provided
org.springframework.boot:spring-boot-maven-plugin:4.1.1	org.apache.maven:maven-model:3.6.3	org.apache.maven.shared:maven-common-artifact-filters:3.4.0	scope provided
org.springframework.boot:spring-boot-maven-plugin:4.1.1	org.apache.maven:maven-core:3.6.3	org.apache.maven.shared:maven-common-artifact-filters:3.4.0	scope provided
org.springframework.boot:spring-boot-maven-plugin:4.1.1	org.apache.maven.resolver:maven-resolver-api:1.4.1	org.apache.maven.shared:maven-common-artifact-filters:3.4.0	scope provided
org.springframework.boot:spring-boot-maven-plugin:4.1.1	commons-io:commons-io:2.16.1	org.apache.maven.shared:maven-common-artifact-filters:3.4.0	scope test
org.springframework.boot:spring-boot-maven-plugin:4.1.1	junit:junit:4.13.2	org.apache.maven.shared:maven-common-artifact-filters:3.4.0	scope test
org.springframework.boot:spring-boot-maven-plugin:4.1.1	org.mockito:mockito-core:4.8.0	org.apache.maven.shared:maven-common-artifact-filters:3.4.0	scope test
org.springframework.boot:spring-boot-maven-plugin:4.1.1	org.apache.maven.plugin-testing:maven-plugin-testing-harness:3.3.0	org.apache.maven.shared:maven-common-artifact-filters:3.4.0	scope test
org.springframework.boot:spring-boot-maven-plugin:4.1.1	org.openjdk.jmh:jmh-core:1.35	org.apache.maven.shared:maven-common-artifact-filters:3.4.0	scope test
org.springframework.boot:spring-boot-maven-plugin:4.1.1	org.openjdk.jmh:jmh-generator-annprocess:1.35	org.apache.maven.shared:maven-common-artifact-filters:3.4.0	scope test
org.springframework.boot:spring-boot-maven-plugin:4.1.1	org.codehaus.plexus:plexus-utils:1.5.8	org.sonatype.plexus:plexus-build-api:0.0.7	path exclusion
org.springframework.boot:spring-boot-maven-plugin:4.1.1	org.codehaus.plexus:plexus-container-default:1.0-alpha-9	org.sonatype.plexus:plexus-build-api:0.0.7	scope provided
org.springframework.boot:spring-boot-maven-plugin:4.1.1	org.apache.maven.plugin-tools:maven-plugin-annotations:3.12.0	org.apache.maven.plugins:maven-shade-plugin:3.6.0	scope provided
org.springframework.boot:spring-boot-maven-plugin:4.1.1	org.apache.maven:maven-plugin-api:3.9.7	org.apache.maven.plugins:maven-shade-plugin:3.6.0	scope provided
org.springframework.boot:spring-boot-maven-plugin:4.1.1	org.apache.maven:maven-model:3.9.7	org.apache.maven.plugins:maven-shade-plugin:3.6.0	scope provided
org.springframework.boot:spring-boot-maven-plugin:4.1.1	org.apache.maven:maven-core:3.9.7	org.apache.maven.plugins:maven-shade-plugin:3.6.0	scope provided
org.springframework.boot:spring-boot-maven-plugin:4.1.1	org.apache.maven:maven-artifact:3.9.7	org.apache.maven.plugins:maven-shade-plugin:3.6.0	scope provided
org.springframework.boot:spring-boot-maven-plugin:4.1.1	javax.inject:javax.inject:1	org.apache.maven.plugins:maven-shade-plugin:3.6.0	scope provided
org.springframework.boot:spring-boot-maven-plugin:4.1.1	org.eclipse.sisu:org.eclipse.sisu.plexus:0.9.0.M2	org.apache.maven.plugins:maven-shade-plugin:3.6.0	scope test
org.springframework.boot:spring-boot-maven-plugin:4.1.1	com.google.inject:guice:5.1.0	org.apache.maven.plugins:maven-shade-plugin:3.6.0	scope test
org.springframework.boot:spring-boot-maven-plugin:4.1.1	junit:junit:4.13.2	org.apache.maven.plugins:maven-shade-plugin:3.6.0	scope test
org.springframework.boot:spring-boot-maven-plugin:4.1.1	org.hamcrest:hamcrest-core:2.2	org.apache.maven.plugins:maven-shade-plugin:3.6.0	scope test
org.springframework.boot:spring-boot-maven-plugin:4.1.1	org.xmlunit:xmlunit-legacy:2.10.0	org.apache.maven.plugins:maven-shade-plugin:3.6.0	scope test
org.springframework.boot:spring-boot-maven-plugin:4.1.1	org.mockito:mockito-core:3.12.4	org.apache.maven.plugins:maven-shade-plugin:3.6.0	scope test
org.springframework.boot:spring-boot-maven-plugin:4.1.1	org.slf4j:slf4j-simple:1.7.36	org.apache.maven.plugins:maven-shade-plugin:3.6.0	scope test
org.springframework.boot:spring-boot-maven-plugin:4.1.1	org.apache.maven:maven-compat:3.9.7	org.apache.maven.plugins:maven-shade-plugin:3.6.0	scope test
org.springframework.boot:spring-boot-maven-plugin:4.1.1	org.apache.maven.plugin-testing:maven-plugin-testing-harness:3.3.0	org.apache.maven.plugins:maven-shade-plugin:3.6.0	scope test
org.springframework.boot:spring-boot-maven-plugin:4.1.1	org.junit.jupiter:junit-jupiter-params:5.11.0-M2	org.apache.commons:commons-compress:1.27.1	scope test
org.springframework.boot:spring-boot-maven-plugin:4.1.1	org.junit.vintage:junit-vintage-engine:5.11.0-M2	org.apache.commons:commons-compress:1.27.1	scope test
org.springframework.boot:spring-boot-maven-plugin:4.1.1	org.hamcrest:hamcrest:3.0	org.apache.commons:commons-compress:1.27.1	scope test
org.springframework.boot:spring-boot-maven-plugin:4.1.1	com.github.luben:zstd-jni:1.5.6-4	org.apache.commons:commons-compress:1.27.1	optional
org.springframework.boot:spring-boot-maven-plugin:4.1.1	org.brotli:dec:0.1.2	org.apache.commons:commons-compress:1.27.1	optional
org.springframework.boot:spring-boot-maven-plugin:4.1.1	org.tukaani:xz:1.10	org.apache.commons:commons-compress:1.27.1	optional
org.springframework.boot:spring-boot-maven-plugin:4.1.1	org.ow2.asm:asm:9.7	org.apache.commons:commons-compress:1.27.1	optional
org.springframework.boot:spring-boot-maven-plugin:4.1.1	org.mockito:mockito-core:4.11.0	org.apache.commons:commons-compress:1.27.1	scope test
org.springframework.boot:spring-boot-maven-plugin:4.1.1	org.mockito:mockito-junit-jupiter:4.11.0	org.apache.commons:commons-compress:1.27.1	scope test
org.springframework.boot:spring-boot-maven-plugin:4.1.1	com.github.marschall:memoryfilesystem:2.8.0	org.apache.commons:commons-compress:1.27.1	scope test
org.springframework.boot:spring-boot-maven-plugin:4.1.1	org.ops4j.pax.exam:pax-exam-container-native:4.13.5	org.apache.commons:commons-compress:1.27.1	scope test
org.springframework.boot:spring-boot-maven-plugin:4.1.1	org.ops4j.pax.exam:pax-exam-junit4:4.13.5	org.apache.commons:commons-compress:1.27.1	scope test
org.springframework.boot:spring-boot-maven-plugin:4.1.1	org.ops4j.pax.exam:pax-exam-cm:4.13.5	org.apache.commons:commons-compress:1.27.1	scope test
org.springframework.boot:spring-boot-maven-plugin:4.1.1	org.ops4j.pax.exam:pax-exam-link-mvn:4.13.5	org.apache.commons:commons-compress:1.27.1	scope test
org.springframework.boot:spring-boot-maven-plugin:4.1.1	org.apache.felix:org.apache.felix.framework:7.0.5	org.apache.commons:commons-compress:1.27.1	scope test
org.springframework.boot:spring-boot-maven-plugin:4.1.1	javax.inject:javax.inject:1	org.apache.commons:commons-compress:1.27.1	scope test
org.springframework.boot:spring-boot-maven-plugin:4.1.1	org.osgi:org.osgi.core:6.0.0	org.apache.commons:commons-compress:1.27.1	scope provided
org.springframework.boot:spring-boot-maven-plugin:4.1.1	org.conscrypt:conscrypt-openjdk-uber:2.5.2	org.apache.httpcomponents.client5:httpclient5:5.6.4	optional
org.springframework.boot:spring-boot-maven-plugin:4.1.1	org.apache.httpcomponents.core5:httpcore5-reactive:5.4.3	org.apache.httpcomponents.client5:httpclient5:5.6.4	scope test
org.springframework.boot:spring-boot-maven-plugin:4.1.1	io.reactivex.rxjava3:rxjava:3.1.10	org.apache.httpcomponents.client5:httpclient5:5.6.4	scope test
org.springframework.boot:spring-boot-maven-plugin:4.1.1	org.apache.logging.log4j:log4j-slf4j-impl:2.25.0	org.apache.httpcomponents.client5:httpclient5:5.6.4	scope test
org.springframework.boot:spring-boot-maven-plugin:4.1.1	org.apache.logging.log4j:log4j-core:2.25.0	org.apache.httpcomponents.client5:httpclient5:5.6.4	scope test
org.springframework.boot:spring-boot-maven-plugin:4.1.1	com.kohlschutter.junixsocket:junixsocket-core:2.10.1	org.apache.httpcomponents.client5:httpclient5:5.6.4	scope test
org.springframework.boot:spring-boot-maven-plugin:4.1.1	org.junit.jupiter:junit-jupiter:5.13.3	org.apache.httpcomponents.client5:httpclient5:5.6.4	scope test
org.springframework.boot:spring-boot-maven-plugin:4.1.1	org.hamcrest:hamcrest:3.0	org.apache.httpcomponents.client5:httpclient5:5.6.4	scope test
org.springframework.boot:spring-boot-maven-plugin:4.1.1	org.mockito:mockito-core:4.11.0	org.apache.httpcomponents.client5:httpclient5:5.6.4	scope test
org.springframework.boot:spring-boot-maven-plugin:4.1.1	commons-io:commons-io:2.19.0	org.apache.httpcomponents.client5:httpclient5:5.6.4	scope test
org.springframework.boot:spring-boot-maven-plugin:4.1.1	org.apache.commons:commons-compress:1.27.1	org.apache.httpcomponents.client5:httpclient5:5.6.4	optional
org.springframework.boot:spring-boot-maven-plugin:4.1.1	com.github.luben:zstd-jni:1.5.7-4	org.apache.httpcomponents.client5:httpclient5:5.6.4	optional
org.springframework.boot:spring-boot-maven-plugin:4.1.1	com.aayushatharva.brotli4j:brotli4j:1.20.0	org.apache.httpcomponents.client5:httpclient5:5.6.4	optional
org.springframework.boot:spring-boot-maven-plugin:4.1.1	org.springframework:spring-core:7.0.9	org.springframework.boot:spring-boot-buildpack-platform:4.1.1	nearest/first selected org.springframework:spring-core:7.0.9
org.springframework.boot:spring-boot-maven-plugin:4.1.1	org.junit.jupiter:junit-jupiter:6.0.3	tools.jackson.core:jackson-databind:3.1.5	scope test
org.springframework.boot:spring-boot-maven-plugin:4.1.1	org.junit.jupiter:junit-jupiter-api:6.0.3	tools.jackson.core:jackson-databind:3.1.5	scope test
org.springframework.boot:spring-boot-maven-plugin:4.1.1	org.junit.jupiter:junit-jupiter-params:6.0.3	tools.jackson.core:jackson-databind:3.1.5	scope test
org.springframework.boot:spring-boot-maven-plugin:4.1.1	org.assertj:assertj-core:3.27.7	tools.jackson.core:jackson-databind:3.1.5	scope test
org.springframework.boot:spring-boot-maven-plugin:4.1.1	com.google.guava:guava-testlib:32.0.1-jre	tools.jackson.core:jackson-databind:3.1.5	scope test
org.springframework.boot:spring-boot-maven-plugin:4.1.1	org.mockito:mockito-core:5.21.0	tools.jackson.core:jackson-databind:3.1.5	scope test
org.springframework.boot:spring-boot-maven-plugin:4.1.1	org.apache.commons:commons-compress:1.27.1	org.springframework.boot:spring-boot-loader-tools:4.1.1	nearest/first selected org.apache.commons:commons-compress:1.27.1
org.springframework.boot:spring-boot-maven-plugin:4.1.1	org.springframework:spring-core:7.0.9	org.springframework.boot:spring-boot-loader-tools:4.1.1	nearest/first selected org.springframework:spring-core:7.0.9
org.springframework.boot:spring-boot-maven-plugin:4.1.1	junit:junit:4.13	org.slf4j:slf4j-api:1.7.36	scope test
org.springframework.boot:spring-boot-maven-plugin:4.1.1	org.apache.maven.resolver:maven-resolver-test-util:1.4.1	org.apache.maven.resolver:maven-resolver-util:1.4.1	scope test
org.springframework.boot:spring-boot-maven-plugin:4.1.1	junit:junit:4.12	org.apache.maven.resolver:maven-resolver-util:1.4.1	scope test
org.springframework.boot:spring-boot-maven-plugin:4.1.1	org.hamcrest:hamcrest-core:1.3	org.apache.maven.resolver:maven-resolver-util:1.4.1	scope test
org.springframework.boot:spring-boot-maven-plugin:4.1.1	org.junit.vintage:junit-vintage-engine:5.11.4	commons-logging:commons-logging:1.3.5	scope test
org.springframework.boot:spring-boot-maven-plugin:4.1.1	avalon-framework:avalon-framework:4.1.5	commons-logging:commons-logging:1.3.5	optional
org.springframework.boot:spring-boot-maven-plugin:4.1.1	org.apache.logging.log4j:log4j-1.2-api:2.24.3	commons-logging:commons-logging:1.3.5	optional
org.springframework.boot:spring-boot-maven-plugin:4.1.1	org.apache.logging.log4j:log4j-api:2.24.3	commons-logging:commons-logging:1.3.5	optional
org.springframework.boot:spring-boot-maven-plugin:4.1.1	logkit:logkit:2.0	commons-logging:commons-logging:1.3.5	optional
org.springframework.boot:spring-boot-maven-plugin:4.1.1	org.slf4j:slf4j-api:2.0.16	commons-logging:commons-logging:1.3.5	optional
org.springframework.boot:spring-boot-maven-plugin:4.1.1	javax.servlet:javax.servlet-api:4.0.1	commons-logging:commons-logging:1.3.5	scope provided
org.springframework.boot:spring-boot-maven-plugin:4.1.1	org.apache.commons:commons-lang3:3.17.0	commons-logging:commons-logging:1.3.5	scope test
org.springframework.boot:spring-boot-maven-plugin:4.1.1	org.apache.logging.log4j:log4j-core:2.24.3	commons-logging:commons-logging:1.3.5	scope test
org.springframework.boot:spring-boot-maven-plugin:4.1.1	org.apache.logging.log4j:log4j-core-test:2.24.3	commons-logging:commons-logging:1.3.5	scope test
org.springframework.boot:spring-boot-maven-plugin:4.1.1	ch.qos.logback:logback-classic:1.3.14	commons-logging:commons-logging:1.3.5	scope test
org.springframework.boot:spring-boot-maven-plugin:4.1.1	ch.qos.logback:logback-core:1.3.14	commons-logging:commons-logging:1.3.5	scope test
org.springframework.boot:spring-boot-maven-plugin:4.1.1	ch.qos.logback:logback-core:1.3.14	commons-logging:commons-logging:1.3.5	scope test
org.springframework.boot:spring-boot-maven-plugin:4.1.1	org.springframework:spring-core:7.0.9	org.springframework:spring-context:7.0.9	nearest/first selected org.springframework:spring-core:7.0.9
org.springframework.boot:spring-boot-maven-plugin:4.1.1	io.micrometer:context-propagation:1.2.1	io.micrometer:micrometer-observation:1.16.7	optional
org.springframework.boot:spring-boot-maven-plugin:4.1.1	javax.servlet:javax.servlet-api:4.0.1	io.micrometer:micrometer-observation:1.16.7	optional
org.springframework.boot:spring-boot-maven-plugin:4.1.1	org.aspectj:aspectjrt:1.9.24	io.micrometer:micrometer-observation:1.16.7	optional
org.springframework.boot:spring-boot-maven-plugin:4.1.1	org.openjdk.jmh:jmh-core:1.36	org.codehaus.plexus:plexus-utils:3.5.1	scope test
org.springframework.boot:spring-boot-maven-plugin:4.1.1	org.openjdk.jmh:jmh-generator-annprocess:1.36	org.codehaus.plexus:plexus-utils:3.5.1	scope test
org.springframework.boot:spring-boot-maven-plugin:4.1.1	junit:junit:4.13.2	org.codehaus.plexus:plexus-utils:3.5.1	scope test
org.springframework.boot:spring-boot-maven-plugin:4.1.1	org.slf4j:slf4j-api:1.7.36	org.apache.maven.plugins:maven-shade-plugin:3.6.0	nearest/first selected org.slf4j:slf4j-api:1.7.36
org.springframework.boot:spring-boot-maven-plugin:4.1.1	jaxen:jaxen:1.2.0	org.jdom:jdom2:2.0.6.1	optional
org.springframework.boot:spring-boot-maven-plugin:4.1.1	xerces:xercesImpl:2.11.0	org.jdom:jdom2:2.0.6.1	optional
org.springframework.boot:spring-boot-maven-plugin:4.1.1	xalan:xalan:2.7.2	org.jdom:jdom2:2.0.6.1	optional
org.springframework.boot:spring-boot-maven-plugin:4.1.1	org.apache.commons:commons-compress:1.26.2	org.apache.maven.plugins:maven-shade-plugin:3.6.0	nearest/first selected org.apache.commons:commons-compress:1.27.1
org.springframework.boot:spring-boot-maven-plugin:4.1.1	org.junit.jupiter:junit-jupiter:5.10.2	commons-io:commons-io:2.16.1	scope test
org.springframework.boot:spring-boot-maven-plugin:4.1.1	org.junit-pioneer:junit-pioneer:1.9.1	commons-io:commons-io:2.16.1	scope test
org.springframework.boot:spring-boot-maven-plugin:4.1.1	net.bytebuddy:byte-buddy:1.14.13	commons-io:commons-io:2.16.1	scope test
org.springframework.boot:spring-boot-maven-plugin:4.1.1	net.bytebuddy:byte-buddy-agent:1.14.13	commons-io:commons-io:2.16.1	scope test
org.springframework.boot:spring-boot-maven-plugin:4.1.1	org.mockito:mockito-inline:4.11.0	commons-io:commons-io:2.16.1	scope test
org.springframework.boot:spring-boot-maven-plugin:4.1.1	com.google.jimfs:jimfs:1.3.0	commons-io:commons-io:2.16.1	scope test
org.springframework.boot:spring-boot-maven-plugin:4.1.1	org.apache.commons:commons-lang3:3.14.0	commons-io:commons-io:2.16.1	scope test
org.springframework.boot:spring-boot-maven-plugin:4.1.1	commons-codec:commons-codec:1.16.1	commons-io:commons-io:2.16.1	scope test
org.springframework.boot:spring-boot-maven-plugin:4.1.1	org.openjdk.jmh:jmh-core:1.37	commons-io:commons-io:2.16.1	scope test
org.springframework.boot:spring-boot-maven-plugin:4.1.1	org.openjdk.jmh:jmh-generator-annprocess:1.37	commons-io:commons-io:2.16.1	scope test
org.springframework.boot:spring-boot-maven-plugin:4.1.1	junit:junit:4.13.2	org.vafer:jdependency:2.10	scope test
org.springframework.boot:spring-boot-maven-plugin:4.1.1	org.apache.commons:commons-lang3:3.14.0	commons-codec:commons-codec:1.17.1	scope test
org.springframework.boot:spring-boot-maven-plugin:4.1.1	commons-io:commons-io:2.16.1	commons-codec:commons-codec:1.17.1	scope test
org.springframework.boot:spring-boot-maven-plugin:4.1.1	org.hamcrest:hamcrest:2.2	commons-codec:commons-codec:1.17.1	scope test
org.springframework.boot:spring-boot-maven-plugin:4.1.1	org.junit.jupiter:junit-jupiter-engine:5.11.0-M2	commons-codec:commons-codec:1.17.1	scope test
org.springframework.boot:spring-boot-maven-plugin:4.1.1	org.junit.jupiter:junit-jupiter-params:5.11.0-M2	commons-codec:commons-codec:1.17.1	scope test
org.springframework.boot:spring-boot-maven-plugin:4.1.1	commons-io:commons-io:2.16.1	org.apache.commons:commons-compress:1.27.1	nearest/first selected commons-io:commons-io:2.16.1
org.springframework.boot:spring-boot-maven-plugin:4.1.1	org.junit.jupiter:junit-jupiter:5.11.0-M2	org.apache.commons:commons-lang3:3.16.0	scope test
org.springframework.boot:spring-boot-maven-plugin:4.1.1	org.junit-pioneer:junit-pioneer:1.9.1	org.apache.commons:commons-lang3:3.16.0	scope test
org.springframework.boot:spring-boot-maven-plugin:4.1.1	org.hamcrest:hamcrest:2.2	org.apache.commons:commons-lang3:3.16.0	scope test
org.springframework.boot:spring-boot-maven-plugin:4.1.1	org.easymock:easymock:5.3.0	org.apache.commons:commons-lang3:3.16.0	scope test
org.springframework.boot:spring-boot-maven-plugin:4.1.1	org.apache.commons:commons-text:1.12.0	org.apache.commons:commons-lang3:3.16.0	scope provided
org.springframework.boot:spring-boot-maven-plugin:4.1.1	org.openjdk.jmh:jmh-core:1.37	org.apache.commons:commons-lang3:3.16.0	scope test
org.springframework.boot:spring-boot-maven-plugin:4.1.1	org.openjdk.jmh:jmh-generator-annprocess:1.37	org.apache.commons:commons-lang3:3.16.0	scope test
org.springframework.boot:spring-boot-maven-plugin:4.1.1	com.google.code.findbugs:jsr305:3.0.2	org.apache.commons:commons-lang3:3.16.0	scope test
org.springframework.boot:spring-boot-maven-plugin:4.1.1	org.junit.jupiter:junit-jupiter:5.13.3	org.apache.httpcomponents.core5:httpcore5:5.4.3	scope test
org.springframework.boot:spring-boot-maven-plugin:4.1.1	org.hamcrest:hamcrest:3.0	org.apache.httpcomponents.core5:httpcore5:5.4.3	scope test
org.springframework.boot:spring-boot-maven-plugin:4.1.1	org.mockito:mockito-core:4.11.0	org.apache.httpcomponents.core5:httpcore5:5.4.3	scope test
org.springframework.boot:spring-boot-maven-plugin:4.1.1	org.slf4j:slf4j-api:1.7.36	org.apache.httpcomponents.core5:httpcore5:5.4.3	scope test
org.springframework.boot:spring-boot-maven-plugin:4.1.1	org.apache.logging.log4j:log4j-slf4j-impl:2.25.0	org.apache.httpcomponents.core5:httpcore5:5.4.3	scope test
org.springframework.boot:spring-boot-maven-plugin:4.1.1	org.apache.logging.log4j:log4j-core:2.25.0	org.apache.httpcomponents.core5:httpcore5:5.4.3	scope test
org.springframework.boot:spring-boot-maven-plugin:4.1.1	org.conscrypt:conscrypt-openjdk-uber:2.5.2	org.apache.httpcomponents.core5:httpcore5-h2:5.4.3	optional
org.springframework.boot:spring-boot-maven-plugin:4.1.1	org.junit.jupiter:junit-jupiter:5.13.3	org.apache.httpcomponents.core5:httpcore5-h2:5.4.3	scope test
org.springframework.boot:spring-boot-maven-plugin:4.1.1	org.hamcrest:hamcrest:3.0	org.apache.httpcomponents.core5:httpcore5-h2:5.4.3	scope test
org.springframework.boot:spring-boot-maven-plugin:4.1.1	org.mockito:mockito-core:4.11.0	org.apache.httpcomponents.core5:httpcore5-h2:5.4.3	scope test
org.springframework.boot:spring-boot-maven-plugin:4.1.1	org.slf4j:slf4j-api:1.7.36	org.apache.httpcomponents.core5:httpcore5-h2:5.4.3	scope test
org.springframework.boot:spring-boot-maven-plugin:4.1.1	org.apache.logging.log4j:log4j-slf4j-impl:2.25.0	org.apache.httpcomponents.core5:httpcore5-h2:5.4.3	scope test
org.springframework.boot:spring-boot-maven-plugin:4.1.1	org.apache.logging.log4j:log4j-core:2.25.0	org.apache.httpcomponents.core5:httpcore5-h2:5.4.3	scope test
org.springframework.boot:spring-boot-maven-plugin:4.1.1	org.slf4j:slf4j-api:1.7.36	org.apache.httpcomponents.client5:httpclient5:5.6.4	nearest/first selected org.slf4j:slf4j-api:1.7.36
org.springframework.boot:spring-boot-maven-plugin:4.1.1	org.junit.jupiter:junit-jupiter:5.14.1	com.fasterxml.jackson.core:jackson-annotations:2.21	scope test
org.springframework.boot:spring-boot-maven-plugin:4.1.1	junit:junit:4.12	org.apache.maven.resolver:maven-resolver-api:1.4.1	scope test
org.springframework.boot:spring-boot-maven-plugin:4.1.1	org.hamcrest:hamcrest-core:1.3	org.apache.maven.resolver:maven-resolver-api:1.4.1	scope test
org.springframework.boot:spring-boot-maven-plugin:4.1.1	org.mockito:mockito-core:2.23.0	org.apache.maven.resolver:maven-resolver-api:1.4.1	scope test
org.springframework.boot:spring-boot-maven-plugin:4.1.1	org.springframework:spring-beans:7.0.9	org.springframework:spring-aop:7.0.9	nearest/first selected org.springframework:spring-beans:7.0.9
org.springframework.boot:spring-boot-maven-plugin:4.1.1	org.springframework:spring-core:7.0.9	org.springframework:spring-aop:7.0.9	nearest/first selected org.springframework:spring-core:7.0.9
org.springframework.boot:spring-boot-maven-plugin:4.1.1	org.springframework:spring-core:7.0.9	org.springframework:spring-beans:7.0.9	nearest/first selected org.springframework:spring-core:7.0.9
org.springframework.boot:spring-boot-maven-plugin:4.1.1	org.springframework:spring-core:7.0.9	org.springframework:spring-expression:7.0.9	nearest/first selected org.springframework:spring-core:7.0.9
org.springframework.boot:spring-boot-maven-plugin:4.1.1	org.jspecify:jspecify:1.0.1	io.micrometer:micrometer-observation:1.16.7	nearest/first selected org.jspecify:jspecify:1.0.0
org.springframework.boot:spring-boot-maven-plugin:4.1.1	com.google.code.findbugs:jsr305:3.0.2	io.micrometer:micrometer-commons:1.16.7	optional
org.springframework.boot:spring-boot-maven-plugin:4.1.1	ch.qos.logback:logback-classic:1.2.13	io.micrometer:micrometer-commons:1.16.7	optional
org.springframework.boot:spring-boot-maven-plugin:4.1.1	org.aspectj:aspectjrt:1.9.24	io.micrometer:micrometer-commons:1.16.7	optional
org.springframework.boot:spring-boot-maven-plugin:4.1.1	org.ow2.asm:asm:9.7	org.ow2.asm:asm-commons:9.7	nearest/first selected org.ow2.asm:asm:9.7
org.springframework.boot:spring-boot-maven-plugin:4.1.1	org.apache.httpcomponents.core5:httpcore5:5.4.3	org.apache.httpcomponents.core5:httpcore5-h2:5.4.3	nearest/first selected org.apache.httpcomponents.core5:httpcore5:5.4.3
org.springframework.boot:spring-boot-maven-plugin:4.1.1	org.jspecify:jspecify:1.0.1	io.micrometer:micrometer-commons:1.16.7	nearest/first selected org.jspecify:jspecify:1.0.0
org.springframework.boot:spring-boot-maven-plugin:4.1.1	org.ow2.asm:asm:9.7	org.ow2.asm:asm-tree:9.7	nearest/first selected org.ow2.asm:asm:9.7
