coordinate	jar_path	jar_sha256	embedded_legal_entries	f05_disposition	classifier	identity_basis	rights_basis	obligation_set	proposed_rights_disposition	rights_intake_disposition
aopalliance:aopalliance:1.0	/home/phuclam/.m2/wrapper/dists/apache-maven-3.9.16/510fba38/lib/aopalliance-1.0.jar	0addec670fedcd3f113c5c8091d783280d23f75e3acb841b61a9cdb079376a08	NONE_OBSERVED	NOT_ADMITTED	NONE	M_LICENSE_EXACT_PATH_GAV_AND_AOP_CLASSES	M/LICENSE;M/lib/aopalliance.license;https://aopalliance.sourceforge.net/	PD	APPROVED-WITH-OBLIGATIONS_PROPOSED	APPROVED-WITH-OBLIGATIONS
org.ow2.asm:asm:9.9.1	/home/phuclam/.m2/wrapper/dists/apache-maven-3.9.16/510fba38/lib/asm-9.9.1.jar	6f3828a215c920059a5efa2fb55c233d6c54ec5cadca99ce1b1bdd10077c7ddd	NONE_OBSERVED	NOT_ADMITTED	NONE	EXACT_CACHED_JAR_HASH_AND_M_LICENSE_MAPPING	M/LICENSE;M/lib/asm.license	BSD3	APPROVED-WITH-OBLIGATIONS_PROPOSED	APPROVED-WITH-OBLIGATIONS
commons-cli:commons-cli:1.11.0	/home/phuclam/.m2/wrapper/dists/apache-maven-3.9.16/510fba38/lib/commons-cli-1.11.0.jar	8f7f8605d68e15bf32db61ec94eac6fdafc51b1bdbe1e0e0802b57d23f387792	META-INF/LICENSE.txt#sha256=1026f64d432cae95d3ab3a850b8e273bef961682c8259e914ca406e5f9c35b09;META-INF/NOTICE.txt#sha256=51a5abdfc537ff4f07081271ba2938e5146f630c293e22ccd7fa178a32212f02	NOT_ADMITTED	NONE	EMBEDDED_POM_PROPERTIES	JAR_EMBEDDED_LICENSE_NOTICE_LIST	AP2	APPROVED-WITH-OBLIGATIONS_PROPOSED	APPROVED-WITH-OBLIGATIONS
commons-codec:commons-codec:1.21.0	/home/phuclam/.m2/wrapper/dists/apache-maven-3.9.16/510fba38/lib/commons-codec-1.21.0.jar	4da851cb6abfb98bfe9eb77c5e5fc47f5414fa28b94e21b7fd9a646705dc167f	META-INF/LICENSE.txt#sha256=b1d2870f1a00e4d7f56576e5f0870cba109e041f8af66866cf5b499478e654e7;META-INF/NOTICE.txt#sha256=d82503df1b65173afe535a2f753d27c25377f7f6e9d0b19b4665af617df14750	NOT_ADMITTED	NONE	EMBEDDED_POM_PROPERTIES	JAR_EMBEDDED_LICENSE_NOTICE_LIST	AP2	APPROVED-WITH-OBLIGATIONS_PROPOSED	APPROVED-WITH-OBLIGATIONS
com.google.errorprone:error_prone_annotations:2.41.0	/home/phuclam/.m2/wrapper/dists/apache-maven-3.9.16/510fba38/lib/error_prone_annotations-2.41.0.jar	a56e782b5b50811ac204073a355a21d915a2107fce13ec711331ad036f660fcc	NONE_OBSERVED	NOT_ADMITTED	NONE	EMBEDDED_POM_PROPERTIES	M/LICENSE;M/lib/error_prone_annotations.license	AP2	APPROVED-WITH-OBLIGATIONS_PROPOSED	APPROVED-WITH-OBLIGATIONS
com.google.guava:failureaccess:1.0.3	/home/phuclam/.m2/wrapper/dists/apache-maven-3.9.16/510fba38/lib/failureaccess-1.0.3.jar	cbfc3906b19b8f55dd7cfd6dfe0aa4532e834250d7f080bd8d211a3e246b59cb	META-INF/LICENSE#sha256=cfc7749b96f63bd31c3c42b5c471bf756814053e847c10f3eb003417bc523d30	NOT_ADMITTED	NONE	EMBEDDED_POM_PROPERTIES	JAR_EMBEDDED_LICENSE_NOTICE_LIST	AP2	APPROVED-WITH-OBLIGATIONS_PROPOSED	APPROVED-WITH-OBLIGATIONS
com.google.code.gson:gson:2.13.2	/home/phuclam/.m2/wrapper/dists/apache-maven-3.9.16/510fba38/lib/gson-2.13.2.jar	dd0ce1b55a3ed2080cb70f9c655850cda86c206862310009dcb5e5c95265a5e0	NONE_OBSERVED	NOT_ADMITTED	NONE	EMBEDDED_POM_PROPERTIES	M/LICENSE;M/lib/gson.license	AP2	APPROVED-WITH-OBLIGATIONS_PROPOSED	APPROVED-WITH-OBLIGATIONS
com.google.guava:guava:33.6.0-jre	/home/phuclam/.m2/wrapper/dists/apache-maven-3.9.16/510fba38/lib/guava-33.6.0-jre.jar	dc573e1fca4fd5454f4a5fd3d7da2df03002876a4175bafc14a95980dd7713b3	META-INF/LICENSE#sha256=cfc7749b96f63bd31c3c42b5c471bf756814053e847c10f3eb003417bc523d30	NOT_ADMITTED	NONE	EMBEDDED_POM_PROPERTIES	JAR_EMBEDDED_LICENSE_NOTICE_LIST	AP2	APPROVED-WITH-OBLIGATIONS_PROPOSED	APPROVED-WITH-OBLIGATIONS
com.google.inject:guice:5.1.0	/home/phuclam/.m2/wrapper/dists/apache-maven-3.9.16/510fba38/lib/guice-5.1.0-classes.jar	142ad4475e19524d2fe3ac995b3f7cbc962fc726f2edb9dbdccc61feab9b2bf9	META-INF/LICENSE#sha256=cfc7749b96f63bd31c3c42b5c471bf756814053e847c10f3eb003417bc523d30;META-INF/NOTICE#sha256=7e7f20226f26a1c2693c5422fc14c1c961d2b56c928d60ac881ab5ad4735025f	NOT_ADMITTED	classes	MAVEN_3.9.16_PARENT_AND_EMBEDDED_CORE_EMBEDDER_POMS_PLUS_GUICE_MANIFEST	M/lib/guice.license;JAR!META-INF/LICENSE;JAR!META-INF/NOTICE;M/LICENSE	AP2	APPROVED-WITH-OBLIGATIONS_PROPOSED	APPROVED-WITH-OBLIGATIONS
org.apache.httpcomponents:httpclient:4.5.14	/home/phuclam/.m2/wrapper/dists/apache-maven-3.9.16/510fba38/lib/httpclient-4.5.14.jar	c8bc7e1c51a6d4ce72f40d2ebbabf1c4b68bfe76e732104b04381b493478e9d6	META-INF/NOTICE#sha256=f5783fbb52e5fcfb26b6916ce3bb9c717d22759b030cee6deaa03145f1f8d819;META-INF/LICENSE#sha256=cfc7749b96f63bd31c3c42b5c471bf756814053e847c10f3eb003417bc523d30	NOT_ADMITTED	NONE	EMBEDDED_POM_PROPERTIES	JAR_EMBEDDED_LICENSE_NOTICE_LIST	AP2	APPROVED-WITH-OBLIGATIONS_PROPOSED	APPROVED-WITH-OBLIGATIONS
org.apache.httpcomponents:httpcore:4.4.16	/home/phuclam/.m2/wrapper/dists/apache-maven-3.9.16/510fba38/lib/httpcore-4.4.16.jar	6c9b3dd142a09dc468e23ad39aad6f75a0f2b85125104469f026e52a474e464f	META-INF/NOTICE#sha256=a8ff0d486f1bdd29331e0e244f96245354779ef818ec25ecd60545ad335b68da;META-INF/LICENSE#sha256=cfc7749b96f63bd31c3c42b5c471bf756814053e847c10f3eb003417bc523d30	NOT_ADMITTED	NONE	EMBEDDED_POM_PROPERTIES	JAR_EMBEDDED_LICENSE_NOTICE_LIST	AP2	APPROVED-WITH-OBLIGATIONS_PROPOSED	APPROVED-WITH-OBLIGATIONS
org.fusesource.jansi:jansi:2.4.3	/home/phuclam/.m2/wrapper/dists/apache-maven-3.9.16/510fba38/lib/jansi-2.4.3.jar	ec168cf31c4c3849348dfff7a04e90170615f7784f1255ee6747b98a854c04c5	NONE_OBSERVED	NOT_ADMITTED	NONE	EMBEDDED_POM_PROPERTIES	M/LICENSE;M/lib/jansi.license	AP2	APPROVED-WITH-OBLIGATIONS_PROPOSED	APPROVED-WITH-OBLIGATIONS
javax.annotation:javax.annotation-api:1.3.2	/home/phuclam/.m2/wrapper/dists/apache-maven-3.9.16/510fba38/lib/javax.annotation-api-1.3.2.jar	e04ba5195bcd555dc95650f7cc614d151e4bcd52d29a10b8aa2197f3ab89ab9b	META-INF/LICENSE.txt#sha256=a4c80869daf4350b6773bd5e6ee1d0a6cc52b63db3a3d2dc20961b0cdd272a5c	NOT_ADMITTED	NONE	EMBEDDED_POM_PROPERTIES	M/LICENSE;M/lib/javax.annotation-api.license;JAR!META-INF/LICENSE.txt	CDDL_GPL_CE	BLOCKED-LEGAL	BLOCKED-LEGAL
javax.inject:javax.inject:1	/home/phuclam/.m2/wrapper/dists/apache-maven-3.9.16/510fba38/lib/javax.inject-1.jar	91c77044a50c481636c32d916fd89c9118a72195390452c81065080f957de7ff	NONE_OBSERVED	NOT_ADMITTED	NONE	EXACT_CACHED_JAR_HASH_AND_M_LICENSE_MAPPING	M/LICENSE;M/lib/lib/javax.inject.license	AP2	APPROVED-WITH-OBLIGATIONS_PROPOSED	APPROVED-WITH-OBLIGATIONS
org.slf4j:jcl-over-slf4j:1.7.36	/home/phuclam/.m2/wrapper/dists/apache-maven-3.9.16/510fba38/lib/jcl-over-slf4j-1.7.36.jar	ab57ca8fd223772c17365d121f59e94ecbf0ae59d08c03a3cb5b81071c019195	NONE_OBSERVED	NOT_ADMITTED	NONE	EMBEDDED_POM_PROPERTIES	M/LICENSE;M/lib/jcl-over-slf4j.license	AP2	APPROVED-WITH-OBLIGATIONS_PROPOSED	APPROVED-WITH-OBLIGATIONS
org.jspecify:jspecify:1.0.0	/home/phuclam/.m2/wrapper/dists/apache-maven-3.9.16/510fba38/lib/jspecify-1.0.0.jar	1fad6e6be7557781e4d33729d49ae1cdc8fdda6fe477bb0cc68ce351eafdfbab	NONE_OBSERVED	NOT_ADMITTED	NONE	EXACT_CACHED_JAR_HASH_AND_M_LICENSE_MAPPING	M/LICENSE;M/lib/lib/jspecify.license	AP2	APPROVED-WITH-OBLIGATIONS_PROPOSED	APPROVED-WITH-OBLIGATIONS
org.apache.maven:maven-artifact:3.9.16	/home/phuclam/.m2/wrapper/dists/apache-maven-3.9.16/510fba38/lib/maven-artifact-3.9.16.jar	54cc1c1ef932e3d4a903352111b42b4d3c3ed8e7a1d0de73b625309d9c3ad3e8	META-INF/LICENSE#sha256=cfc7749b96f63bd31c3c42b5c471bf756814053e847c10f3eb003417bc523d30;META-INF/NOTICE#sha256=31be9ee92ec5e7816b8c5f0b8324890be657810b4497b29ae35b1e1c7852d097	NOT_ADMITTED	NONE	EMBEDDED_POM_PROPERTIES	JAR_EMBEDDED_LICENSE_NOTICE_LIST	AP2	APPROVED-WITH-OBLIGATIONS_PROPOSED	APPROVED-WITH-OBLIGATIONS
org.apache.maven:maven-builder-support:3.9.16	/home/phuclam/.m2/wrapper/dists/apache-maven-3.9.16/510fba38/lib/maven-builder-support-3.9.16.jar	02972384eae3495801565fd27abb84cfd75a8e6d2cbb1ae0c556752ebc2b1cde	META-INF/LICENSE#sha256=cfc7749b96f63bd31c3c42b5c471bf756814053e847c10f3eb003417bc523d30;META-INF/NOTICE#sha256=defb52f4417346dcf425a3f204020e478b94480a8210f6a56469e2eb48a5acd7	NOT_ADMITTED	NONE	EMBEDDED_POM_PROPERTIES	JAR_EMBEDDED_LICENSE_NOTICE_LIST	AP2	APPROVED-WITH-OBLIGATIONS_PROPOSED	APPROVED-WITH-OBLIGATIONS
org.apache.maven:maven-compat:3.9.16	/home/phuclam/.m2/wrapper/dists/apache-maven-3.9.16/510fba38/lib/maven-compat-3.9.16.jar	69ea74479f87457d29bfdecf11e1470ad95300b06be16f4c8ddcf5bd3627f4dc	META-INF/LICENSE#sha256=cfc7749b96f63bd31c3c42b5c471bf756814053e847c10f3eb003417bc523d30;META-INF/NOTICE#sha256=62bad2b029b4435183f3e8b0443903f322365b10bea78dfaf4b915f5cff7a0db	NOT_ADMITTED	NONE	EMBEDDED_POM_PROPERTIES	JAR_EMBEDDED_LICENSE_NOTICE_LIST	AP2	APPROVED-WITH-OBLIGATIONS_PROPOSED	APPROVED-WITH-OBLIGATIONS
org.apache.maven:maven-core:3.9.16	/home/phuclam/.m2/wrapper/dists/apache-maven-3.9.16/510fba38/lib/maven-core-3.9.16.jar	5d45c72e3dbfab8b68d15ad4f12777b7d9b5fe4d4adc99c3bd51fb9641fab009	META-INF/LICENSE#sha256=cfc7749b96f63bd31c3c42b5c471bf756814053e847c10f3eb003417bc523d30;META-INF/NOTICE#sha256=28605677c6f879cf57b6bee3ff036bb42b70aace38be0bf7839d3a37a1554c02	NOT_ADMITTED	NONE	EMBEDDED_POM_PROPERTIES	JAR_EMBEDDED_LICENSE_NOTICE_LIST	AP2	APPROVED-WITH-OBLIGATIONS_PROPOSED	APPROVED-WITH-OBLIGATIONS
org.apache.maven:maven-embedder:3.9.16	/home/phuclam/.m2/wrapper/dists/apache-maven-3.9.16/510fba38/lib/maven-embedder-3.9.16.jar	a99aaac6ecb1b98d0f3b3ba18c16a122fc503412222055639a3eb4cbe458313b	META-INF/LICENSE#sha256=cfc7749b96f63bd31c3c42b5c471bf756814053e847c10f3eb003417bc523d30;META-INF/NOTICE#sha256=45572c49e6a0d30d103349bc038aebf76608a49ac73eea3a7d67e2cb912a4d2e	NOT_ADMITTED	NONE	EMBEDDED_POM_PROPERTIES	JAR_EMBEDDED_LICENSE_NOTICE_LIST	AP2	APPROVED-WITH-OBLIGATIONS_PROPOSED	APPROVED-WITH-OBLIGATIONS
org.apache.maven:maven-model:3.9.16	/home/phuclam/.m2/wrapper/dists/apache-maven-3.9.16/510fba38/lib/maven-model-3.9.16.jar	f59d86a507c241bf17bbf050050d1b8b9c0d34d5010a7e2386c3cab7c83b93de	META-INF/LICENSE#sha256=cfc7749b96f63bd31c3c42b5c471bf756814053e847c10f3eb003417bc523d30;META-INF/NOTICE#sha256=998489073acc293f77709d6fc93a9cfce5c38580b2bc3cce23e09382a2da8b23;org/apache/maven/model/License.class#sha256=f7dadf1f38269aac02dadc043a982cc9b1877b2a015b3df8a3c50bc24f16b798;org/apache/maven/model/merge/ModelMerger$LicenseKeyComputer.class#sha256=9185785dcf5a395ed3bfbb8f50467efed75fe0281a9712ca97c1d45b07943222	NOT_ADMITTED	NONE	EMBEDDED_POM_PROPERTIES	JAR_EMBEDDED_LICENSE_NOTICE_LIST	AP2	APPROVED-WITH-OBLIGATIONS_PROPOSED	APPROVED-WITH-OBLIGATIONS
org.apache.maven:maven-model-builder:3.9.16	/home/phuclam/.m2/wrapper/dists/apache-maven-3.9.16/510fba38/lib/maven-model-builder-3.9.16.jar	002be86d1f53b36f559a0786034a17598d71087f1935f205a1f9e51d4dd124b3	META-INF/LICENSE#sha256=cfc7749b96f63bd31c3c42b5c471bf756814053e847c10f3eb003417bc523d30;META-INF/NOTICE#sha256=6623556e8ed29bbf1b0aec5bddc3b80351a8aeca89a9841c468e1cfeacf3d542	NOT_ADMITTED	NONE	EMBEDDED_POM_PROPERTIES	JAR_EMBEDDED_LICENSE_NOTICE_LIST	AP2	APPROVED-WITH-OBLIGATIONS_PROPOSED	APPROVED-WITH-OBLIGATIONS
org.apache.maven:maven-plugin-api:3.9.16	/home/phuclam/.m2/wrapper/dists/apache-maven-3.9.16/510fba38/lib/maven-plugin-api-3.9.16.jar	37cb5e483e23327cf4ba18f920b45e000d20eec0428a086a5c1bd6bbdecf088c	META-INF/LICENSE#sha256=cfc7749b96f63bd31c3c42b5c471bf756814053e847c10f3eb003417bc523d30;META-INF/NOTICE#sha256=80f2f5f12b296c6382f9f06c78bd97cc790d87dda55f1bfa480df932c38dfffb	NOT_ADMITTED	NONE	EMBEDDED_POM_PROPERTIES	JAR_EMBEDDED_LICENSE_NOTICE_LIST	AP2	APPROVED-WITH-OBLIGATIONS_PROPOSED	APPROVED-WITH-OBLIGATIONS
org.apache.maven:maven-repository-metadata:3.9.16	/home/phuclam/.m2/wrapper/dists/apache-maven-3.9.16/510fba38/lib/maven-repository-metadata-3.9.16.jar	bc3dd413b89a16b695f35a5d0496b58ea2787c30b7b6062c130d24d6d764720f	META-INF/LICENSE#sha256=cfc7749b96f63bd31c3c42b5c471bf756814053e847c10f3eb003417bc523d30;META-INF/NOTICE#sha256=56e2eaaf98b59d03b6174bd69e711444b4348c8b6488666cdb351d83117c7f88	NOT_ADMITTED	NONE	EMBEDDED_POM_PROPERTIES	JAR_EMBEDDED_LICENSE_NOTICE_LIST	AP2	APPROVED-WITH-OBLIGATIONS_PROPOSED	APPROVED-WITH-OBLIGATIONS
org.apache.maven.resolver:maven-resolver-api:1.9.27	/home/phuclam/.m2/wrapper/dists/apache-maven-3.9.16/510fba38/lib/maven-resolver-api-1.9.27.jar	a895d222283666a7320ddc76615e2e93a41fabd93ce9a6bf9ddee39272bb87b4	META-INF/LICENSE#sha256=cfc7749b96f63bd31c3c42b5c471bf756814053e847c10f3eb003417bc523d30;META-INF/NOTICE#sha256=6e15450c1b62263a9d69b17dfda2da954b111574bd391b5f0ffd1fc6780029e9	NOT_ADMITTED	NONE	EMBEDDED_POM_PROPERTIES	JAR_EMBEDDED_LICENSE_NOTICE_LIST	AP2	APPROVED-WITH-OBLIGATIONS_PROPOSED	APPROVED-WITH-OBLIGATIONS
org.apache.maven.resolver:maven-resolver-connector-basic:1.9.27	/home/phuclam/.m2/wrapper/dists/apache-maven-3.9.16/510fba38/lib/maven-resolver-connector-basic-1.9.27.jar	3bd98e3a426f9adcae39e3786db229e2be77e08a743ecd9be15c5ed77be3a625	META-INF/LICENSE#sha256=cfc7749b96f63bd31c3c42b5c471bf756814053e847c10f3eb003417bc523d30;META-INF/NOTICE#sha256=218266e61fa7bc44ccb758a899a18460c4700e2c1c52985de8167919a87132ea	NOT_ADMITTED	NONE	EMBEDDED_POM_PROPERTIES	JAR_EMBEDDED_LICENSE_NOTICE_LIST	AP2	APPROVED-WITH-OBLIGATIONS_PROPOSED	APPROVED-WITH-OBLIGATIONS
org.apache.maven.resolver:maven-resolver-impl:1.9.27	/home/phuclam/.m2/wrapper/dists/apache-maven-3.9.16/510fba38/lib/maven-resolver-impl-1.9.27.jar	295d48ea2a8bb3aef51888967f105fb6251997d111f13c32d28919fd9b1c951e	META-INF/LICENSE#sha256=cfc7749b96f63bd31c3c42b5c471bf756814053e847c10f3eb003417bc523d30;META-INF/NOTICE#sha256=8e67504dc783f825fec9f109e8aa192d30da75d940d42f9bc14f3ed192b200a1	NOT_ADMITTED	NONE	EMBEDDED_POM_PROPERTIES	JAR_EMBEDDED_LICENSE_NOTICE_LIST	AP2	APPROVED-WITH-OBLIGATIONS_PROPOSED	APPROVED-WITH-OBLIGATIONS
org.apache.maven.resolver:maven-resolver-named-locks:1.9.27	/home/phuclam/.m2/wrapper/dists/apache-maven-3.9.16/510fba38/lib/maven-resolver-named-locks-1.9.27.jar	b39ecd4da98fdac5068e6f5d16910a71f4e4d48e95e17d107f6603e18f2b3fdf	META-INF/LICENSE#sha256=cfc7749b96f63bd31c3c42b5c471bf756814053e847c10f3eb003417bc523d30;META-INF/NOTICE#sha256=dd05cd6b7b024023d8a5551d782bf043a3e735dbc82551ec87e387c5db785b85	NOT_ADMITTED	NONE	EMBEDDED_POM_PROPERTIES	JAR_EMBEDDED_LICENSE_NOTICE_LIST	AP2	APPROVED-WITH-OBLIGATIONS_PROPOSED	APPROVED-WITH-OBLIGATIONS
org.apache.maven:maven-resolver-provider:3.9.16	/home/phuclam/.m2/wrapper/dists/apache-maven-3.9.16/510fba38/lib/maven-resolver-provider-3.9.16.jar	72a2d6aad3708e2c708b659b292ae9587a4d170ec88f48466290318730221118	META-INF/LICENSE#sha256=cfc7749b96f63bd31c3c42b5c471bf756814053e847c10f3eb003417bc523d30;META-INF/NOTICE#sha256=2a35eeb966a16daaff0b3ca5341e2e9a1abf1d6a343df34b2b602bf01eb1bab3	NOT_ADMITTED	NONE	EMBEDDED_POM_PROPERTIES	JAR_EMBEDDED_LICENSE_NOTICE_LIST	AP2	APPROVED-WITH-OBLIGATIONS_PROPOSED	APPROVED-WITH-OBLIGATIONS
org.apache.maven.resolver:maven-resolver-spi:1.9.27	/home/phuclam/.m2/wrapper/dists/apache-maven-3.9.16/510fba38/lib/maven-resolver-spi-1.9.27.jar	1cab02f45bc58d5f4d8e084eaf032f13ea1a5fc9021d8bd74f8360ebb6593e5a	META-INF/LICENSE#sha256=cfc7749b96f63bd31c3c42b5c471bf756814053e847c10f3eb003417bc523d30;META-INF/NOTICE#sha256=aa64944d36d3c1a3ab7bca98a524e6e1519c835ec5fe8584be82b9aac0f91ae8	NOT_ADMITTED	NONE	EMBEDDED_POM_PROPERTIES	JAR_EMBEDDED_LICENSE_NOTICE_LIST	AP2	APPROVED-WITH-OBLIGATIONS_PROPOSED	APPROVED-WITH-OBLIGATIONS
org.apache.maven.resolver:maven-resolver-transport-file:1.9.27	/home/phuclam/.m2/wrapper/dists/apache-maven-3.9.16/510fba38/lib/maven-resolver-transport-file-1.9.27.jar	3988261bd31e2e79eda802b3971992fce44756b0029557a05c7b871d3c3ddef7	META-INF/LICENSE#sha256=cfc7749b96f63bd31c3c42b5c471bf756814053e847c10f3eb003417bc523d30;META-INF/NOTICE#sha256=998ecc03ca11a1659be53f0fc655b5753e9e7c0e59f0aafe358c28af83caa222	NOT_ADMITTED	NONE	EMBEDDED_POM_PROPERTIES	JAR_EMBEDDED_LICENSE_NOTICE_LIST	AP2	APPROVED-WITH-OBLIGATIONS_PROPOSED	APPROVED-WITH-OBLIGATIONS
org.apache.maven.resolver:maven-resolver-transport-http:1.9.27	/home/phuclam/.m2/wrapper/dists/apache-maven-3.9.16/510fba38/lib/maven-resolver-transport-http-1.9.27.jar	723f3d9d717a693d0aac589e266b995f76e9c63edd48ecc8a0cf9e86a77e459c	META-INF/LICENSE#sha256=cfc7749b96f63bd31c3c42b5c471bf756814053e847c10f3eb003417bc523d30;META-INF/NOTICE#sha256=a3110de601ef24a05b353fce5d0793e16e2d43661d9a5f6c3709cebe587f205c	NOT_ADMITTED	NONE	EMBEDDED_POM_PROPERTIES	JAR_EMBEDDED_LICENSE_NOTICE_LIST	AP2	APPROVED-WITH-OBLIGATIONS_PROPOSED	APPROVED-WITH-OBLIGATIONS
org.apache.maven.resolver:maven-resolver-transport-wagon:1.9.27	/home/phuclam/.m2/wrapper/dists/apache-maven-3.9.16/510fba38/lib/maven-resolver-transport-wagon-1.9.27.jar	ddf1c8744f7ef50d8ab78526611b690ab1da0e9ad8d99f72d9dbe1b259aa9a8b	META-INF/LICENSE#sha256=cfc7749b96f63bd31c3c42b5c471bf756814053e847c10f3eb003417bc523d30;META-INF/NOTICE#sha256=e895861ded9feba7feed2d42fa870a133f004495ecc60100d8c44024d4335933	NOT_ADMITTED	NONE	EMBEDDED_POM_PROPERTIES	JAR_EMBEDDED_LICENSE_NOTICE_LIST	AP2	APPROVED-WITH-OBLIGATIONS_PROPOSED	APPROVED-WITH-OBLIGATIONS
org.apache.maven.resolver:maven-resolver-util:1.9.27	/home/phuclam/.m2/wrapper/dists/apache-maven-3.9.16/510fba38/lib/maven-resolver-util-1.9.27.jar	74a12548f0d6aad13c728666288c1e81201c24bd05bb4e4ec8c1558517b379a7	META-INF/LICENSE#sha256=cfc7749b96f63bd31c3c42b5c471bf756814053e847c10f3eb003417bc523d30;META-INF/NOTICE#sha256=58f4cdc004bd37917196e35a54278a9622a8cd3f2dee761e8ff5410e67276314	NOT_ADMITTED	NONE	EMBEDDED_POM_PROPERTIES	JAR_EMBEDDED_LICENSE_NOTICE_LIST	AP2	APPROVED-WITH-OBLIGATIONS_PROPOSED	APPROVED-WITH-OBLIGATIONS
org.apache.maven:maven-settings:3.9.16	/home/phuclam/.m2/wrapper/dists/apache-maven-3.9.16/510fba38/lib/maven-settings-3.9.16.jar	322ae5b23f4b7b6ce7896bd33a793143dbbbbcc16c4475e2d7eebbd8f755da92	META-INF/LICENSE#sha256=cfc7749b96f63bd31c3c42b5c471bf756814053e847c10f3eb003417bc523d30;META-INF/NOTICE#sha256=384ce0fba8bfa11b3e6339a15d89f5cb50ba8563751132cf2617c6a0cd035630	NOT_ADMITTED	NONE	EMBEDDED_POM_PROPERTIES	JAR_EMBEDDED_LICENSE_NOTICE_LIST	AP2	APPROVED-WITH-OBLIGATIONS_PROPOSED	APPROVED-WITH-OBLIGATIONS
org.apache.maven:maven-settings-builder:3.9.16	/home/phuclam/.m2/wrapper/dists/apache-maven-3.9.16/510fba38/lib/maven-settings-builder-3.9.16.jar	226f1cbb0b4d414eff773fb151a8977837c98073e14d5963794e6cf464e6adbb	META-INF/LICENSE#sha256=cfc7749b96f63bd31c3c42b5c471bf756814053e847c10f3eb003417bc523d30;META-INF/NOTICE#sha256=e84ace342f6af7917321f8552cd9b1e0e5489fdf087486f9af3a2bd4ba248475	NOT_ADMITTED	NONE	EMBEDDED_POM_PROPERTIES	JAR_EMBEDDED_LICENSE_NOTICE_LIST	AP2	APPROVED-WITH-OBLIGATIONS_PROPOSED	APPROVED-WITH-OBLIGATIONS
org.apache.maven.shared:maven-shared-utils:3.4.2	/home/phuclam/.m2/wrapper/dists/apache-maven-3.9.16/510fba38/lib/maven-shared-utils-3.4.2.jar	b613357e1bad4dfc1dead801691c9460f9585fe7c6b466bc25186212d7d18487	META-INF/LICENSE#sha256=cfc7749b96f63bd31c3c42b5c471bf756814053e847c10f3eb003417bc523d30;META-INF/NOTICE#sha256=c53634c960163f00ba0b0147cc3dee5caf0e6a47bc9909a2fe94b7adcf5d983e	NOT_ADMITTED	NONE	EMBEDDED_POM_PROPERTIES	JAR_EMBEDDED_LICENSE_NOTICE_LIST	AP2	APPROVED-WITH-OBLIGATIONS_PROPOSED	APPROVED-WITH-OBLIGATIONS
org.apache.maven:maven-slf4j-provider:3.9.16	/home/phuclam/.m2/wrapper/dists/apache-maven-3.9.16/510fba38/lib/maven-slf4j-provider-3.9.16.jar	a435cb0fdfc9c906bdc1ef72f043f59fef23dfd0db5beb5dd1e17a0a07f99d52	META-INF/LICENSE#sha256=cfc7749b96f63bd31c3c42b5c471bf756814053e847c10f3eb003417bc523d30;META-INF/NOTICE#sha256=7f035c27140a861eb02e4302fb1cbebf9e0a69a7b9b02a6640c74e4bed8a4bbd	NOT_ADMITTED	NONE	EMBEDDED_POM_PROPERTIES	JAR_EMBEDDED_LICENSE_NOTICE_LIST	AP2	APPROVED-WITH-OBLIGATIONS_PROPOSED	APPROVED-WITH-OBLIGATIONS
org.eclipse.sisu:org.eclipse.sisu.inject:1.0.0	/home/phuclam/.m2/wrapper/dists/apache-maven-3.9.16/510fba38/lib/org.eclipse.sisu.inject-1.0.0.jar	3ab8d7bfe68f3b6ec95c1a0a47e628edbc9d76e90634cb0a0ba121fbb11b8e42	NONE_OBSERVED	NOT_ADMITTED	NONE	EMBEDDED_POM_PROPERTIES	M/LICENSE;M/lib/lib/org.eclipse.sisu.inject.license	EPL2	BLOCKED-LEGAL	BLOCKED-LEGAL
org.eclipse.sisu:org.eclipse.sisu.plexus:1.0.0	/home/phuclam/.m2/wrapper/dists/apache-maven-3.9.16/510fba38/lib/org.eclipse.sisu.plexus-1.0.0.jar	865b5300034fc08c790215d7d97f141914c932191bef9338a7dcef589f7536e9	NONE_OBSERVED	NOT_ADMITTED	NONE	EMBEDDED_POM_PROPERTIES	M/LICENSE;M/lib/lib/org.eclipse.sisu.plexus.license	EPL2	BLOCKED-LEGAL	BLOCKED-LEGAL
org.codehaus.plexus:plexus-cipher:2.0	/home/phuclam/.m2/wrapper/dists/apache-maven-3.9.16/510fba38/lib/plexus-cipher-2.0.jar	9a7f1b5c5a9effd61eadfd8731452a2f76a8e79111fac391ef75ea801bea203a	NONE_OBSERVED	NOT_ADMITTED	NONE	EMBEDDED_POM_PROPERTIES	M/LICENSE;M/lib/plexus-cipher.license	AP2	APPROVED-WITH-OBLIGATIONS_PROPOSED	APPROVED-WITH-OBLIGATIONS
org.codehaus.plexus:plexus-component-annotations:2.2.0	/home/phuclam/.m2/wrapper/dists/apache-maven-3.9.16/510fba38/lib/plexus-component-annotations-2.2.0.jar	50edb93c73786e62822b4fe1336e22880fdf147191373cf5c911370e16748fcf	NONE_OBSERVED	NOT_ADMITTED	NONE	EMBEDDED_POM_PROPERTIES	M/LICENSE;M/lib/plexus-component-annotations.license	AP2	APPROVED-WITH-OBLIGATIONS_PROPOSED	APPROVED-WITH-OBLIGATIONS
org.codehaus.plexus:plexus-interpolation:1.29	/home/phuclam/.m2/wrapper/dists/apache-maven-3.9.16/510fba38/lib/plexus-interpolation-1.29.jar	088d444dbcedfb384630d8686697ece3c401d6f33c8f8b3aa7259ea1c6996878	NONE_OBSERVED	NOT_ADMITTED	NONE	EMBEDDED_POM_PROPERTIES	M/LICENSE;M/lib/plexus-interpolation.license;IE-RES-F05A-Q02-PLEXUS-RIGHTS-20261003#C03	AP2_APACHE11_CUSTOM	BLOCKED-LEGAL	BLOCKED-LEGAL
org.codehaus.plexus:plexus-sec-dispatcher:2.0	/home/phuclam/.m2/wrapper/dists/apache-maven-3.9.16/510fba38/lib/plexus-sec-dispatcher-2.0.jar	873139960c4c780176dda580b003a2c4bf82188bdce5bb99234e224ef7acfceb	NONE_OBSERVED	NOT_ADMITTED	NONE	EMBEDDED_POM_PROPERTIES	M/LICENSE;M/lib/plexus-sec-dispatcher.license	AP2	APPROVED-WITH-OBLIGATIONS_PROPOSED	APPROVED-WITH-OBLIGATIONS
org.codehaus.plexus:plexus-utils:3.6.1	/home/phuclam/.m2/wrapper/dists/apache-maven-3.9.16/510fba38/lib/plexus-utils-3.6.1.jar	05a63effd67e2d6b9d610cc82e2bd7473289d34802e57a529b28110f28af5679	META-INF/LICENSE#sha256=cfc7749b96f63bd31c3c42b5c471bf756814053e847c10f3eb003417bc523d30;META-INF/NOTICE#sha256=d478d95476787007320df9dafb15c932849281e2ace56e2aacdac475d29470d7;licenses/extreme.indiana.edu.license.TXT#sha256=0d01b41cfc401bcf852125959d07b1a6bd578f1a7850907c329e4a70b2874db2;licenses/javolution.license.TXT#sha256=a7436c952fa2dc0701860cf4187d1e8e8e6de6720dec0ae9e0b641bc50eebced;licenses/thoughtworks.TXT#sha256=b2f730309348c7a19009dcadd92a5d55d75fd54e6df4a818eba7a388656faed9	NOT_ADMITTED	NONE	EMBEDDED_POM_PROPERTIES	M/LICENSE;M/lib/plexus-utils.license;JAR!META-INF/LICENSE;JAR!META-INF/NOTICE;JAR!licenses/*	AP2_EXTREME_JAVOLUTION_THOUGHTWORKS	BLOCKED-LEGAL	BLOCKED-LEGAL
org.slf4j:slf4j-api:1.7.36	/home/phuclam/.m2/wrapper/dists/apache-maven-3.9.16/510fba38/lib/slf4j-api-1.7.36.jar	d3ef575e3e4979678dc01bf1dcce51021493b4d11fb7f1be8ad982877c16a1c0	NONE_OBSERVED	NOT_ADMITTED	NONE	EMBEDDED_POM_PROPERTIES	M/LICENSE;M/lib/slf4j-api.license	MIT	APPROVED-WITH-OBLIGATIONS_PROPOSED	APPROVED-WITH-OBLIGATIONS
org.apache.maven.wagon:wagon-file:3.5.3	/home/phuclam/.m2/wrapper/dists/apache-maven-3.9.16/510fba38/lib/wagon-file-3.5.3.jar	afc9216fa97b78dad227b4a8d4d67b9897bf113a57f80598d62993841113e103	META-INF/LICENSE#sha256=cfc7749b96f63bd31c3c42b5c471bf756814053e847c10f3eb003417bc523d30;META-INF/NOTICE#sha256=381734fed65d4b355e0ebb572cba17e2e6747de32c6129c6f5406bcee60ac9b1	NOT_ADMITTED	NONE	EMBEDDED_POM_PROPERTIES	JAR_EMBEDDED_LICENSE_NOTICE_LIST	AP2	APPROVED-WITH-OBLIGATIONS_PROPOSED	APPROVED-WITH-OBLIGATIONS
org.apache.maven.wagon:wagon-http:3.5.3	/home/phuclam/.m2/wrapper/dists/apache-maven-3.9.16/510fba38/lib/wagon-http-3.5.3.jar	d2b6e48c9fcbe579e1858c622d14464011ff265fa6e28e794004a6882154a509	META-INF/LICENSE#sha256=cfc7749b96f63bd31c3c42b5c471bf756814053e847c10f3eb003417bc523d30;META-INF/NOTICE#sha256=0eb902826db7210ed96bbf9808a08a3636cbbdd36898f0cd252d424291f1d8cb	NOT_ADMITTED	NONE	EMBEDDED_POM_PROPERTIES	JAR_EMBEDDED_LICENSE_NOTICE_LIST	AP2	APPROVED-WITH-OBLIGATIONS_PROPOSED	APPROVED-WITH-OBLIGATIONS
org.apache.maven.wagon:wagon-http-shared:3.5.3	/home/phuclam/.m2/wrapper/dists/apache-maven-3.9.16/510fba38/lib/wagon-http-shared-3.5.3.jar	8e7da766f55164fde8779aaaa125832506c2848cab4876b5305138873e28037f	META-INF/LICENSE#sha256=cfc7749b96f63bd31c3c42b5c471bf756814053e847c10f3eb003417bc523d30;META-INF/NOTICE#sha256=16abe9cdbc59746a930d6688af0d76618918b62b33afa6ad912dde95b45406c2	NOT_ADMITTED	NONE	EMBEDDED_POM_PROPERTIES	JAR_EMBEDDED_LICENSE_NOTICE_LIST	AP2	APPROVED-WITH-OBLIGATIONS_PROPOSED	APPROVED-WITH-OBLIGATIONS
org.apache.maven.wagon:wagon-provider-api:3.5.3	/home/phuclam/.m2/wrapper/dists/apache-maven-3.9.16/510fba38/lib/wagon-provider-api-3.5.3.jar	5e72000338945ed3e96f8e4f578d1d0672e1af7e19c0e9014197ae5b31af3ef4	META-INF/LICENSE#sha256=cfc7749b96f63bd31c3c42b5c471bf756814053e847c10f3eb003417bc523d30;META-INF/NOTICE#sha256=995da8ed64bf0bca61cbc03b8b6c06d9888e42c099908c41ed50efeaae4e2e13	NOT_ADMITTED	NONE	EMBEDDED_POM_PROPERTIES	JAR_EMBEDDED_LICENSE_NOTICE_LIST	AP2	APPROVED-WITH-OBLIGATIONS_PROPOSED	APPROVED-WITH-OBLIGATIONS
org.codehaus.plexus:plexus-classworlds:2.11.0	/home/phuclam/.m2/wrapper/dists/apache-maven-3.9.16/510fba38/boot/plexus-classworlds-2.11.0.jar	8971f135490070bc5fde7413fcc8db7c997fda4bebfb5c31185900d66edcbbb2	NONE_OBSERVED	NOT_ADMITTED	NONE	EMBEDDED_POM_PROPERTIES	M/LICENSE;M/boot/plexus-classworlds.license	AP2	APPROVED-WITH-OBLIGATIONS_PROPOSED	APPROVED-WITH-OBLIGATIONS
