coordinate	parent	imports	pom_path	pom_sha256
org.apache.activemq:activemq-bom:6.2.9			/home/phuclam/.m2/repository/org/apache/activemq/activemq-bom/6.2.9/activemq-bom-6.2.9.pom	58d6066427076cdf112a6806d21d44d4055ec4638de50ce90c64c5212060c0ca
org.apache:apache:37			/home/phuclam/.m2/repository/org/apache/apache/37/apache-37.pom	524ec4787aff73af6b3a9fafa154c7f1881b648299b663fdbfcadda1286f2353
org.apache.artemis:artemis-project:2.53.0	org.apache:apache:37		/home/phuclam/.m2/repository/org/apache/artemis/artemis-project/2.53.0/artemis-project-2.53.0.pom	cf475bbf4556bf371d51f36ac60c28c275ae753d857470076f04ff27dc5b9875
org.apache.artemis:artemis-bom:2.53.0	org.apache.artemis:artemis-project:2.53.0		/home/phuclam/.m2/repository/org/apache/artemis/artemis-bom/2.53.0/artemis-bom-2.53.0.pom	2b340bfc5fa24d378462d5c32067ca1a61e34c6ecc82f1ef6ca2d91c310de5f6
org.assertj:assertj-bom:3.27.7			/home/phuclam/.m2/repository/org/assertj/assertj-bom/3.27.7/assertj-bom-3.27.7.pom	1c09f6c04c905e1e5cdb22d5dfa5f11a496e19e881de0850b523ed53a0519f5b
io.zipkin.reporter2:zipkin-reporter-bom:3.5.3			/home/phuclam/.m2/repository/io/zipkin/reporter2/zipkin-reporter-bom/3.5.3/zipkin-reporter-bom-3.5.3.pom	9ded09773b9bfded5117c2d92b7db3356b3f89c0173948e02bbdbb9d0a7e0dc9
io.zipkin.brave:brave-bom:6.3.1			/home/phuclam/.m2/repository/io/zipkin/brave/brave-bom/6.3.1/brave-bom-6.3.1.pom	a026b36dbdcee2c3ade9d35aef1f644d97477065fac54333f23867db0bac6e67
org.apache.cassandra:java-driver-bom:4.19.3			/home/phuclam/.m2/repository/org/apache/cassandra/java-driver-bom/4.19.3/java-driver-bom-4.19.3.pom	3c22d6c861b59c2e44f7fe727c69d931691c6162a51294af646df2623c3e3ef0
org.apache.groovy:groovy-bom:5.0.8			/home/phuclam/.m2/repository/org/apache/groovy/groovy-bom/5.0.8/groovy-bom-5.0.8.pom	82fd5e38fb6147f9cf798769bf9c007cdca3ab8b32abadaa110761fc90678273
io.grpc:grpc-bom:1.83.1			/home/phuclam/.m2/repository/io/grpc/grpc-bom/1.83.1/grpc-bom-1.83.1.pom	58cc1c0c0e6dc3aa28a6b8f6c8cc1cbdbdc47843cfba282d07f694c2b1af4f8b
org.infinispan:infinispan-bom:16.1.4			/home/phuclam/.m2/repository/org/infinispan/infinispan-bom/16.1.4/infinispan-bom-16.1.4.pom	aeabde04eca66e1ac30f9df3cc36c9b07a25a37c52043b33418e274ce5a23616
com.fasterxml:oss-parent:75			/home/phuclam/.m2/repository/com/fasterxml/oss-parent/75/oss-parent-75.pom	fcbbf1c18c9047e6917d384f2064e21b42a58fc85fb0523a9e2e015eff7c619d
com.fasterxml.jackson:jackson-parent:2.21	com.fasterxml:oss-parent:75		/home/phuclam/.m2/repository/com/fasterxml/jackson/jackson-parent/2.21/jackson-parent-2.21.pom	3851df627faeb46887b956104630b74a8bbb5f7de22e974cf15982e20e0373de
com.fasterxml.jackson:jackson-bom:2.21.5	com.fasterxml.jackson:jackson-parent:2.21		/home/phuclam/.m2/repository/com/fasterxml/jackson/jackson-bom/2.21.5/jackson-bom-2.21.5.pom	57fe22dec659de0655357fad0582ef7c8b2fe5a8906a6f1ff1bcbbd1e4554846
com.fasterxml:oss-parent:79			/home/phuclam/.m2/repository/com/fasterxml/oss-parent/79/oss-parent-79.pom	9206b7dd67fb138036576c3dfca947a2a8f3e2c4d2d9c1f2d1dea519b3a4dae1
tools.jackson:jackson-bom:3.1.5	com.fasterxml:oss-parent:79		/home/phuclam/.m2/repository/tools/jackson/jackson-bom/3.1.5/jackson-bom-3.1.5.pom	14fdbdcbb6a6023cadbffaadc878d66c5cf94f51c8162b9ffefc257e742412f4
org.eclipse.ee4j:project:1.0.9			/home/phuclam/.m2/repository/org/eclipse/ee4j/project/1.0.9/project-1.0.9.pom	825379934a1cf29249f349f2d18adaf79a7b2cb2dbe231518974e1ee70941c17
org.glassfish.jersey:jersey-bom:4.0.2	org.eclipse.ee4j:project:1.0.9		/home/phuclam/.m2/repository/org/glassfish/jersey/jersey-bom/4.0.2/jersey-bom-4.0.2.pom	1233e0d0e57d7d20b311de46364f611782d096a324a4fb4acc40c55157a182e7
org.eclipse.jetty.ee11:jetty-ee11-bom:12.1.12			/home/phuclam/.m2/repository/org/eclipse/jetty/ee11/jetty-ee11-bom/12.1.12/jetty-ee11-bom-12.1.12.pom	93366f7912df3e2f31494de93b21ad8d3e96bc7c453f7720f4e5cfcc0b01b1aa
org.eclipse.jetty:jetty-bom:12.1.12			/home/phuclam/.m2/repository/org/eclipse/jetty/jetty-bom/12.1.12/jetty-bom-12.1.12.pom	2224b2517c5a6db9bd59141d28f494179b89bb167b0aefda3c0d9fed7cdae4c3
org.jooq:jooq-bom:3.21.7			/home/phuclam/.m2/repository/org/jooq/jooq-bom/3.21.7/jooq-bom-3.21.7.pom	bebdffd7ef2143f5562c18287868a6c8d156ea71a39a1a0b23d9dfcd154097ea
org.junit:junit-bom:6.0.3			/home/phuclam/.m2/repository/org/junit/junit-bom/6.0.3/junit-bom-6.0.3.pom	a655b6a5dc00d1bebc91fb2b15c0c7e8aeac9d6bdcf879595505370e27530287
org.jetbrains.kotlin:kotlin-bom:2.3.21			/home/phuclam/.m2/repository/org/jetbrains/kotlin/kotlin-bom/2.3.21/kotlin-bom-2.3.21.pom	950704bad04c5143656cfca1d2c574f25fcad9cac33905ab22a57e9fdf7bfd88
org.jetbrains.kotlinx:kotlinx-coroutines-bom:1.10.2			/home/phuclam/.m2/repository/org/jetbrains/kotlinx/kotlinx-coroutines-bom/1.10.2/kotlinx-coroutines-bom-1.10.2.pom	faf0c6538e53ddc0499a63664d8e763c216580b2e18e722ccbdf1b431a6afe26
org.jetbrains.kotlinx:kotlinx-serialization-bom:1.11.0			/home/phuclam/.m2/repository/org/jetbrains/kotlinx/kotlinx-serialization-bom/1.11.0/kotlinx-serialization-bom-1.11.0.pom	3be221b6da86dcda51cac6c4b2404b89e95ab09cc8d06a05689be2ef36735dec
org.apache.logging.log4j:log4j-bom:2.25.5			/home/phuclam/.m2/repository/org/apache/logging/log4j/log4j-bom/2.25.5/log4j-bom-2.25.5.pom	5b56489b405c305a2918eea9a4ac00fd26093d5535d1e7ee2f564ac35b4b5fa0
io.micrometer:micrometer-bom:1.17.1			/home/phuclam/.m2/repository/io/micrometer/micrometer-bom/1.17.1/micrometer-bom-1.17.1.pom	fe5cf39403f24296f899f014b25196a670bd8f62ff1c8761782d50c1c4e2b4cc
io.micrometer:micrometer-tracing-bom:1.7.1			/home/phuclam/.m2/repository/io/micrometer/micrometer-tracing-bom/1.7.1/micrometer-tracing-bom-1.7.1.pom	34fd5628eda9c82d41842f5b11e7cc5a9503cbf44fe73f50ce84eab9b050242c
org.mockito:mockito-bom:5.23.0			/home/phuclam/.m2/repository/org/mockito/mockito-bom/5.23.0/mockito-bom-5.23.0.pom	0af961e05dbd5d694ca59c7c99f37246527fe500e99293de65be3330438fd195
org.mongodb:mongodb-driver-bom:5.8.1			/home/phuclam/.m2/repository/org/mongodb/mongodb-driver-bom/5.8.1/mongodb-driver-bom-5.8.1.pom	48926ddfeb33ad57a4ae6e03821600e69dc8e470e95e53ed8ce9b20a2df39ace
org.neo4j.bolt:neo4j-bolt-connection-bom:11.0.2			/home/phuclam/.m2/repository/org/neo4j/bolt/neo4j-bolt-connection-bom/11.0.2/neo4j-bolt-connection-bom-11.0.2.pom	aa2c7efd9ac1285bcd7a8ae63d8822975cff1d8047016581b0d83b8e5a6a5200
org.neo4j.driver:neo4j-java-driver-bom:6.1.0		org.neo4j.bolt:neo4j-bolt-connection-bom:11.0.2	/home/phuclam/.m2/repository/org/neo4j/driver/neo4j-java-driver-bom/6.1.0/neo4j-java-driver-bom-6.1.0.pom	50b210d07520785a7cd1ded50bd947944541292ffa69dc5b6abd6084e08c2399
org.sonatype.oss:oss-parent:7			/home/phuclam/.m2/repository/org/sonatype/oss/oss-parent/7/oss-parent-7.pom	b51f8867c92b6a722499557fc3a1fdea77bdf9ef574722fe90ce436a29559454
io.netty:netty-bom:4.2.17.Final	org.sonatype.oss:oss-parent:7		/home/phuclam/.m2/repository/io/netty/netty-bom/4.2.17.Final/netty-bom-4.2.17.Final.pom	0951aa35bdcbf6dbc87af75a67e9af43c01687ed571f77c2e9195417c3afe969
io.opentelemetry:opentelemetry-bom:1.62.0			/home/phuclam/.m2/repository/io/opentelemetry/opentelemetry-bom/1.62.0/opentelemetry-bom-1.62.0.pom	d854f79a86be682184cf1d7f721fa74483dc7234a8434172ccf843036a344f98
io.prometheus:client_java_parent:1.7.0			/home/phuclam/.m2/repository/io/prometheus/client_java_parent/1.7.0/client_java_parent-1.7.0.pom	fac00f4574437f3320b83a5465269041c88c588b9663ee85b8a1a4a00f708ec0
io.prometheus:prometheus-metrics-bom:1.7.0	io.prometheus:client_java_parent:1.7.0		/home/phuclam/.m2/repository/io/prometheus/prometheus-metrics-bom/1.7.0/prometheus-metrics-bom-1.7.0.pom	70401d17338b4bc8368ab0e98592798d82ff9b11895d56b9cb9872cb85e17994
io.prometheus:parent:0.16.0			/home/phuclam/.m2/repository/io/prometheus/parent/0.16.0/parent-0.16.0.pom	722b55119097b04d711479dfb60dd54b27b5920a1aeb7702027c44a215ffc596
io.prometheus:simpleclient_bom:0.16.0	io.prometheus:parent:0.16.0		/home/phuclam/.m2/repository/io/prometheus/simpleclient_bom/0.16.0/simpleclient_bom-0.16.0.pom	af441d3295de11a70e35febeb3d919ba2ed17552753163325b954d53594d55c3
org.apache:apache:35			/home/phuclam/.m2/repository/org/apache/apache/35/apache-35.pom	ea297dcd114136e8b8e8b630230d52a76c2fc69f6c5db25d672b1857000728b8
org.apache.pulsar:pulsar-bom:4.2.4	org.apache:apache:35		/home/phuclam/.m2/repository/org/apache/pulsar/pulsar-bom/4.2.4/pulsar-bom-4.2.4.pom	faa58e6c199e52e0eb762b7b66822110ad576eaf8cadf6e14c1fab133cf70e10
com.google.protobuf:protobuf-bom:4.35.1			/home/phuclam/.m2/repository/com/google/protobuf/protobuf-bom/4.35.1/protobuf-bom-4.35.1.pom	08eec56bd1611b40c471f4b6146d0a67bc154b35b55e0014e872a0d2b74373d5
com.querydsl:querydsl-bom:5.1.0			/home/phuclam/.m2/repository/com/querydsl/querydsl-bom/5.1.0/querydsl-bom-5.1.0.pom	8853dce132c9ece4c295c7f4d4f3c2832eee0d7d44930870c0666fa72043ca56
io.projectreactor:reactor-bom:2025.0.7			/home/phuclam/.m2/repository/io/projectreactor/reactor-bom/2025.0.7/reactor-bom-2025.0.7.pom	64d2e4ea0fa087c4ccc9fe0cba3efed13dcbf883cf32d3f344a5788db8195334
io.rsocket:rsocket-bom:1.1.5			/home/phuclam/.m2/repository/io/rsocket/rsocket-bom/1.1.5/rsocket-bom-1.1.5.pom	0a4e1375cc8c14ecfe31221940681798ef8a7b8af6e8968e363f15c0ed478c3f
org.seleniumhq.selenium:selenium-bom:4.43.0			/home/phuclam/.m2/repository/org/seleniumhq/selenium/selenium-bom/4.43.0/selenium-bom-4.43.0.pom	5e4f359f35628282770c29398d342c2665ebb1ed66d390b8c37d925a1ea8a6a6
org.springframework.amqp:spring-amqp-bom:4.1.1			/home/phuclam/.m2/repository/org/springframework/amqp/spring-amqp-bom/4.1.1/spring-amqp-bom-4.1.1.pom	78414ff82ec6c5bb5543640e9b5f173533a06e2762925b6818b0389fefea75ba
org.springframework.batch:spring-batch-bom:6.0.5			/home/phuclam/.m2/repository/org/springframework/batch/spring-batch-bom/6.0.5/spring-batch-bom-6.0.5.pom	1121ef96ed46057d1253fb42e8a0133b894b0291361c8ec5af4923d1618e949e
org.springframework.data:spring-data-bom:2026.0.1			/home/phuclam/.m2/repository/org/springframework/data/spring-data-bom/2026.0.1/spring-data-bom-2026.0.1.pom	4115847b8f35c68d9cbc2fb401b42bf46a37bc433b5c9ef22d2370a3bc3c406e
org.springframework:spring-framework-bom:7.0.9			/home/phuclam/.m2/repository/org/springframework/spring-framework-bom/7.0.9/spring-framework-bom-7.0.9.pom	4565ecf946e47282687067ff5b4d97b66e23cbd9912d7e38241c2149cffc83c0
org.springframework.integration:spring-integration-bom:7.1.1			/home/phuclam/.m2/repository/org/springframework/integration/spring-integration-bom/7.1.1/spring-integration-bom-7.1.1.pom	c1dda466757886297fb5473ae7806e895dc9acd6d8e669039b7775e90e780645
org.springframework.pulsar:spring-pulsar-bom:2.0.7			/home/phuclam/.m2/repository/org/springframework/pulsar/spring-pulsar-bom/2.0.7/spring-pulsar-bom-2.0.7.pom	d0c4f0772b56c538962db6eb3052b74916b3e9f5eff8136fdc0b7f454dc6c524
org.springframework.restdocs:spring-restdocs-bom:4.0.1			/home/phuclam/.m2/repository/org/springframework/restdocs/spring-restdocs-bom/4.0.1/spring-restdocs-bom-4.0.1.pom	2743ac8ffcdbba07ede1dfbff2fb167fa39697007517b46c0d48bec89a2d9c62
org.springframework.security:spring-security-bom:7.1.1			/home/phuclam/.m2/repository/org/springframework/security/spring-security-bom/7.1.1/spring-security-bom-7.1.1.pom	7834dd258168a5f9a4d2992aa2cfd2a4b9532f4607b93ffb632946113fd61791
org.springframework.session:spring-session-bom:4.1.1			/home/phuclam/.m2/repository/org/springframework/session/spring-session-bom/4.1.1/spring-session-bom-4.1.1.pom	879adbcf032f2b5a38c3efa1fbb78e5f4ff280b0d55a61377f71dec34ad7406d
org.springframework.ws:spring-ws-bom:5.0.2			/home/phuclam/.m2/repository/org/springframework/ws/spring-ws-bom/5.0.2/spring-ws-bom-5.0.2.pom	1e357a81e78cd8620f23bf95d3c66c1a2719fe5444deae10f2430acacdabd96f
org.testcontainers:testcontainers-bom:2.0.5			/home/phuclam/.m2/repository/org/testcontainers/testcontainers-bom/2.0.5/testcontainers-bom-2.0.5.pom	bbba1376021fbf4e14663a61f10cd1aff14a5d74fb55f1a14be6fd6de83d7eef
org.springframework.boot:spring-boot-dependencies:4.1.1		org.apache.activemq:activemq-bom:6.2.9;org.apache.artemis:artemis-bom:2.53.0;org.assertj:assertj-bom:3.27.7;io.zipkin.reporter2:zipkin-reporter-bom:3.5.3;io.zipkin.brave:brave-bom:6.3.1;org.apache.cassandra:java-driver-bom:4.19.3;org.apache.groovy:groovy-bom:5.0.8;io.grpc:grpc-bom:1.83.1;org.infinispan:infinispan-bom:16.1.4;com.fasterxml.jackson:jackson-bom:2.21.5;tools.jackson:jackson-bom:3.1.5;org.glassfish.jersey:jersey-bom:4.0.2;org.eclipse.jetty.ee11:jetty-ee11-bom:12.1.12;org.eclipse.jetty:jetty-bom:12.1.12;org.jooq:jooq-bom:3.21.7;org.junit:junit-bom:6.0.3;org.jetbrains.kotlin:kotlin-bom:2.3.21;org.jetbrains.kotlinx:kotlinx-coroutines-bom:1.10.2;org.jetbrains.kotlinx:kotlinx-serialization-bom:1.11.0;org.apache.logging.log4j:log4j-bom:2.25.5;io.micrometer:micrometer-bom:1.17.1;io.micrometer:micrometer-tracing-bom:1.7.1;org.mockito:mockito-bom:5.23.0;org.mongodb:mongodb-driver-bom:5.8.1;org.neo4j.driver:neo4j-java-driver-bom:6.1.0;io.netty:netty-bom:4.2.17.Final;io.opentelemetry:opentelemetry-bom:1.62.0;io.prometheus:prometheus-metrics-bom:1.7.0;io.prometheus:simpleclient_bom:0.16.0;org.apache.pulsar:pulsar-bom:4.2.4;com.google.protobuf:protobuf-bom:4.35.1;com.querydsl:querydsl-bom:5.1.0;io.projectreactor:reactor-bom:2025.0.7;io.rsocket:rsocket-bom:1.1.5;org.seleniumhq.selenium:selenium-bom:4.43.0;org.springframework.amqp:spring-amqp-bom:4.1.1;org.springframework.batch:spring-batch-bom:6.0.5;org.springframework.data:spring-data-bom:2026.0.1;org.springframework:spring-framework-bom:7.0.9;org.springframework.integration:spring-integration-bom:7.1.1;org.springframework.pulsar:spring-pulsar-bom:2.0.7;org.springframework.restdocs:spring-restdocs-bom:4.0.1;org.springframework.security:spring-security-bom:7.1.1;org.springframework.session:spring-session-bom:4.1.1;org.springframework.ws:spring-ws-bom:5.0.2;org.testcontainers:testcontainers-bom:2.0.5	/home/phuclam/.m2/repository/org/springframework/boot/spring-boot-dependencies/4.1.1/spring-boot-dependencies-4.1.1.pom	1c929eeccb48f8ee12225e9fec725177170b89575754bd903f184c185db77775
org.springframework.boot:spring-boot-starter-parent:4.1.1	org.springframework.boot:spring-boot-dependencies:4.1.1		/home/phuclam/.m2/repository/org/springframework/boot/spring-boot-starter-parent/4.1.1/spring-boot-starter-parent-4.1.1.pom	04cc8a51d17b04d518c232ab5423fb3b9ca6c9eb95d2562800267a6bf991f953
org.springframework.boot:spring-boot-starter-webmvc:4.1.1			/home/phuclam/.m2/repository/org/springframework/boot/spring-boot-starter-webmvc/4.1.1/spring-boot-starter-webmvc-4.1.1.pom	b7fe43b5610b0b3dd5521cf42d7ba3e8eabd6ad3e785462da250338b62ba1455
org.springframework.boot:spring-boot-starter-log4j2:4.1.1			/home/phuclam/.m2/repository/org/springframework/boot/spring-boot-starter-log4j2/4.1.1/spring-boot-starter-log4j2-4.1.1.pom	063c489bb8a6ad59b2f9fab2d4bbcc3ac8d27a4a41be9ab40798e2f4e186429d
org.springframework.boot:spring-boot-starter:4.1.1			/home/phuclam/.m2/repository/org/springframework/boot/spring-boot-starter/4.1.1/spring-boot-starter-4.1.1.pom	ac8d3998f63e729d9d811d0ba2b2d07c1e9687aa202ba33d203f41b6ba4721b6
org.springframework.boot:spring-boot-starter-jackson:4.1.1			/home/phuclam/.m2/repository/org/springframework/boot/spring-boot-starter-jackson/4.1.1/spring-boot-starter-jackson-4.1.1.pom	772fe20da73cdf4482f98751ee9bb8396a47cedc231777e783e17de14f96288a
org.springframework.boot:spring-boot-starter-tomcat:4.1.1			/home/phuclam/.m2/repository/org/springframework/boot/spring-boot-starter-tomcat/4.1.1/spring-boot-starter-tomcat-4.1.1.pom	cae74c3615a2504d089cbc8fb05b87154dbece21a44a14e18002314515ce910d
org.springframework.boot:spring-boot-http-converter:4.1.1			/home/phuclam/.m2/repository/org/springframework/boot/spring-boot-http-converter/4.1.1/spring-boot-http-converter-4.1.1.pom	5cc2393869b9ebcc7b5f69dfbcaaa689f0bebc1bc73b7c68f5848807a837a73a
org.springframework.boot:spring-boot-webmvc:4.1.1			/home/phuclam/.m2/repository/org/springframework/boot/spring-boot-webmvc/4.1.1/spring-boot-webmvc-4.1.1.pom	534076d67e8dc7ff9392cd9951badf98dbcf1e95442d38971c4ef52b8e0ed4c1
org.apache.groovy:groovy-bom:4.0.27			/home/phuclam/.m2/repository/org/apache/groovy/groovy-bom/4.0.27/groovy-bom-4.0.27.pom	aa44eb52bfdfe61d27b3e450d2b348d88deaa3437ab4d9d49a84095348f9f6fb
com.fasterxml:oss-parent:68			/home/phuclam/.m2/repository/com/fasterxml/oss-parent/68/oss-parent-68.pom	25eafd96dae242b6b5a7108f55b2c14015b828daa5abe234289fd6e774a1ce57
com.fasterxml.jackson:jackson-parent:2.19.2	com.fasterxml:oss-parent:68		/home/phuclam/.m2/repository/com/fasterxml/jackson/jackson-parent/2.19.2/jackson-parent-2.19.2.pom	639a2b63dd05da4e381081303985caadfbb7ad9f85b1d2320638f6b11f208365
com.fasterxml.jackson:jackson-bom:2.19.1	com.fasterxml.jackson:jackson-parent:2.19.2		/home/phuclam/.m2/repository/com/fasterxml/jackson/jackson-bom/2.19.1/jackson-bom-2.19.1.pom	ba6d68eeab3a1cc13a77a8ade2197ff9a32aa1cffeac72847d49badd82e1b9ce
org.eclipse.ee4j:project:1.0.7			/home/phuclam/.m2/repository/org/eclipse/ee4j/project/1.0.7/project-1.0.7.pom	205c039a42cbae3556efbeb04a483eb3a3cf9550bd75bf84260dc8f28218f105
jakarta.platform:jakartaee-api-parent:9.1.0	org.eclipse.ee4j:project:1.0.7		/home/phuclam/.m2/repository/jakarta/platform/jakartaee-api-parent/9.1.0/jakartaee-api-parent-9.1.0.pom	a7702c487026802784b5797b62330a8b8d6592bf0f4737b25c67a5eac82659c0
jakarta.platform:jakarta.jakartaee-bom:9.1.0	jakarta.platform:jakartaee-api-parent:9.1.0		/home/phuclam/.m2/repository/jakarta/platform/jakarta.jakartaee-bom/9.1.0/jakarta.jakartaee-bom-9.1.0.pom	df98e0266219fdbb82562826d79a3a20776a8ba02aa787f0f0765a538654c8a4
org.junit:junit-bom:5.13.2			/home/phuclam/.m2/repository/org/junit/junit-bom/5.13.2/junit-bom-5.13.2.pom	43b1104fb3fd4ef4b72a9751d41e09c29f001c8be00ff3972238dc169a734b49
org.mockito:mockito-bom:4.11.0			/home/phuclam/.m2/repository/org/mockito/mockito-bom/4.11.0/mockito-bom-4.11.0.pom	d8531a746c988f7f68ed5f188cdea945006aea993ec5df9e524e0d27d61491da
org.springframework:spring-framework-bom:5.3.39			/home/phuclam/.m2/repository/org/springframework/spring-framework-bom/5.3.39/spring-framework-bom-5.3.39.pom	f6d481093e75767cba1ac7e1db38f8f692cbe3e38744693371a75aeb21c6148b
org.apache.logging.log4j:log4j:2.25.5	org.apache.logging.log4j:log4j-bom:2.25.5	org.apache.groovy:groovy-bom:4.0.27;com.fasterxml.jackson:jackson-bom:2.19.1;jakarta.platform:jakarta.jakartaee-bom:9.1.0;org.junit:junit-bom:5.13.2;org.mockito:mockito-bom:4.11.0;org.springframework:spring-framework-bom:5.3.39	/home/phuclam/.m2/repository/org/apache/logging/log4j/log4j/2.25.5/log4j-2.25.5.pom	00faeca1c624b9773a71b0fcff8fbd195e5101a4782aab085d74a6fb469881bd
org.apache.logging.log4j:log4j-slf4j2-impl:2.25.5	org.apache.logging.log4j:log4j:2.25.5		/home/phuclam/.m2/repository/org/apache/logging/log4j/log4j-slf4j2-impl/2.25.5/log4j-slf4j2-impl-2.25.5.pom	0c75b7be5c884c39d76148c35466b8e3d1b0c06501eb8d2c817a72303ddc8fdb
org.apache.logging.log4j:log4j-core:2.25.5	org.apache.logging.log4j:log4j:2.25.5		/home/phuclam/.m2/repository/org/apache/logging/log4j/log4j-core/2.25.5/log4j-core-2.25.5.pom	1a40b0cb45343690306f7e2d9f49f66ed4ed5f65717167ee73c747da230eb2be
org.apache.logging.log4j:log4j-jul:2.25.5	org.apache.logging.log4j:log4j:2.25.5		/home/phuclam/.m2/repository/org/apache/logging/log4j/log4j-jul/2.25.5/log4j-jul-2.25.5.pom	978ffb3b52ff2fc6fbfa5f5723a44c6e738afbb3899fc5f0ff792c6c3f16769b
org.springframework.boot:spring-boot-autoconfigure:4.1.1			/home/phuclam/.m2/repository/org/springframework/boot/spring-boot-autoconfigure/4.1.1/spring-boot-autoconfigure-4.1.1.pom	4296618022d0b939d1e526ab401b43660f34953530b414dd74743c3b1fb4ee82
jakarta.annotation:jakarta.annotation-api:3.0.0	org.eclipse.ee4j:project:1.0.9		/home/phuclam/.m2/repository/jakarta/annotation/jakarta.annotation-api/3.0.0/jakarta.annotation-api-3.0.0.pom	9fc66a87375df8443aba6bdcc1d4ff07f126542583785a482a9262a19bfe8eae
org.yaml:snakeyaml:2.6			/home/phuclam/.m2/repository/org/yaml/snakeyaml/2.6/snakeyaml-2.6.pom	2773b0e948964d21e37b0e1dcf39025e627b873e0ce6aa2a47e23c374303e0c4
org.springframework.boot:spring-boot-jackson:4.1.1			/home/phuclam/.m2/repository/org/springframework/boot/spring-boot-jackson/4.1.1/spring-boot-jackson-4.1.1.pom	8eb9beb669e93a47483f3410b6146a20045c0026246e194250938d4f5892c259
org.springframework.boot:spring-boot-starter-tomcat-runtime:4.1.1			/home/phuclam/.m2/repository/org/springframework/boot/spring-boot-starter-tomcat-runtime/4.1.1/spring-boot-starter-tomcat-runtime-4.1.1.pom	d3a6146c7d15443e44a1ebbb6bd0dccf98c490150df2d9213b55c5cc64968b26
org.springframework.boot:spring-boot-tomcat:4.1.1			/home/phuclam/.m2/repository/org/springframework/boot/spring-boot-tomcat/4.1.1/spring-boot-tomcat-4.1.1.pom	8ec7f7939e8d7cbd993a5175eaa1609672fe01040daa92e11623ae608c6afc49
org.springframework.boot:spring-boot:4.1.1			/home/phuclam/.m2/repository/org/springframework/boot/spring-boot/4.1.1/spring-boot-4.1.1.pom	9f154863aaa9a3dfc98de4c6be59feb68fa3a594a305dd6591b2ed9cc4b9a80b
org.springframework:spring-web:7.0.9			/home/phuclam/.m2/repository/org/springframework/spring-web/7.0.9/spring-web-7.0.9.pom	d4dcffdbbf8714ace6304c6d12bfe0e2ccd365809e98ba6288763dd933bb0962
org.springframework.boot:spring-boot-servlet:4.1.1			/home/phuclam/.m2/repository/org/springframework/boot/spring-boot-servlet/4.1.1/spring-boot-servlet-4.1.1.pom	290d5fd2aacc45b28a477cfc03620791bc2d82f5cdcdcc9614f3168a06f0dfe8
org.springframework:spring-webmvc:7.0.9			/home/phuclam/.m2/repository/org/springframework/spring-webmvc/7.0.9/spring-webmvc-7.0.9.pom	86549176d6579a496881dac41308c3673d8975a7cc7b3d92e6e6453fbbc3f402
org.apache.logging.log4j:log4j-api:2.25.5	org.apache.logging.log4j:log4j:2.25.5		/home/phuclam/.m2/repository/org/apache/logging/log4j/log4j-api/2.25.5/log4j-api-2.25.5.pom	035b3e6057d26535cac74e5333403a797460ebef0b9313b844826140ed36de67
org.slf4j:slf4j-bom:2.0.18			/home/phuclam/.m2/repository/org/slf4j/slf4j-bom/2.0.18/slf4j-bom-2.0.18.pom	9219aab601575126c4e66e1331eb2b0c6c17a330ac4d5a07e3cd11d580a0c12d
org.slf4j:slf4j-parent:2.0.18	org.slf4j:slf4j-bom:2.0.18		/home/phuclam/.m2/repository/org/slf4j/slf4j-parent/2.0.18/slf4j-parent-2.0.18.pom	0b3896bedad2c9ed9697edcbea1da0c54cd238a723583a81358a83bfb782e9fa
org.slf4j:slf4j-api:2.0.18	org.slf4j:slf4j-parent:2.0.18		/home/phuclam/.m2/repository/org/slf4j/slf4j-api/2.0.18/slf4j-api-2.0.18.pom	6c2c7f2c02774cc2b7b619fbd2df7873cdad29718926e44754b87f70d1eb43cb
tools.jackson:jackson-base:3.1.5	tools.jackson:jackson-bom:3.1.5	org.junit:junit-bom:6.0.3	/home/phuclam/.m2/repository/tools/jackson/jackson-base/3.1.5/jackson-base-3.1.5.pom	0313762c0c54afaf85b4c0f86165814ccbe7d4e70b3e13ae34bd1517708eceb9
tools.jackson.core:jackson-databind:3.1.5	tools.jackson:jackson-base:3.1.5		/home/phuclam/.m2/repository/tools/jackson/core/jackson-databind/3.1.5/jackson-databind-3.1.5.pom	936e8997b549de56212543c2abf9e91fba0946be514afa956d714c2dc29ea2c8
org.springframework.boot:spring-boot-web-server:4.1.1			/home/phuclam/.m2/repository/org/springframework/boot/spring-boot-web-server/4.1.1/spring-boot-web-server-4.1.1.pom	a604dca8459f591df53e4bf9e06611b280cbe3df94b83ccb723f27e568646598
org.apache.tomcat.embed:tomcat-embed-core:11.0.24			/home/phuclam/.m2/repository/org/apache/tomcat/embed/tomcat-embed-core/11.0.24/tomcat-embed-core-11.0.24.pom	b11369a1c7766d659a3cad9dde3717d6bd811c59de9819274f960e87608dc1ef
org.apache.tomcat.embed:tomcat-embed-el:11.0.24			/home/phuclam/.m2/repository/org/apache/tomcat/embed/tomcat-embed-el/11.0.24/tomcat-embed-el-11.0.24.pom	c144c7c259fd437b64efd59d718d3aa735c55f6134d80f78fac0c1b3f8fe7336
org.apache.tomcat.embed:tomcat-embed-websocket:11.0.24			/home/phuclam/.m2/repository/org/apache/tomcat/embed/tomcat-embed-websocket/11.0.24/tomcat-embed-websocket-11.0.24.pom	853814754b0157c19327fd4af2ac88689adb02011403f06a3033f89bbf40df53
org.springframework:spring-core:7.0.9			/home/phuclam/.m2/repository/org/springframework/spring-core/7.0.9/spring-core-7.0.9.pom	2e706b82c4dfbf3ad2a7a59176821550baba49a4b1f791136842d224ab7757ff
org.springframework:spring-context:7.0.9			/home/phuclam/.m2/repository/org/springframework/spring-context/7.0.9/spring-context-7.0.9.pom	2acb4ac44a7ffac104c2b8eb9b595ad342459acd503806588e7e2f7ac73df5e0
org.springframework:spring-beans:7.0.9			/home/phuclam/.m2/repository/org/springframework/spring-beans/7.0.9/spring-beans-7.0.9.pom	5d16df49927351da326714c3dfa3e1dd53fd271057e34265b9256377d1fe6d16
io.micrometer:micrometer-observation:1.17.1			/home/phuclam/.m2/repository/io/micrometer/micrometer-observation/1.17.1/micrometer-observation-1.17.1.pom	af6167ebad3cf1c2eef590a5e567d5342245b8aa2b0ded93ca04fffc466225cc
org.springframework:spring-aop:7.0.9			/home/phuclam/.m2/repository/org/springframework/spring-aop/7.0.9/spring-aop-7.0.9.pom	3d92b6a5afb119e6a0bfe0f0c2eef71961e01cd120b676b59c1d39ad7e320aca
org.springframework:spring-expression:7.0.9			/home/phuclam/.m2/repository/org/springframework/spring-expression/7.0.9/spring-expression-7.0.9.pom	d0ac675cf4da02b56a5cb3140f533ba7dd7d95b9f1c6d69ad49492b17c83584e
com.fasterxml.jackson.core:jackson-annotations:2.21	com.fasterxml.jackson:jackson-parent:2.21		/home/phuclam/.m2/repository/com/fasterxml/jackson/core/jackson-annotations/2.21/jackson-annotations-2.21.pom	71cac5392151e2a528cc9a09179f0a334179f05c52f8e596cf58ddf12bb27f2b
tools.jackson.core:jackson-core:3.1.5	tools.jackson:jackson-base:3.1.5		/home/phuclam/.m2/repository/tools/jackson/core/jackson-core/3.1.5/jackson-core-3.1.5.pom	d05c1f9f436866306d26b8f482ce49507d2a5f5e0816e3a07f35096b9f83e1ba
org.junit:junit-bom:5.14.2			/home/phuclam/.m2/repository/org/junit/junit-bom/5.14.2/junit-bom-5.14.2.pom	ed2dcc7855bd460bccc93a1bf0c962e63b566ff7d8f1ded0f1f2593ba8183aaf
org.apache.commons:commons-parent:97	org.apache:apache:37	org.junit:junit-bom:5.14.2	/home/phuclam/.m2/repository/org/apache/commons/commons-parent/97/commons-parent-97.pom	14366dcbef67a69bb2a8fe9ca7289c215381c5c25093542a499f9d523a2cad7b
commons-logging:commons-logging:1.3.6	org.apache.commons:commons-parent:97		/home/phuclam/.m2/repository/commons-logging/commons-logging/1.3.6/commons-logging-1.3.6.pom	49fc185139bdd0c6c4adf440721e3279cb5342906bcd01a7a89399ceeaa78e85
org.jspecify:jspecify:1.0.1			/home/phuclam/.m2/repository/org/jspecify/jspecify/1.0.1/jspecify-1.0.1.pom	55b38bf1a7b1d8ea518cf2f4f3ae9aaa236e61bbf0b6bd31ffb49753a059dd5e
io.micrometer:micrometer-commons:1.17.1			/home/phuclam/.m2/repository/io/micrometer/micrometer-commons/1.17.1/micrometer-commons-1.17.1.pom	fbe9f83528b2779be9db1a1fb37e41684de24835af6558aaf25d73723d41da5f
org.apache.maven:maven-parent:47	org.apache:apache:37	org.junit:junit-bom:5.14.2	/home/phuclam/.m2/repository/org/apache/maven/maven-parent/47/maven-parent-47.pom	82d0112ba1907ff5fd13a2485829c97df66c6a81e075359a561a422f7d1582d3
org.apache.maven.plugins:maven-plugins:47	org.apache.maven:maven-parent:47		/home/phuclam/.m2/repository/org/apache/maven/plugins/maven-plugins/47/maven-plugins-47.pom	58ddbb8e429cb5e9054c2f5f7b7cdfeb7adbcdfda21d92b67f67fa2b94edf982
org.apache.maven.plugins:maven-resources-plugin:3.5.0	org.apache.maven.plugins:maven-plugins:47		/home/phuclam/.m2/repository/org/apache/maven/plugins/maven-resources-plugin/3.5.0/maven-resources-plugin-3.5.0.pom	9f2275ca2ba3a3ab38caf6c2bc21be787c7305ea5333d1c33f52a530afc0bc7f
org.apache.maven.shared:maven-shared-components:47	org.apache.maven:maven-parent:47		/home/phuclam/.m2/repository/org/apache/maven/shared/maven-shared-components/47/maven-shared-components-47.pom	3bd3d07c910477091bb9602f931f696c4aa115c86a322bff6a604ec7543afc07
org.apache.maven.shared:maven-filtering:3.5.0	org.apache.maven.shared:maven-shared-components:47		/home/phuclam/.m2/repository/org/apache/maven/shared/maven-filtering/3.5.0/maven-filtering-3.5.0.pom	06b492b0244a82434470161f851b247271ec8fdaeea1c29de98abde066f80c64
org.junit:junit-bom:5.11.1			/home/phuclam/.m2/repository/org/junit/junit-bom/5.11.1/junit-bom-5.11.1.pom	c72124a9c9a79910c1858766b72c350e1a39244cbfb4b076348fbfe078281965
org.codehaus.plexus:plexus:19		org.junit:junit-bom:5.11.1	/home/phuclam/.m2/repository/org/codehaus/plexus/plexus/19/plexus-19.pom	8d3e51c3902fd7596e548eab121ebf6b0d4aa73857077f26a24fc86f9b8455b4
org.codehaus.plexus:plexus-utils:3.6.0	org.codehaus.plexus:plexus:19		/home/phuclam/.m2/repository/org/codehaus/plexus/plexus-utils/3.6.0/plexus-utils-3.6.0.pom	6138300481471c7fe6aeb115f912961f886e1a46ee9c2bd2841b65184824da28
org.slf4j:slf4j-parent:1.7.36			/home/phuclam/.m2/repository/org/slf4j/slf4j-parent/1.7.36/slf4j-parent-1.7.36.pom	bb388d37fbcdd3cde64c3cede21838693218dc451f04040c5df360a78ed7e812
org.slf4j:slf4j-api:1.7.36	org.slf4j:slf4j-parent:1.7.36		/home/phuclam/.m2/repository/org/slf4j/slf4j-api/1.7.36/slf4j-api-1.7.36.pom	fb046a9c229437928bb11c2d27c8b5d773eb8a25e60cbd253d985210dedc2684
org.junit:junit-bom:5.9.3			/home/phuclam/.m2/repository/org/junit/junit-bom/5.9.3/junit-bom-5.9.3.pom	4d0329cd9e72f2420e5ca15724cbfe6ffa6e5fd2888361516271190fdc342ed7
org.codehaus.plexus:plexus:13		org.junit:junit-bom:5.9.3	/home/phuclam/.m2/repository/org/codehaus/plexus/plexus/13/plexus-13.pom	575945dc08966c66eb03d5bae9135bd22ca3920a1865bb99d3ecd93bef55abd3
org.codehaus.plexus:plexus-build-api:1.2.0	org.codehaus.plexus:plexus:13		/home/phuclam/.m2/repository/org/codehaus/plexus/plexus-build-api/1.2.0/plexus-build-api-1.2.0.pom	47c7b0e65718ca89df6fdf5cb3f24a49e076cacd9499236c7e18ad78e993cddb
org.junit:junit-bom:5.13.4			/home/phuclam/.m2/repository/org/junit/junit-bom/5.13.4/junit-bom-5.13.4.pom	d7a08a99b2502f0bb68cd4e1f984f0bf69324aaa208bd0f73366c03fc3548a42
org.codehaus.plexus:plexus:24		org.junit:junit-bom:5.13.4	/home/phuclam/.m2/repository/org/codehaus/plexus/plexus/24/plexus-24.pom	89a1bc79e46c35ab108b7e215bb2c5c215ff8f3af1ae3cfef82d9a2b33b06c51
org.codehaus.plexus:plexus-interpolation:1.29	org.codehaus.plexus:plexus:24		/home/phuclam/.m2/repository/org/codehaus/plexus/plexus-interpolation/1.29/plexus-interpolation-1.29.pom	ce0d5634297bb1e065dddfdc8a2a5675717c08e8f4783edcf581543711516938
javax.inject:javax.inject:1			/home/phuclam/.m2/repository/javax/inject/javax.inject/1/javax.inject-1.pom	943e12b100627804638fa285805a0ab788a680266531e650921ebfe4621a8bfa
org.sonatype.forge:forge-parent:5			/home/phuclam/.m2/repository/org/sonatype/forge/forge-parent/5/forge-parent-5.pom	e56188aa8ce51278006aa90bc7e0f304a81e2f1219f462e7d21f262535cd2795
org.sonatype.spice:spice-parent:15	org.sonatype.forge:forge-parent:5		/home/phuclam/.m2/repository/org/sonatype/spice/spice-parent/15/spice-parent-15.pom	13d15ddfe9946b8427bb7b4b081ab63962285eed0bf6fa5142aea25a46e15814
org.sonatype.plexus:plexus-build-api:0.0.7	org.sonatype.spice:spice-parent:15		/home/phuclam/.m2/repository/org/sonatype/plexus/plexus-build-api/0.0.7/plexus-build-api-0.0.7.pom	e067317a47ed9e84b2ba85a76d3cf72980e2b0dc873a90b9cbfe74fe80c37c17
org.junit:junit-bom:5.12.2			/home/phuclam/.m2/repository/org/junit/junit-bom/5.12.2/junit-bom-5.12.2.pom	cef80fec86454f6806bfb0df24669b5c6f32e2cb728539ea859f47dfdc9bbc17
org.eclipse.sisu:sisu-inject:0.9.0.M4		org.junit:junit-bom:5.12.2	/home/phuclam/.m2/repository/org/eclipse/sisu/sisu-inject/0.9.0.M4/sisu-inject-0.9.0.M4.pom	0c829c9641ccac870d7d7ff012cbbad8447e912eb9a26d0d7283f09cba44c0d9
org.eclipse.sisu:org.eclipse.sisu.plexus:0.9.0.M4	org.eclipse.sisu:sisu-inject:0.9.0.M4		/home/phuclam/.m2/repository/org/eclipse/sisu/org.eclipse.sisu.plexus/0.9.0.M4/org.eclipse.sisu.plexus-0.9.0.M4.pom	90b4be7a71c979d0c4dea20c20a28eb9e76a29df68ab9018cf011019a3e4f562
org.apache.maven.plugins:maven-compiler-plugin:3.15.0	org.apache.maven.plugins:maven-plugins:47		/home/phuclam/.m2/repository/org/apache/maven/plugins/maven-compiler-plugin/3.15.0/maven-compiler-plugin-3.15.0.pom	2d2f7a7073c1def3b1473fbedad7dbfc559ed6fb0dc5a94edc347fd4905e7651
org.ow2:ow2:1.5.1			/home/phuclam/.m2/repository/org/ow2/ow2/1.5.1/ow2-1.5.1.pom	321ddbb7ee6fe4f53dea6b4cd6db74154d6bfa42391c1f763b361b9f485acf05
org.ow2.asm:asm:9.9.1	org.ow2:ow2:1.5.1		/home/phuclam/.m2/repository/org/ow2/asm/asm/9.9.1/asm-9.9.1.pom	aca68dee9ba2f6cd90ffde728efdc7e3ebfcf59f3f41fbfe248d2d01d5b866af
org.apache:apache:29			/home/phuclam/.m2/repository/org/apache/apache/29/apache-29.pom	3e49037174820bbd0df63420a977255886398954c2a06291fa61f727ac35b377
org.apache.maven:maven-parent:39	org.apache:apache:29		/home/phuclam/.m2/repository/org/apache/maven/maven-parent/39/maven-parent-39.pom	cfe4820aa1d96ae51d1dc5b0e2a9dc582c42478c24c95ca8238f547e60bef721
org.apache.maven.shared:maven-shared-components:39	org.apache.maven:maven-parent:39		/home/phuclam/.m2/repository/org/apache/maven/shared/maven-shared-components/39/maven-shared-components-39.pom	17e81388d88ba61c4055450ec90a32ee30acd07f46dc6e31e096b8e53735f4b2
org.apache.maven.shared:maven-shared-utils:3.4.2	org.apache.maven.shared:maven-shared-components:39		/home/phuclam/.m2/repository/org/apache/maven/shared/maven-shared-utils/3.4.2/maven-shared-utils-3.4.2.pom	a941745d7faeb8dc9a75edc2c330c994b7440b9a44d21142716b6053967a41c1
org.apache:apache:13			/home/phuclam/.m2/repository/org/apache/apache/13/apache-13.pom	ff513db0361fd41237bef4784968bc15aae478d4ec0a9496f811072ccaf3841d
org.apache.maven:maven-parent:23	org.apache:apache:13		/home/phuclam/.m2/repository/org/apache/maven/maven-parent/23/maven-parent-23.pom	5425501edd9e0bd7b01eca53cc92e06836d24851151304f9c6759e1713541685
org.apache.maven.shared:maven-shared-components:19	org.apache.maven:maven-parent:23		/home/phuclam/.m2/repository/org/apache/maven/shared/maven-shared-components/19/maven-shared-components-19.pom	d82408269aada2eb1521ee8ff17f7c67333684f8ed2a09a9e35badd2e7575957
org.apache.maven.shared:maven-shared-incremental:1.1	org.apache.maven.shared:maven-shared-components:19		/home/phuclam/.m2/repository/org/apache/maven/shared/maven-shared-incremental/1.1/maven-shared-incremental-1.1.pom	f21d19eb49b4a66cd85354a9ee7335439ea92a368173760a202766008cc19924
org.codehaus.plexus:plexus-languages:1.5.2	org.codehaus.plexus:plexus:24		/home/phuclam/.m2/repository/org/codehaus/plexus/plexus-languages/1.5.2/plexus-languages-1.5.2.pom	9e7d29fc65089d69e75b559efaa5db8117dab3c579d0ef19759776d5643a492b
org.codehaus.plexus:plexus-java:1.5.2	org.codehaus.plexus:plexus-languages:1.5.2		/home/phuclam/.m2/repository/org/codehaus/plexus/plexus-java/1.5.2/plexus-java-1.5.2.pom	9617b619010dbb95c237e35bff7ee1d336cbcfd9ff5c229a935a9e3587ff0c37
org.junit:junit-bom:5.14.1			/home/phuclam/.m2/repository/org/junit/junit-bom/5.14.1/junit-bom-5.14.1.pom	01b01dfa366550b40ac5760548a7d728b6109d17c451e83864d1e5e0ce862c94
org.codehaus.plexus:plexus:25		org.junit:junit-bom:5.14.1	/home/phuclam/.m2/repository/org/codehaus/plexus/plexus/25/plexus-25.pom	faa7947c2020967ad0c92b259ee9fa361d05e90cd036d17c37098bb1edaea3a3
org.codehaus.plexus:plexus-compiler:2.16.2	org.codehaus.plexus:plexus:25		/home/phuclam/.m2/repository/org/codehaus/plexus/plexus-compiler/2.16.2/plexus-compiler-2.16.2.pom	53124330e5e1b45d1ef6eff5e41c4d4defe04403e5c894795b44269515b6611e
org.codehaus.plexus:plexus-compiler-api:2.16.2	org.codehaus.plexus:plexus-compiler:2.16.2		/home/phuclam/.m2/repository/org/codehaus/plexus/plexus-compiler-api/2.16.2/plexus-compiler-api-2.16.2.pom	ae7ca19e5a3bafdf92a403edf8af5876c746024424059c719b1544de48384ff8
org.codehaus.plexus:plexus-compiler-manager:2.16.2	org.codehaus.plexus:plexus-compiler:2.16.2		/home/phuclam/.m2/repository/org/codehaus/plexus/plexus-compiler-manager/2.16.2/plexus-compiler-manager-2.16.2.pom	ba8d233dd73fc97c10f84bf23ef8f632cd19ced0f85dc335be2bdcb8e28e7bd0
org.codehaus.plexus:plexus-compilers:2.16.2	org.codehaus.plexus:plexus-compiler:2.16.2		/home/phuclam/.m2/repository/org/codehaus/plexus/plexus-compilers/2.16.2/plexus-compilers-2.16.2.pom	835e6a3f53ed9f39d14a0fd2b367a47fde78698115464eddba4b5c5d9fd1250f
org.codehaus.plexus:plexus-compiler-javac:2.16.2	org.codehaus.plexus:plexus-compilers:2.16.2		/home/phuclam/.m2/repository/org/codehaus/plexus/plexus-compiler-javac/2.16.2/plexus-compiler-javac-2.16.2.pom	b648754e6d99b381f7fc40328849c6f24d454263c03cf89c737d7c29831eb208
org.codehaus.plexus:plexus-utils:4.0.2			/home/phuclam/.m2/repository/org/codehaus/plexus/plexus-utils/4.0.2/plexus-utils-4.0.2.pom	5151c13bdd7cc3a5569583a7f4267392f013ffd3115eab8db5f86de420a366af
org.apache:apache:23			/home/phuclam/.m2/repository/org/apache/apache/23/apache-23.pom	bc10624e0623f36577fac5639ca2936d3240ed152fb6d8d533ab4d270543491c
org.apache.commons:commons-parent:52	org.apache:apache:23		/home/phuclam/.m2/repository/org/apache/commons/commons-parent/52/commons-parent-52.pom	75dbe8f34e98e4c3ff42daae4a2f9eb4cbcd3b5f1047d54460ace906dbb4502e
org.junit:junit-bom:5.7.2			/home/phuclam/.m2/repository/org/junit/junit-bom/5.7.2/junit-bom-5.7.2.pom	cd14aaa869991f82021c585d570d31ff342bcba58bb44233b70193771b96487b
commons-io:commons-io:2.11.0	org.apache.commons:commons-parent:52	org.junit:junit-bom:5.7.2	/home/phuclam/.m2/repository/commons-io/commons-io/2.11.0/commons-io-2.11.0.pom	2e016fd7e3244b5f2c20acad834d93aa4790486ee1e4564641361a3e831eef59
org.sonatype.oss:oss-parent:9			/home/phuclam/.m2/repository/org/sonatype/oss/oss-parent/9/oss-parent-9.pom	fb40265f982548212ff82e362e59732b2187ec6f0d80182885c14ef1f982827a
com.thoughtworks.qdox:qdox:2.2.0	org.sonatype.oss:oss-parent:9		/home/phuclam/.m2/repository/com/thoughtworks/qdox/qdox/2.2.0/qdox-2.2.0.pom	c850fbad0b05eada85ca1bce22409a75f758aea0ca1e47a828c6a505ad361fab
org.junit:junit-bom:5.10.2			/home/phuclam/.m2/repository/org/junit/junit-bom/5.10.2/junit-bom-5.10.2.pom	169dd904a4b0f6520cffe658cc62292bfe9f3c14a989fa92120724cde43a9968
org.codehaus.plexus:plexus:18		org.junit:junit-bom:5.10.2	/home/phuclam/.m2/repository/org/codehaus/plexus/plexus/18/plexus-18.pom	b43ee89c8890b9e5bc48d079fcb4c44f082b5139253356dc455806a33c3dd8fd
org.codehaus.plexus:plexus-xml:3.0.1	org.codehaus.plexus:plexus:18		/home/phuclam/.m2/repository/org/codehaus/plexus/plexus-xml/3.0.1/plexus-xml-3.0.1.pom	3242ddc20873f71b381c333b22afb9cf3596d6a63b6683036a16bd51bc8721a4
org.apache:apache:39			/home/phuclam/.m2/repository/org/apache/apache/39/apache-39.pom	71752ed4c2435a1d8385fe0a4d330f39d04efec89f0d1ba5d1598d39f7397a44
org.junit:junit-bom:5.14.4			/home/phuclam/.m2/repository/org/junit/junit-bom/5.14.4/junit-bom-5.14.4.pom	5706e8f29a0a07f56efbbea4a0670793414194bb8d24d8143ba1e787a2f32856
org.apache.maven:maven-parent:49	org.apache:apache:39	org.junit:junit-bom:5.14.4	/home/phuclam/.m2/repository/org/apache/maven/maven-parent/49/maven-parent-49.pom	ca906201ee34de09e76632c5dec04a9b868ee38ce68c134b765fd1871d1d3eed
org.apache.maven.plugins:maven-plugins:49	org.apache.maven:maven-parent:49		/home/phuclam/.m2/repository/org/apache/maven/plugins/maven-plugins/49/maven-plugins-49.pom	4225f860bccdcb48a315de478e70ab817b411077974de5c9d1b8e2761be5f515
org.apache.maven.plugins:maven-jar-plugin:3.5.1	org.apache.maven.plugins:maven-plugins:49		/home/phuclam/.m2/repository/org/apache/maven/plugins/maven-jar-plugin/3.5.1/maven-jar-plugin-3.5.1.pom	32de38ee39a6985e777019a6364774c02781ee312f9f4e530bbdb45b875b1e38
org.apache:apache:34			/home/phuclam/.m2/repository/org/apache/apache/34/apache-34.pom	3671ae9d4d062ae3bb985731c76088bb2f6f7d7254e2d304ee9f690b97651328
org.junit:junit-bom:5.12.1			/home/phuclam/.m2/repository/org/junit/junit-bom/5.12.1/junit-bom-5.12.1.pom	7c826bc72beddc817dad9263027f9012a0f55a377d38df89c42932a2501c2bf0
org.apache.maven:maven-parent:44	org.apache:apache:34	org.junit:junit-bom:5.12.1	/home/phuclam/.m2/repository/org/apache/maven/maven-parent/44/maven-parent-44.pom	1c0a088d7352d52ea8f3581d05778c0c4a679613fff2c58737fba55f1007fe24
org.apache.maven.shared:maven-shared-components:44	org.apache.maven:maven-parent:44		/home/phuclam/.m2/repository/org/apache/maven/shared/maven-shared-components/44/maven-shared-components-44.pom	41fbab97912beb3a061b1e3845d2e06d2bb214cc71f92fa7f396480dc765a14e
org.apache.maven.shared:file-management:3.2.0	org.apache.maven.shared:maven-shared-components:44		/home/phuclam/.m2/repository/org/apache/maven/shared/file-management/3.2.0/file-management-3.2.0.pom	04e3bdd6d1920d1cdba206bc35dd3c6e0646c5730969f8b5d5397e5f1c7b5edd
org.junit:junit-bom:5.13.1			/home/phuclam/.m2/repository/org/junit/junit-bom/5.13.1/junit-bom-5.13.1.pom	fa68451ea830572ed43ffe51d75b6a05f7a5e665a602a51f49d6be02063a65f3
org.apache.maven:maven-parent:45	org.apache:apache:35	org.junit:junit-bom:5.13.1	/home/phuclam/.m2/repository/org/apache/maven/maven-parent/45/maven-parent-45.pom	94fe869eb9b4ce9fce3995d05ea86b168c85d927f9d17beb814a1960c76d7e6f
org.apache.maven.shared:maven-shared-components:45	org.apache.maven:maven-parent:45		/home/phuclam/.m2/repository/org/apache/maven/shared/maven-shared-components/45/maven-shared-components-45.pom	5879e023d9bcafda006d28b42b2495c6f3db587d3e71eefa0a3cedeeea36d987
org.apache.maven:maven-archiver:3.6.6	org.apache.maven.shared:maven-shared-components:45		/home/phuclam/.m2/repository/org/apache/maven/maven-archiver/3.6.6/maven-archiver-3.6.6.pom	4232a2477bcaacca4cb1b67af032d8683fc6a61aebd96a61a901ebc7e7e391e1
org.codehaus.plexus:plexus-archiver:4.12.0	org.codehaus.plexus:plexus:25		/home/phuclam/.m2/repository/org/codehaus/plexus/plexus-archiver/4.12.0/plexus-archiver-4.12.0.pom	4b3b26c438d0b41d5a0613787115ea4013adeae1478314535976b2b3a65fc2f8
org.apache.commons:commons-parent:98	org.apache:apache:37	org.junit:junit-bom:5.14.2	/home/phuclam/.m2/repository/org/apache/commons/commons-parent/98/commons-parent-98.pom	d40318527f56033e0ff0789971cc38c856aa99a685eea11270814e7f1eda9fba
commons-io:commons-io:2.22.0	org.apache.commons:commons-parent:98		/home/phuclam/.m2/repository/commons-io/commons-io/2.22.0/commons-io-2.22.0.pom	6425cec0ea760035efa77277de85f89fa6dbed147ab3dd95b8d2cbc55340accf
org.codehaus.plexus:plexus-utils:4.0.3	org.codehaus.plexus:plexus:25		/home/phuclam/.m2/repository/org/codehaus/plexus/plexus-utils/4.0.3/plexus-utils-4.0.3.pom	35736658f3fe1efa395086c91df2592664fafa24c3f2608fdaba1136d17fd360
org.codehaus.plexus:plexus-io:3.6.0	org.codehaus.plexus:plexus:24		/home/phuclam/.m2/repository/org/codehaus/plexus/plexus-io/3.6.0/plexus-io-3.6.0.pom	653432ed213573b6b209deb7346dc2ed89f20e647dbdb6fc868051b334b31d27
org.apache.commons:commons-parent:85	org.apache:apache:35	org.junit:junit-bom:5.13.1	/home/phuclam/.m2/repository/org/apache/commons/commons-parent/85/commons-parent-85.pom	d189ff2c0027e96bb65d31e6f227ed2af966169b36af1e973dd5ba08926dc7b5
org.apache.commons:commons-compress:1.28.0	org.apache.commons:commons-parent:85		/home/phuclam/.m2/repository/org/apache/commons/commons-compress/1.28.0/commons-compress-1.28.0.pom	033f4c78d632da88d0eb8ead974fc14a264392cebf12ab6c68d6cea7adf0c64a
org.tukaani:xz:1.12			/home/phuclam/.m2/repository/org/tukaani/xz/1.12/xz-1.12.pom	937b44d869c059c39f07ae194d8cd6219f5aebf2200ef9707f0b50b7837da281
com.github.luben:zstd-jni:1.5.7-9			/home/phuclam/.m2/repository/com/github/luben/zstd-jni/1.5.7-9/zstd-jni-1.5.7-9.pom	4412e133520b8f9d01d3601080ce7fe146ee486f6a5a69ca9278d4a4ec69704d
commons-codec:commons-codec:1.19.0	org.apache.commons:commons-parent:85		/home/phuclam/.m2/repository/commons-codec/commons-codec/1.19.0/commons-codec-1.19.0.pom	e0f3269fa23de0c83130c5659f5f9514cc5422c0bcdf45f2eae004a78b9fca34
org.apache.commons:commons-lang3:3.18.0	org.apache.commons:commons-parent:85		/home/phuclam/.m2/repository/org/apache/commons/commons-lang3/3.18.0/commons-lang3-3.18.0.pom	aa254b373b6f6d46bc9dca86331b072a8ab86eb25ea9921fd439618392e98a16
org.springframework.boot:spring-boot-maven-plugin:4.1.1			/home/phuclam/.m2/repository/org/springframework/boot/spring-boot-maven-plugin/4.1.1/spring-boot-maven-plugin-4.1.1.pom	cc0890a4a1aa27c128f8fb056d824ddac03bd7b480e292a42ab551965e2f12d8
org.springframework.boot:spring-boot-buildpack-platform:4.1.1			/home/phuclam/.m2/repository/org/springframework/boot/spring-boot-buildpack-platform/4.1.1/spring-boot-buildpack-platform-4.1.1.pom	908ca6b1639d2226826be54684b8ffe89a7da7a0e1dee00ace98aa8690fb0e48
org.springframework.boot:spring-boot-loader-tools:4.1.1			/home/phuclam/.m2/repository/org/springframework/boot/spring-boot-loader-tools/4.1.1/spring-boot-loader-tools-4.1.1.pom	c86c88cac082444ee4733d542ea6208fdc54574b50d97beed9973ee811bd16fe
org.apache:apache:32			/home/phuclam/.m2/repository/org/apache/apache/32/apache-32.pom	cfd872c0ec27f53ae68f43dbc0fecded8add773079a53afbd390e407b42ce72f
org.apache.maven:maven-parent:42	org.apache:apache:32	org.junit:junit-bom:5.10.2	/home/phuclam/.m2/repository/org/apache/maven/maven-parent/42/maven-parent-42.pom	04534dea350a2187970a5b74444338bcf78ba8e537d44f262acfba16ebb33056
org.apache.maven.shared:maven-shared-components:42	org.apache.maven:maven-parent:42		/home/phuclam/.m2/repository/org/apache/maven/shared/maven-shared-components/42/maven-shared-components-42.pom	aa66faa11c11b900d099bfef0ee9fe8485d7e7fc74e87193e1f74572ed9587c5
org.apache.maven.shared:maven-common-artifact-filters:3.4.0	org.apache.maven.shared:maven-shared-components:42		/home/phuclam/.m2/repository/org/apache/maven/shared/maven-common-artifact-filters/3.4.0/maven-common-artifact-filters-3.4.0.pom	c93581d69b337c1fcc0957c727c430180b6387276ef1d3c2976c175e93765eb1
org.apache.maven.plugins:maven-plugins:42	org.apache.maven:maven-parent:42		/home/phuclam/.m2/repository/org/apache/maven/plugins/maven-plugins/42/maven-plugins-42.pom	5b31681ea67e838a8ed1f08af891d1ae50f16dfadd3fc2b787900ed69d5f2503
org.apache.maven.plugins:maven-shade-plugin:3.6.0	org.apache.maven.plugins:maven-plugins:42		/home/phuclam/.m2/repository/org/apache/maven/plugins/maven-shade-plugin/3.6.0/maven-shade-plugin-3.6.0.pom	8fdf596c3cc0a728f1b244566c9621f4cb79204d5b0c396c02545ff24cd29e5f
net.java.dev.jna:jna-platform:5.17.0			/home/phuclam/.m2/repository/net/java/dev/jna/jna-platform/5.17.0/jna-platform-5.17.0.pom	0a30b797adb6822147ef98cb249ef3fbf4a243542aa86bf9f42fad9e68305a44
org.apache:apache:33			/home/phuclam/.m2/repository/org/apache/apache/33/apache-33.pom	d78bd8524c5f8380a190a6525686629a95dfe512df21111383a6d8c0923a4415
org.junit:junit-bom:5.11.0-M2			/home/phuclam/.m2/repository/org/junit/junit-bom/5.11.0-M2/junit-bom-5.11.0-M2.pom	4a3ffc4a4edcfec2cb5d619922706a9407161798571939f854dfda73e4e17cc8
org.apache.commons:commons-parent:72	org.apache:apache:33	org.junit:junit-bom:5.11.0-M2	/home/phuclam/.m2/repository/org/apache/commons/commons-parent/72/commons-parent-72.pom	4345debfc767b1aeac68abdd72fc67d18b521d4b390372a11b63ff0c586b2320
org.apache.commons:commons-compress:1.27.1	org.apache.commons:commons-parent:72		/home/phuclam/.m2/repository/org/apache/commons/commons-compress/1.27.1/commons-compress-1.27.1.pom	df8cc1a8387d4ce842363b7209fdc6d35df9763839fd3fcab558a0f83f9d841c
org.apache:apache:27			/home/phuclam/.m2/repository/org/apache/apache/27/apache-27.pom	b2b0fc69e22a650c3892f1c366d77076f29575c6738df4c7a70a44844484cdf9
org.apache.httpcomponents:httpcomponents-parent:14	org.apache:apache:27		/home/phuclam/.m2/repository/org/apache/httpcomponents/httpcomponents-parent/14/httpcomponents-parent-14.pom	5dceb6ab206a419179273f15d0d2b472f9472bbb747c6c8b7e96daaf78cc4527
org.junit:junit-bom:5.13.3			/home/phuclam/.m2/repository/org/junit/junit-bom/5.13.3/junit-bom-5.13.3.pom	e3b93e9bb8871969cf11c0e8ff10f507841db1885ca10578e290846f660fd68e
io.opentelemetry:opentelemetry-bom:1.49.0			/home/phuclam/.m2/repository/io/opentelemetry/opentelemetry-bom/1.49.0/opentelemetry-bom-1.49.0.pom	44fcba73912b950d3ec88129e38e03c181b975f5b5ee73d7bab7866a4b376c50
org.apache.httpcomponents.client5:httpclient5-parent:5.6.4	org.apache.httpcomponents:httpcomponents-parent:14	org.junit:junit-bom:5.13.3;io.opentelemetry:opentelemetry-bom:1.49.0	/home/phuclam/.m2/repository/org/apache/httpcomponents/client5/httpclient5-parent/5.6.4/httpclient5-parent-5.6.4.pom	05305597e8208fdfcc826918db9dad36a42c7b1ddcb366008c2f0975ed2d7192
org.apache.httpcomponents.client5:httpclient5:5.6.4	org.apache.httpcomponents.client5:httpclient5-parent:5.6.4		/home/phuclam/.m2/repository/org/apache/httpcomponents/client5/httpclient5/5.6.4/httpclient5-5.6.4.pom	dbc08440438d5e8a600041a9b61e249f0c7d9d86b998e72a9a03900b4c64aa44
org.tomlj:tomlj:1.0.0			/home/phuclam/.m2/repository/org/tomlj/tomlj/1.0.0/tomlj-1.0.0.pom	ad8192007f73450c51c880305f14dd22ac551449b721b585fc51231422cb0913
org.apache:apache:21			/home/phuclam/.m2/repository/org/apache/apache/21/apache-21.pom	af10c108da014f17cafac7b52b2b4b5a3a1c18265fa2af97a325d9143537b380
org.apache.maven:maven-parent:33	org.apache:apache:21		/home/phuclam/.m2/repository/org/apache/maven/maven-parent/33/maven-parent-33.pom	3856e3fcd169502d5f12fe2452604ebf6c7c025f15656bfa558ea99ed29d73ea
org.apache.maven.resolver:maven-resolver:1.4.1	org.apache.maven:maven-parent:33		/home/phuclam/.m2/repository/org/apache/maven/resolver/maven-resolver/1.4.1/maven-resolver-1.4.1.pom	831c3849751101226495acfe9119582feb734a4539b070e0fbd9e85b03b501ce
org.apache.maven.resolver:maven-resolver-util:1.4.1	org.apache.maven.resolver:maven-resolver:1.4.1		/home/phuclam/.m2/repository/org/apache/maven/resolver/maven-resolver-util/1.4.1/maven-resolver-util-1.4.1.pom	a58c932e967e85e7bcb8d4adaedd14a5221a1750a1d089c5086c4d73df505155
org.junit:junit-bom:5.11.4			/home/phuclam/.m2/repository/org/junit/junit-bom/5.11.4/junit-bom-5.11.4.pom	19d4b747b204805325b6334553296f986562277a4ac1cb5e593a5e4c4f5e4115
org.apache.commons:commons-parent:81	org.apache:apache:33	org.junit:junit-bom:5.11.4	/home/phuclam/.m2/repository/org/apache/commons/commons-parent/81/commons-parent-81.pom	348d4e7c131be6114c854a719ce7a44307a7c39bd366084977b24fd29ad0edb4
commons-logging:commons-logging:1.3.5	org.apache.commons:commons-parent:81		/home/phuclam/.m2/repository/commons-logging/commons-logging/1.3.5/commons-logging-1.3.5.pom	ccf4a30346f5027b9496abd56290ac26d159abf2be64df1265611dc9400b9d68
org.jspecify:jspecify:1.0.0			/home/phuclam/.m2/repository/org/jspecify/jspecify/1.0.0/jspecify-1.0.0.pom	cdab929a3b95211f43d2090c5e2d0dfe8465960e378bc32b35841dab324433a6
io.micrometer:micrometer-observation:1.16.7			/home/phuclam/.m2/repository/io/micrometer/micrometer-observation/1.16.7/micrometer-observation-1.16.7.pom	571213d4dbac9f29992a9c5f9909e312e3d17ca3cfaa975aa9f4b05af49389bd
org.codehaus.plexus:plexus:10			/home/phuclam/.m2/repository/org/codehaus/plexus/plexus/10/plexus-10.pom	bba9c521064b9ca132ce97cc1cc7eb4afc2dbe32bc88cb872c88e99f6162301f
org.codehaus.plexus:plexus-utils:3.5.1	org.codehaus.plexus:plexus:10		/home/phuclam/.m2/repository/org/codehaus/plexus/plexus-utils/3.5.1/plexus-utils-3.5.1.pom	94ff68edeb48204d12c99189c767164d3a9f778a1372d1dce11a41462e6236f2
org.ow2.asm:asm:9.7	org.ow2:ow2:1.5.1		/home/phuclam/.m2/repository/org/ow2/asm/asm/9.7/asm-9.7.pom	de00115f1d84f3a0b2ee3a4b6f6192d066f86d185d67b9d1522f2c80feac5f00
org.ow2.asm:asm-commons:9.7	org.ow2:ow2:1.5.1		/home/phuclam/.m2/repository/org/ow2/asm/asm-commons/9.7/asm-commons-9.7.pom	5acee3ee7252ed90b8074c755d022787499a95fafff98ac4a685107c4da409b4
org.jdom:jdom2:2.0.6.1			/home/phuclam/.m2/repository/org/jdom/jdom2/2.0.6.1/jdom2-2.0.6.1.pom	55795e1018b8ae647b937967cf810a99b08582c2374e7873c128734c8c914bf3
org.apache:apache:31			/home/phuclam/.m2/repository/org/apache/apache/31/apache-31.pom	555d0c9eaa69c042aff924927b9381e8f8174136d355eead445224452e6291cc
org.apache.commons:commons-parent:69	org.apache:apache:31	org.junit:junit-bom:5.10.2	/home/phuclam/.m2/repository/org/apache/commons/commons-parent/69/commons-parent-69.pom	d50da9c39bdca823d618d1b4a03b73f196497fcb8616fd0da727c8623592a9bb
commons-io:commons-io:2.16.1	org.apache.commons:commons-parent:69		/home/phuclam/.m2/repository/commons-io/commons-io/2.16.1/commons-io-2.16.1.pom	5777d292251c7895c04a4c57015683ec3b353a12486c9b3e7178e9b0b3c38fff
org.vafer:jdependency:2.10			/home/phuclam/.m2/repository/org/vafer/jdependency/2.10/jdependency-2.10.pom	ab53f259ab5f6483d3dbb0235469e078d4a22cfd890771ab04f87db3a5b46067
net.java.dev.jna:jna:5.17.0			/home/phuclam/.m2/repository/net/java/dev/jna/jna/5.17.0/jna-5.17.0.pom	501a0ff05d84a4ad10f6de25be94f49398b70a31be8f3a0ed9f4c6b44fbefee4
org.apache.commons:commons-parent:71	org.apache:apache:32	org.junit:junit-bom:5.11.0-M2	/home/phuclam/.m2/repository/org/apache/commons/commons-parent/71/commons-parent-71.pom	95b7be70f316ae4ca22f6fbdd08de2182e87cd874a650de7c3d3386a747a82a3
commons-codec:commons-codec:1.17.1	org.apache.commons:commons-parent:71		/home/phuclam/.m2/repository/commons-codec/commons-codec/1.17.1/commons-codec-1.17.1.pom	7fa0db4d8150daf932958b8aea89ee24abb4d18e2316a5de535278fc131512a0
org.apache.commons:commons-lang3:3.16.0	org.apache.commons:commons-parent:72		/home/phuclam/.m2/repository/org/apache/commons/commons-lang3/3.16.0/commons-lang3-3.16.0.pom	e280383956c2e72c1deb3a307b3b75f05ee43649b7d43f0215f7b6c7b15eea2c
org.apache.httpcomponents.core5:httpcore5-parent:5.4.3	org.apache.httpcomponents:httpcomponents-parent:14	org.junit:junit-bom:5.13.3	/home/phuclam/.m2/repository/org/apache/httpcomponents/core5/httpcore5-parent/5.4.3/httpcore5-parent-5.4.3.pom	2aa0c3f69b379d49b696cc5978fbe15773ecc90a7b39106d7810e554d054778b
org.apache.httpcomponents.core5:httpcore5:5.4.3	org.apache.httpcomponents.core5:httpcore5-parent:5.4.3		/home/phuclam/.m2/repository/org/apache/httpcomponents/core5/httpcore5/5.4.3/httpcore5-5.4.3.pom	a483ef99599cc5fe2c6105a91e2aa7ac46c1c357b559beb76c7045326dcbd3d1
org.apache.httpcomponents.core5:httpcore5-h2:5.4.3	org.apache.httpcomponents.core5:httpcore5-parent:5.4.3		/home/phuclam/.m2/repository/org/apache/httpcomponents/core5/httpcore5-h2/5.4.3/httpcore5-h2-5.4.3.pom	05a81bab0c695ff79a381e4a1df0a6f582ba556b2d8d60be84c4dc8a9c9f5027
org.antlr:antlr4-master:4.7.2	org.sonatype.oss:oss-parent:9		/home/phuclam/.m2/repository/org/antlr/antlr4-master/4.7.2/antlr4-master-4.7.2.pom	ba99cb25d2390f38680c7502842a0ee0959d1e6403e013ccff698fd5856eead1
org.antlr:antlr4-runtime:4.7.2	org.antlr:antlr4-master:4.7.2		/home/phuclam/.m2/repository/org/antlr/antlr4-runtime/4.7.2/antlr4-runtime-4.7.2.pom	dc09cba98c25d3c06e4aec516885d4c3af03062ba55f4fe6283fc9cf176a60fb
com.google.code.findbugs:jsr305:3.0.2	org.sonatype.oss:oss-parent:7		/home/phuclam/.m2/repository/com/google/code/findbugs/jsr305/3.0.2/jsr305-3.0.2.pom	19889dbdf1b254b2601a5ee645b8147a974644882297684c798afe5d63d78dfe
org.apache.maven.resolver:maven-resolver-api:1.4.1	org.apache.maven.resolver:maven-resolver:1.4.1		/home/phuclam/.m2/repository/org/apache/maven/resolver/maven-resolver-api/1.4.1/maven-resolver-api-1.4.1.pom	335513ce1dd2cf4c7d1dbfa1b8aa14656d9be5f9f3f0d0875ac528893c9f0f06
io.micrometer:micrometer-commons:1.16.7			/home/phuclam/.m2/repository/io/micrometer/micrometer-commons/1.16.7/micrometer-commons-1.16.7.pom	dcae888435f6938ea96c7fa748e59b0590c776ecd8c92d2fdaf6e0be461d504c
org.ow2.asm:asm-tree:9.7	org.ow2:ow2:1.5.1		/home/phuclam/.m2/repository/org/ow2/asm/asm-tree/9.7/asm-tree-9.7.pom	a34ea1e3e4128c01038db43c6976e88c779cf5af84b0505da266dfe6965668ec
