coordinate	entry	sha256	review_state
org.springframework.boot:spring-boot-starter-webmvc:4.1.1	META-INF/LICENSE.txt	7200000367e0e8b47822d563a5ddd2dd3a97cc05b32bd7dbcc7b4eeb92b76628	FULL_TEXT_OR_IDENTICAL_STANDARD_TERMS_REVIEWED
org.springframework.boot:spring-boot-starter-webmvc:4.1.1	META-INF/NOTICE.txt	64e8c092d64ccaecac2d81d324c84a4dff29fdc2cb777f3b1abd910ac2e8555d	FULL_TEXT_OR_IDENTICAL_STANDARD_TERMS_REVIEWED
org.springframework.boot:spring-boot-starter-log4j2:4.1.1	META-INF/LICENSE.txt	7200000367e0e8b47822d563a5ddd2dd3a97cc05b32bd7dbcc7b4eeb92b76628	FULL_TEXT_OR_IDENTICAL_STANDARD_TERMS_REVIEWED
org.springframework.boot:spring-boot-starter-log4j2:4.1.1	META-INF/NOTICE.txt	64e8c092d64ccaecac2d81d324c84a4dff29fdc2cb777f3b1abd910ac2e8555d	FULL_TEXT_OR_IDENTICAL_STANDARD_TERMS_REVIEWED
org.springframework.boot:spring-boot-starter:4.1.1	META-INF/LICENSE.txt	7200000367e0e8b47822d563a5ddd2dd3a97cc05b32bd7dbcc7b4eeb92b76628	FULL_TEXT_OR_IDENTICAL_STANDARD_TERMS_REVIEWED
org.springframework.boot:spring-boot-starter:4.1.1	META-INF/NOTICE.txt	64e8c092d64ccaecac2d81d324c84a4dff29fdc2cb777f3b1abd910ac2e8555d	FULL_TEXT_OR_IDENTICAL_STANDARD_TERMS_REVIEWED
org.springframework.boot:spring-boot-starter-jackson:4.1.1	META-INF/LICENSE.txt	7200000367e0e8b47822d563a5ddd2dd3a97cc05b32bd7dbcc7b4eeb92b76628	FULL_TEXT_OR_IDENTICAL_STANDARD_TERMS_REVIEWED
org.springframework.boot:spring-boot-starter-jackson:4.1.1	META-INF/NOTICE.txt	64e8c092d64ccaecac2d81d324c84a4dff29fdc2cb777f3b1abd910ac2e8555d	FULL_TEXT_OR_IDENTICAL_STANDARD_TERMS_REVIEWED
org.springframework.boot:spring-boot-starter-tomcat:4.1.1	META-INF/LICENSE.txt	7200000367e0e8b47822d563a5ddd2dd3a97cc05b32bd7dbcc7b4eeb92b76628	FULL_TEXT_OR_IDENTICAL_STANDARD_TERMS_REVIEWED
org.springframework.boot:spring-boot-starter-tomcat:4.1.1	META-INF/NOTICE.txt	64e8c092d64ccaecac2d81d324c84a4dff29fdc2cb777f3b1abd910ac2e8555d	FULL_TEXT_OR_IDENTICAL_STANDARD_TERMS_REVIEWED
org.springframework.boot:spring-boot-http-converter:4.1.1	META-INF/LICENSE.txt	7200000367e0e8b47822d563a5ddd2dd3a97cc05b32bd7dbcc7b4eeb92b76628	FULL_TEXT_OR_IDENTICAL_STANDARD_TERMS_REVIEWED
org.springframework.boot:spring-boot-http-converter:4.1.1	META-INF/NOTICE.txt	64e8c092d64ccaecac2d81d324c84a4dff29fdc2cb777f3b1abd910ac2e8555d	FULL_TEXT_OR_IDENTICAL_STANDARD_TERMS_REVIEWED
org.springframework.boot:spring-boot-webmvc:4.1.1	META-INF/LICENSE.txt	7200000367e0e8b47822d563a5ddd2dd3a97cc05b32bd7dbcc7b4eeb92b76628	FULL_TEXT_OR_IDENTICAL_STANDARD_TERMS_REVIEWED
org.springframework.boot:spring-boot-webmvc:4.1.1	META-INF/NOTICE.txt	64e8c092d64ccaecac2d81d324c84a4dff29fdc2cb777f3b1abd910ac2e8555d	FULL_TEXT_OR_IDENTICAL_STANDARD_TERMS_REVIEWED
org.apache.logging.log4j:log4j-slf4j2-impl:2.25.5	META-INF/LICENSE	cfc7749b96f63bd31c3c42b5c471bf756814053e847c10f3eb003417bc523d30	FULL_TEXT_OR_IDENTICAL_STANDARD_TERMS_REVIEWED
org.apache.logging.log4j:log4j-slf4j2-impl:2.25.5	META-INF/NOTICE	60fbe17a0161f93412d3928a281961efffac017eaf0093f4d22109896ff07684	FULL_TEXT_OR_IDENTICAL_STANDARD_TERMS_REVIEWED
org.apache.logging.log4j:log4j-core:2.25.5	META-INF/LICENSE	e118ad8e5f2d3c71f0e7d6202d5829e7580ccd9e3609a546c692788e657afbe2	FULL_TEXT_OR_IDENTICAL_STANDARD_TERMS_REVIEWED
org.apache.logging.log4j:log4j-core:2.25.5	META-INF/NOTICE	47481ebb980fb2d78204a80da2ccdb897c41aa34f43e0e5bcc06c1a32ea9ff48	FULL_TEXT_OR_IDENTICAL_STANDARD_TERMS_REVIEWED
org.apache.logging.log4j:log4j-jul:2.25.5	META-INF/LICENSE	cfc7749b96f63bd31c3c42b5c471bf756814053e847c10f3eb003417bc523d30	FULL_TEXT_OR_IDENTICAL_STANDARD_TERMS_REVIEWED
org.apache.logging.log4j:log4j-jul:2.25.5	META-INF/NOTICE	f756d9b8745c53e5e54e7b286d37e70bb566764601629d7e0a890019ea709b70	FULL_TEXT_OR_IDENTICAL_STANDARD_TERMS_REVIEWED
org.springframework.boot:spring-boot-autoconfigure:4.1.1	META-INF/LICENSE.txt	7200000367e0e8b47822d563a5ddd2dd3a97cc05b32bd7dbcc7b4eeb92b76628	FULL_TEXT_OR_IDENTICAL_STANDARD_TERMS_REVIEWED
org.springframework.boot:spring-boot-autoconfigure:4.1.1	META-INF/NOTICE.txt	64e8c092d64ccaecac2d81d324c84a4dff29fdc2cb777f3b1abd910ac2e8555d	FULL_TEXT_OR_IDENTICAL_STANDARD_TERMS_REVIEWED
jakarta.annotation:jakarta.annotation-api:3.0.0	META-INF/LICENSE.md	6e1f002892b81cbe0647019b150c8a056efc1add565671a4f8af629b6cd2cc7b	FULL_TEXT_OR_IDENTICAL_STANDARD_TERMS_REVIEWED
jakarta.annotation:jakarta.annotation-api:3.0.0	META-INF/NOTICE.md	20bf986a153cc3095639379c99ef0a5a3bf99ac4895429920d380414a3eecf08	FULL_TEXT_OR_IDENTICAL_STANDARD_TERMS_REVIEWED
org.springframework.boot:spring-boot-jackson:4.1.1	META-INF/LICENSE.txt	7200000367e0e8b47822d563a5ddd2dd3a97cc05b32bd7dbcc7b4eeb92b76628	FULL_TEXT_OR_IDENTICAL_STANDARD_TERMS_REVIEWED
org.springframework.boot:spring-boot-jackson:4.1.1	META-INF/NOTICE.txt	64e8c092d64ccaecac2d81d324c84a4dff29fdc2cb777f3b1abd910ac2e8555d	FULL_TEXT_OR_IDENTICAL_STANDARD_TERMS_REVIEWED
org.springframework.boot:spring-boot-starter-tomcat-runtime:4.1.1	META-INF/LICENSE.txt	7200000367e0e8b47822d563a5ddd2dd3a97cc05b32bd7dbcc7b4eeb92b76628	FULL_TEXT_OR_IDENTICAL_STANDARD_TERMS_REVIEWED
org.springframework.boot:spring-boot-starter-tomcat-runtime:4.1.1	META-INF/NOTICE.txt	64e8c092d64ccaecac2d81d324c84a4dff29fdc2cb777f3b1abd910ac2e8555d	FULL_TEXT_OR_IDENTICAL_STANDARD_TERMS_REVIEWED
org.springframework.boot:spring-boot-tomcat:4.1.1	META-INF/LICENSE.txt	7200000367e0e8b47822d563a5ddd2dd3a97cc05b32bd7dbcc7b4eeb92b76628	FULL_TEXT_OR_IDENTICAL_STANDARD_TERMS_REVIEWED
org.springframework.boot:spring-boot-tomcat:4.1.1	META-INF/NOTICE.txt	64e8c092d64ccaecac2d81d324c84a4dff29fdc2cb777f3b1abd910ac2e8555d	FULL_TEXT_OR_IDENTICAL_STANDARD_TERMS_REVIEWED
org.springframework.boot:spring-boot:4.1.1	META-INF/LICENSE.txt	7200000367e0e8b47822d563a5ddd2dd3a97cc05b32bd7dbcc7b4eeb92b76628	FULL_TEXT_OR_IDENTICAL_STANDARD_TERMS_REVIEWED
org.springframework.boot:spring-boot:4.1.1	META-INF/NOTICE.txt	64e8c092d64ccaecac2d81d324c84a4dff29fdc2cb777f3b1abd910ac2e8555d	FULL_TEXT_OR_IDENTICAL_STANDARD_TERMS_REVIEWED
org.springframework:spring-web:7.0.9	META-INF/license.txt	e6b6198486da7dcad3d62c2f9043a8b5e472fe2991b4b144076262c8adccda0f	FULL_TEXT_OR_IDENTICAL_STANDARD_TERMS_REVIEWED
org.springframework:spring-web:7.0.9	META-INF/notice.txt	ca6b51825e9feea8bafd49d40f47b914659b783b4b70f40850ed662021320ddd	FULL_TEXT_OR_IDENTICAL_STANDARD_TERMS_REVIEWED
org.springframework.boot:spring-boot-servlet:4.1.1	META-INF/LICENSE.txt	7200000367e0e8b47822d563a5ddd2dd3a97cc05b32bd7dbcc7b4eeb92b76628	FULL_TEXT_OR_IDENTICAL_STANDARD_TERMS_REVIEWED
org.springframework.boot:spring-boot-servlet:4.1.1	META-INF/NOTICE.txt	64e8c092d64ccaecac2d81d324c84a4dff29fdc2cb777f3b1abd910ac2e8555d	FULL_TEXT_OR_IDENTICAL_STANDARD_TERMS_REVIEWED
org.springframework:spring-webmvc:7.0.9	META-INF/license.txt	e6b6198486da7dcad3d62c2f9043a8b5e472fe2991b4b144076262c8adccda0f	FULL_TEXT_OR_IDENTICAL_STANDARD_TERMS_REVIEWED
org.springframework:spring-webmvc:7.0.9	META-INF/notice.txt	ca6b51825e9feea8bafd49d40f47b914659b783b4b70f40850ed662021320ddd	FULL_TEXT_OR_IDENTICAL_STANDARD_TERMS_REVIEWED
org.apache.logging.log4j:log4j-api:2.25.5	META-INF/LICENSE	cfc7749b96f63bd31c3c42b5c471bf756814053e847c10f3eb003417bc523d30	FULL_TEXT_OR_IDENTICAL_STANDARD_TERMS_REVIEWED
org.apache.logging.log4j:log4j-api:2.25.5	META-INF/NOTICE	0b23e26a6260c82e2608899128a81a0c82e81f15d708779d0639227f6a2f801f	FULL_TEXT_OR_IDENTICAL_STANDARD_TERMS_REVIEWED
org.slf4j:slf4j-api:2.0.18	META-INF/LICENSE.txt	4e7f90c86ab51278228bce153122f1d8df30149d13ce9ef524c8444a84c32dcc	FULL_TEXT_OR_IDENTICAL_STANDARD_TERMS_REVIEWED
tools.jackson.core:jackson-databind:3.1.5	META-INF/LICENSE	cfc7749b96f63bd31c3c42b5c471bf756814053e847c10f3eb003417bc523d30	FULL_TEXT_OR_IDENTICAL_STANDARD_TERMS_REVIEWED
tools.jackson.core:jackson-databind:3.1.5	META-INF/NOTICE	d3fa47349b4ba4a3763bf635b930f8877073aa3915a3f3e45fe4b1842fc60302	FULL_TEXT_OR_IDENTICAL_STANDARD_TERMS_REVIEWED
org.springframework.boot:spring-boot-web-server:4.1.1	META-INF/LICENSE.txt	7200000367e0e8b47822d563a5ddd2dd3a97cc05b32bd7dbcc7b4eeb92b76628	FULL_TEXT_OR_IDENTICAL_STANDARD_TERMS_REVIEWED
org.springframework.boot:spring-boot-web-server:4.1.1	META-INF/NOTICE.txt	64e8c092d64ccaecac2d81d324c84a4dff29fdc2cb777f3b1abd910ac2e8555d	FULL_TEXT_OR_IDENTICAL_STANDARD_TERMS_REVIEWED
org.apache.tomcat.embed:tomcat-embed-core:11.0.24	META-INF/LICENSE	8c39166d578175fb936229613e48de47d9e494b8c7c2fda6da717a1be29c8724	FULL_TEXT_OR_IDENTICAL_STANDARD_TERMS_REVIEWED
org.apache.tomcat.embed:tomcat-embed-core:11.0.24	META-INF/NOTICE	234d3234bb332895157270092fa2a11e80aa0b3d70d59e13de0eed4c2adb1790	FULL_TEXT_OR_IDENTICAL_STANDARD_TERMS_REVIEWED
org.apache.tomcat.embed:tomcat-embed-el:11.0.24	META-INF/LICENSE	cfc7749b96f63bd31c3c42b5c471bf756814053e847c10f3eb003417bc523d30	FULL_TEXT_OR_IDENTICAL_STANDARD_TERMS_REVIEWED
org.apache.tomcat.embed:tomcat-embed-el:11.0.24	META-INF/NOTICE	0317acaa42a5e48bec061cf009cb5c8b4b8ff845f3c6ba548f67c5c22c29fc96	FULL_TEXT_OR_IDENTICAL_STANDARD_TERMS_REVIEWED
org.apache.tomcat.embed:tomcat-embed-websocket:11.0.24	META-INF/LICENSE	cfc7749b96f63bd31c3c42b5c471bf756814053e847c10f3eb003417bc523d30	FULL_TEXT_OR_IDENTICAL_STANDARD_TERMS_REVIEWED
org.apache.tomcat.embed:tomcat-embed-websocket:11.0.24	META-INF/NOTICE	0317acaa42a5e48bec061cf009cb5c8b4b8ff845f3c6ba548f67c5c22c29fc96	FULL_TEXT_OR_IDENTICAL_STANDARD_TERMS_REVIEWED
org.springframework:spring-core:7.0.9	META-INF/license.txt	e6b6198486da7dcad3d62c2f9043a8b5e472fe2991b4b144076262c8adccda0f	FULL_TEXT_OR_IDENTICAL_STANDARD_TERMS_REVIEWED
org.springframework:spring-core:7.0.9	META-INF/notice.txt	ca6b51825e9feea8bafd49d40f47b914659b783b4b70f40850ed662021320ddd	FULL_TEXT_OR_IDENTICAL_STANDARD_TERMS_REVIEWED
org.springframework:spring-context:7.0.9	META-INF/license.txt	e6b6198486da7dcad3d62c2f9043a8b5e472fe2991b4b144076262c8adccda0f	FULL_TEXT_OR_IDENTICAL_STANDARD_TERMS_REVIEWED
org.springframework:spring-context:7.0.9	META-INF/notice.txt	ca6b51825e9feea8bafd49d40f47b914659b783b4b70f40850ed662021320ddd	FULL_TEXT_OR_IDENTICAL_STANDARD_TERMS_REVIEWED
org.springframework:spring-beans:7.0.9	META-INF/license.txt	e6b6198486da7dcad3d62c2f9043a8b5e472fe2991b4b144076262c8adccda0f	FULL_TEXT_OR_IDENTICAL_STANDARD_TERMS_REVIEWED
org.springframework:spring-beans:7.0.9	META-INF/notice.txt	ca6b51825e9feea8bafd49d40f47b914659b783b4b70f40850ed662021320ddd	FULL_TEXT_OR_IDENTICAL_STANDARD_TERMS_REVIEWED
io.micrometer:micrometer-observation:1.17.1	META-INF/LICENSE	62fb8a3a9621dc2388174caaabe9c2317b694bb9a1d46c98bcf5655b68f51be3	FULL_TEXT_OR_IDENTICAL_STANDARD_TERMS_REVIEWED
io.micrometer:micrometer-observation:1.17.1	META-INF/NOTICE	df207ca1a2ea3794caf112d7c1f024c87b4ddfe91d3f243977ad1d3cd085d538	FULL_TEXT_OR_IDENTICAL_STANDARD_TERMS_REVIEWED
org.springframework:spring-aop:7.0.9	META-INF/license.txt	e6b6198486da7dcad3d62c2f9043a8b5e472fe2991b4b144076262c8adccda0f	FULL_TEXT_OR_IDENTICAL_STANDARD_TERMS_REVIEWED
org.springframework:spring-aop:7.0.9	META-INF/notice.txt	ca6b51825e9feea8bafd49d40f47b914659b783b4b70f40850ed662021320ddd	FULL_TEXT_OR_IDENTICAL_STANDARD_TERMS_REVIEWED
org.springframework:spring-expression:7.0.9	META-INF/license.txt	e6b6198486da7dcad3d62c2f9043a8b5e472fe2991b4b144076262c8adccda0f	FULL_TEXT_OR_IDENTICAL_STANDARD_TERMS_REVIEWED
org.springframework:spring-expression:7.0.9	META-INF/notice.txt	ca6b51825e9feea8bafd49d40f47b914659b783b4b70f40850ed662021320ddd	FULL_TEXT_OR_IDENTICAL_STANDARD_TERMS_REVIEWED
com.fasterxml.jackson.core:jackson-annotations:2.21	META-INF/LICENSE	cfc7749b96f63bd31c3c42b5c471bf756814053e847c10f3eb003417bc523d30	FULL_TEXT_OR_IDENTICAL_STANDARD_TERMS_REVIEWED
com.fasterxml.jackson.core:jackson-annotations:2.21	META-INF/NOTICE	612b14bc77c944ce229cbba0d14919162cfea8ed802cbf06a8e865e032d03201	FULL_TEXT_OR_IDENTICAL_STANDARD_TERMS_REVIEWED
tools.jackson.core:jackson-core:3.1.5	META-INF/FastDoubleParser-LICENSE	59067508e44346bf93dc9c5e4d673a67ecd77988c2020bb5e0f8667eb199f396	FULL_TEXT_OR_IDENTICAL_STANDARD_TERMS_REVIEWED
tools.jackson.core:jackson-core:3.1.5	META-INF/FastDoubleParser-ThirdParty-LICENSE	dbc36f9422a40d58d1a214080583667cfd37d61c2fae1657d981edda2a60727f	FULL_TEXT_OR_IDENTICAL_STANDARD_TERMS_REVIEWED
tools.jackson.core:jackson-core:3.1.5	META-INF/LICENSE	cfc7749b96f63bd31c3c42b5c471bf756814053e847c10f3eb003417bc523d30	FULL_TEXT_OR_IDENTICAL_STANDARD_TERMS_REVIEWED
tools.jackson.core:jackson-core:3.1.5	META-INF/Schubfach-LICENSE	12d39a6615219d73202300715e365bec2b958f858d1e837c8f2dace57f905969	FULL_TEXT_OR_IDENTICAL_STANDARD_TERMS_REVIEWED
tools.jackson.core:jackson-core:3.1.5	META-INF/NOTICE	a8eb9ab6d21e719ba217c6367621a7ab5baa3d38df896ef258a9754a6b97527d	FULL_TEXT_OR_IDENTICAL_STANDARD_TERMS_REVIEWED
commons-logging:commons-logging:1.3.6	META-INF/LICENSE.txt	b1d2870f1a00e4d7f56576e5f0870cba109e041f8af66866cf5b499478e654e7	FULL_TEXT_OR_IDENTICAL_STANDARD_TERMS_REVIEWED
commons-logging:commons-logging:1.3.6	META-INF/NOTICE.txt	d649e220dd0497197a266b7d7304a009d06bcefce3141fa6ff4f2ceddb438237	FULL_TEXT_OR_IDENTICAL_STANDARD_TERMS_REVIEWED
io.micrometer:micrometer-commons:1.17.1	META-INF/LICENSE	62fb8a3a9621dc2388174caaabe9c2317b694bb9a1d46c98bcf5655b68f51be3	FULL_TEXT_OR_IDENTICAL_STANDARD_TERMS_REVIEWED
io.micrometer:micrometer-commons:1.17.1	META-INF/NOTICE	df207ca1a2ea3794caf112d7c1f024c87b4ddfe91d3f243977ad1d3cd085d538	FULL_TEXT_OR_IDENTICAL_STANDARD_TERMS_REVIEWED
org.apache.maven.plugins:maven-resources-plugin:3.5.0	META-INF/LICENSE	cfc7749b96f63bd31c3c42b5c471bf756814053e847c10f3eb003417bc523d30	FULL_TEXT_OR_IDENTICAL_STANDARD_TERMS_REVIEWED
org.apache.maven.plugins:maven-resources-plugin:3.5.0	META-INF/NOTICE	092b6e0eb9293b38cef72257b04b589852307f8c3ced43e40bb5d57f4f64ba29	FULL_TEXT_OR_IDENTICAL_STANDARD_TERMS_REVIEWED
org.apache.maven.shared:maven-filtering:3.5.0	META-INF/LICENSE	cfc7749b96f63bd31c3c42b5c471bf756814053e847c10f3eb003417bc523d30	FULL_TEXT_OR_IDENTICAL_STANDARD_TERMS_REVIEWED
org.apache.maven.shared:maven-filtering:3.5.0	META-INF/NOTICE	795687905b3562cd12bd812692fb3abc541f127e5bfc2365becd373ab2592758	FULL_TEXT_OR_IDENTICAL_STANDARD_TERMS_REVIEWED
org.codehaus.plexus:plexus-utils:4.0.2	META-INF/LICENSE	cfc7749b96f63bd31c3c42b5c471bf756814053e847c10f3eb003417bc523d30	FULL_TEXT_OR_IDENTICAL_STANDARD_TERMS_REVIEWED
org.codehaus.plexus:plexus-utils:4.0.2	META-INF/NOTICE	d478d95476787007320df9dafb15c932849281e2ace56e2aacdac475d29470d7	FULL_TEXT_OR_IDENTICAL_STANDARD_TERMS_REVIEWED
org.codehaus.plexus:plexus-utils:4.0.2	licenses/extreme.indiana.edu.license.TXT	0d01b41cfc401bcf852125959d07b1a6bd578f1a7850907c329e4a70b2874db2	FULL_TEXT_OR_IDENTICAL_STANDARD_TERMS_REVIEWED
org.codehaus.plexus:plexus-utils:4.0.2	licenses/javolution.license.TXT	a7436c952fa2dc0701860cf4187d1e8e8e6de6720dec0ae9e0b641bc50eebced	FULL_TEXT_OR_IDENTICAL_STANDARD_TERMS_REVIEWED
org.codehaus.plexus:plexus-utils:4.0.2	licenses/thoughtworks.TXT	b2f730309348c7a19009dcadd92a5d55d75fd54e6df4a818eba7a388656faed9	FULL_TEXT_OR_IDENTICAL_STANDARD_TERMS_REVIEWED
org.apache.maven.plugins:maven-compiler-plugin:3.15.0	META-INF/LICENSE	cfc7749b96f63bd31c3c42b5c471bf756814053e847c10f3eb003417bc523d30	FULL_TEXT_OR_IDENTICAL_STANDARD_TERMS_REVIEWED
org.apache.maven.plugins:maven-compiler-plugin:3.15.0	META-INF/NOTICE	db037b223e7ca11a75c5cb06a2e8b45cc2498cc25a9605cefea3b1b447618d4d	FULL_TEXT_OR_IDENTICAL_STANDARD_TERMS_REVIEWED
org.apache.maven.shared:maven-shared-utils:3.4.2	META-INF/LICENSE	cfc7749b96f63bd31c3c42b5c471bf756814053e847c10f3eb003417bc523d30	FULL_TEXT_OR_IDENTICAL_STANDARD_TERMS_REVIEWED
org.apache.maven.shared:maven-shared-utils:3.4.2	META-INF/NOTICE	c53634c960163f00ba0b0147cc3dee5caf0e6a47bc9909a2fe94b7adcf5d983e	FULL_TEXT_OR_IDENTICAL_STANDARD_TERMS_REVIEWED
org.apache.maven.shared:maven-shared-incremental:1.1	META-INF/LICENSE	cfc7749b96f63bd31c3c42b5c471bf756814053e847c10f3eb003417bc523d30	FULL_TEXT_OR_IDENTICAL_STANDARD_TERMS_REVIEWED
org.apache.maven.shared:maven-shared-incremental:1.1	META-INF/NOTICE	edcf564e3af6b0b21cd33f471e23c7fcbb9d561e2f7a633cf4170e0e6ba566ec	FULL_TEXT_OR_IDENTICAL_STANDARD_TERMS_REVIEWED
commons-io:commons-io:2.11.0	META-INF/LICENSE.txt	8c6db340475136df3c1201d458fa5755698eace76e510471ecc9d857d6083dac	FULL_TEXT_OR_IDENTICAL_STANDARD_TERMS_REVIEWED
commons-io:commons-io:2.11.0	META-INF/NOTICE.txt	ee61751b4bcbff8cd61712c6e19793bcdeb6ea29c32c2dd46f7c948dc1a74cfc	FULL_TEXT_OR_IDENTICAL_STANDARD_TERMS_REVIEWED
org.codehaus.plexus:plexus-xml:3.0.1	META-INF/LICENSE	cfc7749b96f63bd31c3c42b5c471bf756814053e847c10f3eb003417bc523d30	FULL_TEXT_OR_IDENTICAL_STANDARD_TERMS_REVIEWED
org.codehaus.plexus:plexus-xml:3.0.1	META-INF/NOTICE	d478d95476787007320df9dafb15c932849281e2ace56e2aacdac475d29470d7	FULL_TEXT_OR_IDENTICAL_STANDARD_TERMS_REVIEWED
org.codehaus.plexus:plexus-xml:3.0.1	licenses/extreme.indiana.edu.license.TXT	0d01b41cfc401bcf852125959d07b1a6bd578f1a7850907c329e4a70b2874db2	FULL_TEXT_OR_IDENTICAL_STANDARD_TERMS_REVIEWED
org.codehaus.plexus:plexus-xml:3.0.1	licenses/javolution.license.TXT	a7436c952fa2dc0701860cf4187d1e8e8e6de6720dec0ae9e0b641bc50eebced	FULL_TEXT_OR_IDENTICAL_STANDARD_TERMS_REVIEWED
org.codehaus.plexus:plexus-xml:3.0.1	licenses/thoughtworks.TXT	b2f730309348c7a19009dcadd92a5d55d75fd54e6df4a818eba7a388656faed9	FULL_TEXT_OR_IDENTICAL_STANDARD_TERMS_REVIEWED
org.apache.maven.plugins:maven-jar-plugin:3.5.1	META-INF/LICENSE	cfc7749b96f63bd31c3c42b5c471bf756814053e847c10f3eb003417bc523d30	FULL_TEXT_OR_IDENTICAL_STANDARD_TERMS_REVIEWED
org.apache.maven.plugins:maven-jar-plugin:3.5.1	META-INF/NOTICE	43f5c095ed3afd25435d18f6bfd6e797bb2652e983b3decf6847663c9e003eac	FULL_TEXT_OR_IDENTICAL_STANDARD_TERMS_REVIEWED
org.apache.maven.shared:file-management:3.2.0	META-INF/LICENSE	cfc7749b96f63bd31c3c42b5c471bf756814053e847c10f3eb003417bc523d30	FULL_TEXT_OR_IDENTICAL_STANDARD_TERMS_REVIEWED
org.apache.maven.shared:file-management:3.2.0	META-INF/NOTICE	d06501777784f77759bfb48dffa5775df76c2fc4a0b2cc5cb36e8a62ec325d58	FULL_TEXT_OR_IDENTICAL_STANDARD_TERMS_REVIEWED
org.apache.maven:maven-archiver:3.6.6	META-INF/LICENSE	cfc7749b96f63bd31c3c42b5c471bf756814053e847c10f3eb003417bc523d30	FULL_TEXT_OR_IDENTICAL_STANDARD_TERMS_REVIEWED
org.apache.maven:maven-archiver:3.6.6	META-INF/NOTICE	57a84132534429841984a40c9c5c99fb7853af56de9aa1e9124958677475c288	FULL_TEXT_OR_IDENTICAL_STANDARD_TERMS_REVIEWED
commons-io:commons-io:2.22.0	META-INF/LICENSE.txt	c1d1a38c99c48ccad170890ade6066e2e240bb6ce59861d4eb7f672eddd2a4c6	FULL_TEXT_OR_IDENTICAL_STANDARD_TERMS_REVIEWED
commons-io:commons-io:2.22.0	META-INF/NOTICE.txt	85394d154ee5c7b48057f0a29329b6d4c80d2513d4c02b233a69207c522763cf	FULL_TEXT_OR_IDENTICAL_STANDARD_TERMS_REVIEWED
org.codehaus.plexus:plexus-utils:4.0.3	META-INF/LICENSE	cfc7749b96f63bd31c3c42b5c471bf756814053e847c10f3eb003417bc523d30	FULL_TEXT_OR_IDENTICAL_STANDARD_TERMS_REVIEWED
org.codehaus.plexus:plexus-utils:4.0.3	META-INF/NOTICE	d478d95476787007320df9dafb15c932849281e2ace56e2aacdac475d29470d7	FULL_TEXT_OR_IDENTICAL_STANDARD_TERMS_REVIEWED
org.codehaus.plexus:plexus-utils:4.0.3	licenses/extreme.indiana.edu.license.TXT	0d01b41cfc401bcf852125959d07b1a6bd578f1a7850907c329e4a70b2874db2	FULL_TEXT_OR_IDENTICAL_STANDARD_TERMS_REVIEWED
org.codehaus.plexus:plexus-utils:4.0.3	licenses/javolution.license.TXT	a7436c952fa2dc0701860cf4187d1e8e8e6de6720dec0ae9e0b641bc50eebced	FULL_TEXT_OR_IDENTICAL_STANDARD_TERMS_REVIEWED
org.codehaus.plexus:plexus-utils:4.0.3	licenses/thoughtworks.TXT	b2f730309348c7a19009dcadd92a5d55d75fd54e6df4a818eba7a388656faed9	FULL_TEXT_OR_IDENTICAL_STANDARD_TERMS_REVIEWED
org.apache.commons:commons-compress:1.28.0	META-INF/LICENSE.txt	51b88fd3e9e24edcdce1dd145a4fca2dcd12911407f00b06dfa6ff600f9733c1	FULL_TEXT_OR_IDENTICAL_STANDARD_TERMS_REVIEWED
org.apache.commons:commons-compress:1.28.0	META-INF/NOTICE.txt	0d98967f0ab328af8d9d536aa9a5c684b5dd665657245f6ee6b5915affe811c0	FULL_TEXT_OR_IDENTICAL_STANDARD_TERMS_REVIEWED
commons-codec:commons-codec:1.19.0	META-INF/LICENSE.txt	b1d2870f1a00e4d7f56576e5f0870cba109e041f8af66866cf5b499478e654e7	FULL_TEXT_OR_IDENTICAL_STANDARD_TERMS_REVIEWED
commons-codec:commons-codec:1.19.0	META-INF/NOTICE.txt	b64933ee1d36d14659156223a2604edadb60bffdd465d5368ff422d7689db5fb	FULL_TEXT_OR_IDENTICAL_STANDARD_TERMS_REVIEWED
org.apache.commons:commons-lang3:3.18.0	META-INF/LICENSE.txt	b1d2870f1a00e4d7f56576e5f0870cba109e041f8af66866cf5b499478e654e7	FULL_TEXT_OR_IDENTICAL_STANDARD_TERMS_REVIEWED
org.apache.commons:commons-lang3:3.18.0	META-INF/NOTICE.txt	64bc8696af3f6c770521412b85d3a733fa44b2ef5b0f4bd739e0c4d02eca492a	FULL_TEXT_OR_IDENTICAL_STANDARD_TERMS_REVIEWED
org.springframework.boot:spring-boot-maven-plugin:4.1.1	META-INF/LICENSE.txt	7200000367e0e8b47822d563a5ddd2dd3a97cc05b32bd7dbcc7b4eeb92b76628	FULL_TEXT_OR_IDENTICAL_STANDARD_TERMS_REVIEWED
org.springframework.boot:spring-boot-maven-plugin:4.1.1	META-INF/NOTICE.txt	64e8c092d64ccaecac2d81d324c84a4dff29fdc2cb777f3b1abd910ac2e8555d	FULL_TEXT_OR_IDENTICAL_STANDARD_TERMS_REVIEWED
org.springframework.boot:spring-boot-buildpack-platform:4.1.1	META-INF/LICENSE.txt	7200000367e0e8b47822d563a5ddd2dd3a97cc05b32bd7dbcc7b4eeb92b76628	FULL_TEXT_OR_IDENTICAL_STANDARD_TERMS_REVIEWED
org.springframework.boot:spring-boot-buildpack-platform:4.1.1	META-INF/NOTICE.txt	64e8c092d64ccaecac2d81d324c84a4dff29fdc2cb777f3b1abd910ac2e8555d	FULL_TEXT_OR_IDENTICAL_STANDARD_TERMS_REVIEWED
org.springframework.boot:spring-boot-loader-tools:4.1.1	META-INF/LICENSE.txt	7200000367e0e8b47822d563a5ddd2dd3a97cc05b32bd7dbcc7b4eeb92b76628	FULL_TEXT_OR_IDENTICAL_STANDARD_TERMS_REVIEWED
org.springframework.boot:spring-boot-loader-tools:4.1.1	META-INF/NOTICE.txt	64e8c092d64ccaecac2d81d324c84a4dff29fdc2cb777f3b1abd910ac2e8555d	FULL_TEXT_OR_IDENTICAL_STANDARD_TERMS_REVIEWED
org.apache.maven.shared:maven-common-artifact-filters:3.4.0	META-INF/LICENSE	cfc7749b96f63bd31c3c42b5c471bf756814053e847c10f3eb003417bc523d30	FULL_TEXT_OR_IDENTICAL_STANDARD_TERMS_REVIEWED
org.apache.maven.shared:maven-common-artifact-filters:3.4.0	META-INF/NOTICE	154636644226ffddec579784777a70b5bd06ed02395535ca1e0a4214587ada53	FULL_TEXT_OR_IDENTICAL_STANDARD_TERMS_REVIEWED
net.java.dev.jna:jna-platform:5.17.0	META-INF/LICENSE	07c938b23950ab7d47a24ef35f9f5da3a05ae164278dc959ad6994135ed59ff1	FULL_TEXT_OR_IDENTICAL_STANDARD_TERMS_REVIEWED
org.apache.commons:commons-compress:1.27.1	META-INF/LICENSE.txt	c71d239df91726fc519c6eb72d318ec65820627232b2f796219e87dcf35d0ab4	FULL_TEXT_OR_IDENTICAL_STANDARD_TERMS_REVIEWED
org.apache.commons:commons-compress:1.27.1	META-INF/NOTICE.txt	28a309fd415da6e802ecf85061a451f7ac4353f3610f2982f7af29e9d1529289	FULL_TEXT_OR_IDENTICAL_STANDARD_TERMS_REVIEWED
org.apache.httpcomponents.client5:httpclient5:5.6.4	META-INF/LICENSE	cfc7749b96f63bd31c3c42b5c471bf756814053e847c10f3eb003417bc523d30	FULL_TEXT_OR_IDENTICAL_STANDARD_TERMS_REVIEWED
org.apache.httpcomponents.client5:httpclient5:5.6.4	META-INF/NOTICE	4ad1973880c25e0c41fdf45fb47fbb3cb935b322982cca535d4dbf8062cc5a47	FULL_TEXT_OR_IDENTICAL_STANDARD_TERMS_REVIEWED
org.apache.maven.resolver:maven-resolver-util:1.4.1	META-INF/NOTICE	7aab1725087cea664451d0441ba21c2178b785d6aefeeea4b5b0425b1a52a77d	FULL_TEXT_OR_IDENTICAL_STANDARD_TERMS_REVIEWED
org.apache.maven.resolver:maven-resolver-util:1.4.1	META-INF/LICENSE	cfc7749b96f63bd31c3c42b5c471bf756814053e847c10f3eb003417bc523d30	FULL_TEXT_OR_IDENTICAL_STANDARD_TERMS_REVIEWED
commons-logging:commons-logging:1.3.5	META-INF/LICENSE.txt	cfc7749b96f63bd31c3c42b5c471bf756814053e847c10f3eb003417bc523d30	FULL_TEXT_OR_IDENTICAL_STANDARD_TERMS_REVIEWED
commons-logging:commons-logging:1.3.5	META-INF/NOTICE.txt	382465304e6c735306d536ffdf31e42e798526f73c2c980a2f61291b2f975cc8	FULL_TEXT_OR_IDENTICAL_STANDARD_TERMS_REVIEWED
io.micrometer:micrometer-observation:1.16.7	META-INF/LICENSE	62fb8a3a9621dc2388174caaabe9c2317b694bb9a1d46c98bcf5655b68f51be3	FULL_TEXT_OR_IDENTICAL_STANDARD_TERMS_REVIEWED
io.micrometer:micrometer-observation:1.16.7	META-INF/NOTICE	df207ca1a2ea3794caf112d7c1f024c87b4ddfe91d3f243977ad1d3cd085d538	FULL_TEXT_OR_IDENTICAL_STANDARD_TERMS_REVIEWED
net.java.dev.jna:jna:5.17.0	META-INF/LICENSE	07c938b23950ab7d47a24ef35f9f5da3a05ae164278dc959ad6994135ed59ff1	FULL_TEXT_OR_IDENTICAL_STANDARD_TERMS_REVIEWED
commons-codec:commons-codec:1.17.1	META-INF/LICENSE.txt	cfc7749b96f63bd31c3c42b5c471bf756814053e847c10f3eb003417bc523d30	FULL_TEXT_OR_IDENTICAL_STANDARD_TERMS_REVIEWED
commons-codec:commons-codec:1.17.1	META-INF/NOTICE.txt	fc5bececcc4708ba23267644c1dbca212cfb015f21713f8080f99e441592d2e2	FULL_TEXT_OR_IDENTICAL_STANDARD_TERMS_REVIEWED
commons-io:commons-io:2.16.1	META-INF/LICENSE.txt	8c6db340475136df3c1201d458fa5755698eace76e510471ecc9d857d6083dac	FULL_TEXT_OR_IDENTICAL_STANDARD_TERMS_REVIEWED
commons-io:commons-io:2.16.1	META-INF/NOTICE.txt	67c72e54966f6545bd78b068b6f8ab1cabb5dd040d8a299e5ce00401ebdd030c	FULL_TEXT_OR_IDENTICAL_STANDARD_TERMS_REVIEWED
org.apache.commons:commons-lang3:3.16.0	META-INF/LICENSE.txt	cfc7749b96f63bd31c3c42b5c471bf756814053e847c10f3eb003417bc523d30	FULL_TEXT_OR_IDENTICAL_STANDARD_TERMS_REVIEWED
org.apache.commons:commons-lang3:3.16.0	META-INF/NOTICE.txt	73c3dd73ad54910699e4e364345798d083a9126b9799663d4bdce8d7468b7f66	FULL_TEXT_OR_IDENTICAL_STANDARD_TERMS_REVIEWED
org.apache.httpcomponents.core5:httpcore5:5.4.3	META-INF/LICENSE	cfc7749b96f63bd31c3c42b5c471bf756814053e847c10f3eb003417bc523d30	FULL_TEXT_OR_IDENTICAL_STANDARD_TERMS_REVIEWED
org.apache.httpcomponents.core5:httpcore5:5.4.3	META-INF/NOTICE	94a71d64ef74b0ca85db2d5e538118a4265ff8eed2f978eda58d2cfa5d88a310	FULL_TEXT_OR_IDENTICAL_STANDARD_TERMS_REVIEWED
org.apache.httpcomponents.core5:httpcore5-h2:5.4.3	META-INF/LICENSE	cfc7749b96f63bd31c3c42b5c471bf756814053e847c10f3eb003417bc523d30	FULL_TEXT_OR_IDENTICAL_STANDARD_TERMS_REVIEWED
org.apache.httpcomponents.core5:httpcore5-h2:5.4.3	META-INF/NOTICE	9c9b2e926919e38adf222b3191267806a742ce1adcd1e13dc91d11014b85bd57	FULL_TEXT_OR_IDENTICAL_STANDARD_TERMS_REVIEWED
org.apache.maven.resolver:maven-resolver-api:1.4.1	META-INF/LICENSE	cfc7749b96f63bd31c3c42b5c471bf756814053e847c10f3eb003417bc523d30	FULL_TEXT_OR_IDENTICAL_STANDARD_TERMS_REVIEWED
org.apache.maven.resolver:maven-resolver-api:1.4.1	META-INF/NOTICE	18959c75c15a31c53a560c41a742729a997cc7b11099cd19ecbb7547ab736e12	FULL_TEXT_OR_IDENTICAL_STANDARD_TERMS_REVIEWED
io.micrometer:micrometer-commons:1.16.7	META-INF/LICENSE	62fb8a3a9621dc2388174caaabe9c2317b694bb9a1d46c98bcf5655b68f51be3	FULL_TEXT_OR_IDENTICAL_STANDARD_TERMS_REVIEWED
io.micrometer:micrometer-commons:1.16.7	META-INF/NOTICE	df207ca1a2ea3794caf112d7c1f024c87b4ddfe91d3f243977ad1d3cd085d538	FULL_TEXT_OR_IDENTICAL_STANDARD_TERMS_REVIEWED
org.codehaus.plexus:plexus-utils:3.6.0	META-INF/LICENSE	cfc7749b96f63bd31c3c42b5c471bf756814053e847c10f3eb003417bc523d30	FULL_TEXT_OR_IDENTICAL_STANDARD_TERMS_REVIEWED
org.codehaus.plexus:plexus-utils:3.6.0	META-INF/NOTICE	d478d95476787007320df9dafb15c932849281e2ace56e2aacdac475d29470d7	FULL_TEXT_OR_IDENTICAL_STANDARD_TERMS_REVIEWED
org.codehaus.plexus:plexus-utils:3.6.0	licenses/extreme.indiana.edu.license.TXT	0d01b41cfc401bcf852125959d07b1a6bd578f1a7850907c329e4a70b2874db2	FULL_TEXT_OR_IDENTICAL_STANDARD_TERMS_REVIEWED
org.codehaus.plexus:plexus-utils:3.6.0	licenses/javolution.license.TXT	a7436c952fa2dc0701860cf4187d1e8e8e6de6720dec0ae9e0b641bc50eebced	FULL_TEXT_OR_IDENTICAL_STANDARD_TERMS_REVIEWED
org.codehaus.plexus:plexus-utils:3.6.0	licenses/thoughtworks.TXT	b2f730309348c7a19009dcadd92a5d55d75fd54e6df4a818eba7a388656faed9	FULL_TEXT_OR_IDENTICAL_STANDARD_TERMS_REVIEWED
org.apache.maven.plugins:maven-shade-plugin:3.6.0	META-INF/LICENSE	cfc7749b96f63bd31c3c42b5c471bf756814053e847c10f3eb003417bc523d30	FULL_TEXT_OR_IDENTICAL_STANDARD_TERMS_REVIEWED
org.apache.maven.plugins:maven-shade-plugin:3.6.0	META-INF/NOTICE	4d970f9310d1a2963712a6700dd6358f5eee77cbe42671483855c9f0586b98ab	FULL_TEXT_OR_IDENTICAL_STANDARD_TERMS_REVIEWED
org.codehaus.plexus:plexus-utils:3.5.1	META-INF/LICENSE	cfc7749b96f63bd31c3c42b5c471bf756814053e847c10f3eb003417bc523d30	FULL_TEXT_OR_IDENTICAL_STANDARD_TERMS_REVIEWED
org.codehaus.plexus:plexus-utils:3.5.1	META-INF/NOTICE	d478d95476787007320df9dafb15c932849281e2ace56e2aacdac475d29470d7	FULL_TEXT_OR_IDENTICAL_STANDARD_TERMS_REVIEWED
org.codehaus.plexus:plexus-utils:3.5.1	licenses/extreme.indiana.edu.license.TXT	0d01b41cfc401bcf852125959d07b1a6bd578f1a7850907c329e4a70b2874db2	FULL_TEXT_OR_IDENTICAL_STANDARD_TERMS_REVIEWED
org.codehaus.plexus:plexus-utils:3.5.1	licenses/javolution.license.TXT	a7436c952fa2dc0701860cf4187d1e8e8e6de6720dec0ae9e0b641bc50eebced	FULL_TEXT_OR_IDENTICAL_STANDARD_TERMS_REVIEWED
org.codehaus.plexus:plexus-utils:3.5.1	licenses/thoughtworks.TXT	b2f730309348c7a19009dcadd92a5d55d75fd54e6df4a818eba7a388656faed9	FULL_TEXT_OR_IDENTICAL_STANDARD_TERMS_REVIEWED
org.jdom:jdom2:2.0.6.1	META-INF/LICENSE.txt	9d3878b0a87ad1b2bafb729e8c9085b36b17bd0d30a813030113e13f99cced2c	FULL_TEXT_OR_IDENTICAL_STANDARD_TERMS_REVIEWED
org.vafer:jdependency:2.10	META-INF/LICENSE.txt	8c6db340475136df3c1201d458fa5755698eace76e510471ecc9d857d6083dac	FULL_TEXT_OR_IDENTICAL_STANDARD_TERMS_REVIEWED
org.vafer:jdependency:2.10	META-INF/NOTICE.txt	d881568c91b929923350fa3b9db693a0b1e6ae9de972087822e4e87802561c6a	FULL_TEXT_OR_IDENTICAL_STANDARD_TERMS_REVIEWED
