coordinate	graphs	cached_path	jar_sha256	exact_terms	intake_disposition	actions	rights_evidence	embedded_legal_sha256s	compliance_owner	intended_use
org.springframework.boot:spring-boot-starter-webmvc:4.1.1	application	/home/phuclam/.m2/repository/org/springframework/boot/spring-boot-starter-webmvc/4.1.1/spring-boot-starter-webmvc-4.1.1.jar	4aec3edbdf6317fefe23db1b989d8bba143a45a51c1fc32346146ecebf67d625	Apache-2.0	APPROVED-WITH-OBLIGATIONS	O1	embedded	7200000367e0e8b47822d563a5ddd2dd3a97cc05b32bd7dbcc7b4eeb92b76628;64e8c092d64ccaecac2d81d324c84a4dff29fdc2cb777f3b1abd910ac2e8555d	Engineering; Legal Review Authority for L1-L6	DEPENDENCY; internal unmodified T027 only
org.springframework.boot:spring-boot-starter-log4j2:4.1.1	application	/home/phuclam/.m2/repository/org/springframework/boot/spring-boot-starter-log4j2/4.1.1/spring-boot-starter-log4j2-4.1.1.jar	cd4c58788a6c92f7f06a46fc888b0ed1e4eba1ff55bf901db6eeda2359e0693d	Apache-2.0	APPROVED-WITH-OBLIGATIONS	O1	embedded	7200000367e0e8b47822d563a5ddd2dd3a97cc05b32bd7dbcc7b4eeb92b76628;64e8c092d64ccaecac2d81d324c84a4dff29fdc2cb777f3b1abd910ac2e8555d	Engineering; Legal Review Authority for L1-L6	DEPENDENCY; internal unmodified T027 only
org.springframework.boot:spring-boot-starter:4.1.1	application	/home/phuclam/.m2/repository/org/springframework/boot/spring-boot-starter/4.1.1/spring-boot-starter-4.1.1.jar	de5b2dd28400eda20914fd4a6054d0c201e68d2e4de35a25a4d89f054ccc2e63	Apache-2.0	APPROVED-WITH-OBLIGATIONS	O1	embedded	7200000367e0e8b47822d563a5ddd2dd3a97cc05b32bd7dbcc7b4eeb92b76628;64e8c092d64ccaecac2d81d324c84a4dff29fdc2cb777f3b1abd910ac2e8555d	Engineering; Legal Review Authority for L1-L6	DEPENDENCY; internal unmodified T027 only
org.springframework.boot:spring-boot-starter-jackson:4.1.1	application	/home/phuclam/.m2/repository/org/springframework/boot/spring-boot-starter-jackson/4.1.1/spring-boot-starter-jackson-4.1.1.jar	d30e594a3e0f3a090438fc22000a87ab577a3b80c674180a10544ca331207f24	Apache-2.0	APPROVED-WITH-OBLIGATIONS	O1	embedded	7200000367e0e8b47822d563a5ddd2dd3a97cc05b32bd7dbcc7b4eeb92b76628;64e8c092d64ccaecac2d81d324c84a4dff29fdc2cb777f3b1abd910ac2e8555d	Engineering; Legal Review Authority for L1-L6	DEPENDENCY; internal unmodified T027 only
org.springframework.boot:spring-boot-starter-tomcat:4.1.1	application	/home/phuclam/.m2/repository/org/springframework/boot/spring-boot-starter-tomcat/4.1.1/spring-boot-starter-tomcat-4.1.1.jar	f224d8504be3b413825ee85ef549a7b1598ee8512e062c6bd5ddce1043cd388a	Apache-2.0	APPROVED-WITH-OBLIGATIONS	O1	embedded	7200000367e0e8b47822d563a5ddd2dd3a97cc05b32bd7dbcc7b4eeb92b76628;64e8c092d64ccaecac2d81d324c84a4dff29fdc2cb777f3b1abd910ac2e8555d	Engineering; Legal Review Authority for L1-L6	DEPENDENCY; internal unmodified T027 only
org.springframework.boot:spring-boot-http-converter:4.1.1	application	/home/phuclam/.m2/repository/org/springframework/boot/spring-boot-http-converter/4.1.1/spring-boot-http-converter-4.1.1.jar	52a167430a918c223b2ccd2eb62aff91a8e43e6daebe5a07caa37b9a04c61cb9	Apache-2.0	APPROVED-WITH-OBLIGATIONS	O1	embedded	7200000367e0e8b47822d563a5ddd2dd3a97cc05b32bd7dbcc7b4eeb92b76628;64e8c092d64ccaecac2d81d324c84a4dff29fdc2cb777f3b1abd910ac2e8555d	Engineering; Legal Review Authority for L1-L6	DEPENDENCY; internal unmodified T027 only
org.springframework.boot:spring-boot-webmvc:4.1.1	application	/home/phuclam/.m2/repository/org/springframework/boot/spring-boot-webmvc/4.1.1/spring-boot-webmvc-4.1.1.jar	9f08c1fb938c45a8693fec5f3065be3aca203948a7ab4d56b06444986f75a6b2	Apache-2.0	APPROVED-WITH-OBLIGATIONS	O1	embedded	7200000367e0e8b47822d563a5ddd2dd3a97cc05b32bd7dbcc7b4eeb92b76628;64e8c092d64ccaecac2d81d324c84a4dff29fdc2cb777f3b1abd910ac2e8555d	Engineering; Legal Review Authority for L1-L6	DEPENDENCY; internal unmodified T027 only
org.apache.logging.log4j:log4j-slf4j2-impl:2.25.5	application	/home/phuclam/.m2/repository/org/apache/logging/log4j/log4j-slf4j2-impl/2.25.5/log4j-slf4j2-impl-2.25.5.jar	8cab16dd6fc4c8f14c1c473022cb217512f2bbb2d59a70f8ec90a268d64d8831	Apache-2.0	APPROVED-WITH-OBLIGATIONS	O1	embedded	cfc7749b96f63bd31c3c42b5c471bf756814053e847c10f3eb003417bc523d30;60fbe17a0161f93412d3928a281961efffac017eaf0093f4d22109896ff07684	Engineering; Legal Review Authority for L1-L6	DEPENDENCY; internal unmodified T027 only
org.apache.logging.log4j:log4j-core:2.25.5	application	/home/phuclam/.m2/repository/org/apache/logging/log4j/log4j-core/2.25.5/log4j-core-2.25.5.jar	050c4f85deb48b055e9c041ac39043fbb79ce477841a11a1eb2969c86c6a0072	Apache-2.0	APPROVED-WITH-OBLIGATIONS	O1	embedded	e118ad8e5f2d3c71f0e7d6202d5829e7580ccd9e3609a546c692788e657afbe2;47481ebb980fb2d78204a80da2ccdb897c41aa34f43e0e5bcc06c1a32ea9ff48	Engineering; Legal Review Authority for L1-L6	DEPENDENCY; internal unmodified T027 only
org.apache.logging.log4j:log4j-jul:2.25.5	application	/home/phuclam/.m2/repository/org/apache/logging/log4j/log4j-jul/2.25.5/log4j-jul-2.25.5.jar	23c0b34c3c31811bea7716a33137d1e9e8e228f9f8c240b69f30cdca9afe9a7a	Apache-2.0	APPROVED-WITH-OBLIGATIONS	O1	embedded	cfc7749b96f63bd31c3c42b5c471bf756814053e847c10f3eb003417bc523d30;f756d9b8745c53e5e54e7b286d37e70bb566764601629d7e0a890019ea709b70	Engineering; Legal Review Authority for L1-L6	DEPENDENCY; internal unmodified T027 only
org.springframework.boot:spring-boot-autoconfigure:4.1.1	application	/home/phuclam/.m2/repository/org/springframework/boot/spring-boot-autoconfigure/4.1.1/spring-boot-autoconfigure-4.1.1.jar	59228756ddd76cea050f95d86deff334789bc53b6688beaa673b1af2b9794592	Apache-2.0	APPROVED-WITH-OBLIGATIONS	O1	embedded	7200000367e0e8b47822d563a5ddd2dd3a97cc05b32bd7dbcc7b4eeb92b76628;64e8c092d64ccaecac2d81d324c84a4dff29fdc2cb777f3b1abd910ac2e8555d	Engineering; Legal Review Authority for L1-L6	DEPENDENCY; internal unmodified T027 only
jakarta.annotation:jakarta.annotation-api:3.0.0	application	/home/phuclam/.m2/repository/jakarta/annotation/jakarta.annotation-api/3.0.0/jakarta.annotation-api-3.0.0.jar	b01f55552284cfb149411e64eabca75e942d26d2e1786b32914250e4330afaa2	EPL-2.0 OR GPL-2.0-with-Classpath-exception	BLOCKED-LEGAL	L2	embedded	6e1f002892b81cbe0647019b150c8a056efc1add565671a4f8af629b6cd2cc7b;20bf986a153cc3095639379c99ef0a5a3bf99ac4895429920d380414a3eecf08	Engineering; Legal Review Authority for L1-L6	DEPENDENCY; internal unmodified T027 only
org.yaml:snakeyaml:2.6	application	/home/phuclam/.m2/repository/org/yaml/snakeyaml/2.6/snakeyaml-2.6.jar	c8f7a98e7394adda02f6317249710e4d1b4c7a25aa8c7eace0c2eea52eb8bf85	Apache-2.0	APPROVED-WITH-OBLIGATIONS	O1,O2	upstream-rights Q02-R01-R04	UPSTREAM_SOURCE_EVIDENCE	Engineering; Legal Review Authority for L1-L6	DEPENDENCY; internal unmodified T027 only
org.springframework.boot:spring-boot-jackson:4.1.1	application	/home/phuclam/.m2/repository/org/springframework/boot/spring-boot-jackson/4.1.1/spring-boot-jackson-4.1.1.jar	69a9b4d8850a0532a5e44ff7306a03621485b26596e7f9481de7d28e68a2dd42	Apache-2.0	APPROVED-WITH-OBLIGATIONS	O1	embedded	7200000367e0e8b47822d563a5ddd2dd3a97cc05b32bd7dbcc7b4eeb92b76628;64e8c092d64ccaecac2d81d324c84a4dff29fdc2cb777f3b1abd910ac2e8555d	Engineering; Legal Review Authority for L1-L6	DEPENDENCY; internal unmodified T027 only
org.springframework.boot:spring-boot-starter-tomcat-runtime:4.1.1	application	/home/phuclam/.m2/repository/org/springframework/boot/spring-boot-starter-tomcat-runtime/4.1.1/spring-boot-starter-tomcat-runtime-4.1.1.jar	580f0d9a9d02a1a6e387640e422af42f9dbdf302836d562ec595fdb2b31a1c29	Apache-2.0	APPROVED-WITH-OBLIGATIONS	O1	embedded	7200000367e0e8b47822d563a5ddd2dd3a97cc05b32bd7dbcc7b4eeb92b76628;64e8c092d64ccaecac2d81d324c84a4dff29fdc2cb777f3b1abd910ac2e8555d	Engineering; Legal Review Authority for L1-L6	DEPENDENCY; internal unmodified T027 only
org.springframework.boot:spring-boot-tomcat:4.1.1	application	/home/phuclam/.m2/repository/org/springframework/boot/spring-boot-tomcat/4.1.1/spring-boot-tomcat-4.1.1.jar	17f65629e4eb3c979c0572b69b57d630bb12e64869e9d7520adddaa6734256b6	Apache-2.0	APPROVED-WITH-OBLIGATIONS	O1	embedded	7200000367e0e8b47822d563a5ddd2dd3a97cc05b32bd7dbcc7b4eeb92b76628;64e8c092d64ccaecac2d81d324c84a4dff29fdc2cb777f3b1abd910ac2e8555d	Engineering; Legal Review Authority for L1-L6	DEPENDENCY; internal unmodified T027 only
org.springframework.boot:spring-boot:4.1.1	application	/home/phuclam/.m2/repository/org/springframework/boot/spring-boot/4.1.1/spring-boot-4.1.1.jar	0d92b532b1d4020640e72d78c31af175c23db8e0ddd45b81855b7fdf4c9c70f0	Apache-2.0	APPROVED-WITH-OBLIGATIONS	O1	embedded	7200000367e0e8b47822d563a5ddd2dd3a97cc05b32bd7dbcc7b4eeb92b76628;64e8c092d64ccaecac2d81d324c84a4dff29fdc2cb777f3b1abd910ac2e8555d	Engineering; Legal Review Authority for L1-L6	DEPENDENCY; internal unmodified T027 only
org.springframework:spring-web:7.0.9	application	/home/phuclam/.m2/repository/org/springframework/spring-web/7.0.9/spring-web-7.0.9.jar	941ced476427bde2533872f293da535fd0258de3f3a650a7f1bfe01ed2927302	Apache-2.0	APPROVED-WITH-OBLIGATIONS	O1,O2	embedded	e6b6198486da7dcad3d62c2f9043a8b5e472fe2991b4b144076262c8adccda0f;ca6b51825e9feea8bafd49d40f47b914659b783b4b70f40850ed662021320ddd	Engineering; Legal Review Authority for L1-L6	DEPENDENCY; internal unmodified T027 only
org.springframework.boot:spring-boot-servlet:4.1.1	application	/home/phuclam/.m2/repository/org/springframework/boot/spring-boot-servlet/4.1.1/spring-boot-servlet-4.1.1.jar	4dcb156e311a4c1ad5f1ed7eabd94a78ea74510b05c429a4fcfdcf8beb9d5882	Apache-2.0	APPROVED-WITH-OBLIGATIONS	O1	embedded	7200000367e0e8b47822d563a5ddd2dd3a97cc05b32bd7dbcc7b4eeb92b76628;64e8c092d64ccaecac2d81d324c84a4dff29fdc2cb777f3b1abd910ac2e8555d	Engineering; Legal Review Authority for L1-L6	DEPENDENCY; internal unmodified T027 only
org.springframework:spring-webmvc:7.0.9	application	/home/phuclam/.m2/repository/org/springframework/spring-webmvc/7.0.9/spring-webmvc-7.0.9.jar	8f114c1461692c5e534e82b27de23b7fb23370db8dee7ce0c92d5106906c9555	Apache-2.0	APPROVED-WITH-OBLIGATIONS	O1,O2	embedded	e6b6198486da7dcad3d62c2f9043a8b5e472fe2991b4b144076262c8adccda0f;ca6b51825e9feea8bafd49d40f47b914659b783b4b70f40850ed662021320ddd	Engineering; Legal Review Authority for L1-L6	DEPENDENCY; internal unmodified T027 only
org.apache.logging.log4j:log4j-api:2.25.5	application	/home/phuclam/.m2/repository/org/apache/logging/log4j/log4j-api/2.25.5/log4j-api-2.25.5.jar	64777f73ea0b3104c04eb82befbdccc30a425a19e83ad06cb2f93aa303511863	Apache-2.0	APPROVED-WITH-OBLIGATIONS	O1	embedded	cfc7749b96f63bd31c3c42b5c471bf756814053e847c10f3eb003417bc523d30;0b23e26a6260c82e2608899128a81a0c82e81f15d708779d0639227f6a2f801f	Engineering; Legal Review Authority for L1-L6	DEPENDENCY; internal unmodified T027 only
org.slf4j:slf4j-api:2.0.18	application	/home/phuclam/.m2/repository/org/slf4j/slf4j-api/2.0.18/slf4j-api-2.0.18.jar	44508fd1576500688c790b190acdd16fec4f8c79a3e0b900afd70503cf055f55	MIT	APPROVED-WITH-OBLIGATIONS	O3	embedded	4e7f90c86ab51278228bce153122f1d8df30149d13ce9ef524c8444a84c32dcc	Engineering; Legal Review Authority for L1-L6	DEPENDENCY; internal unmodified T027 only
tools.jackson.core:jackson-databind:3.1.5	application;org.springframework.boot:spring-boot-maven-plugin:4.1.1	/home/phuclam/.m2/repository/tools/jackson/core/jackson-databind/3.1.5/jackson-databind-3.1.5.jar	3a2338d996fd3056791df8d335fa9ba8a62a706ed4245ecf81b3e583df37d08a	Apache-2.0	APPROVED-WITH-OBLIGATIONS	O1	embedded	cfc7749b96f63bd31c3c42b5c471bf756814053e847c10f3eb003417bc523d30;d3fa47349b4ba4a3763bf635b930f8877073aa3915a3f3e45fe4b1842fc60302	Engineering; Legal Review Authority for L1-L6	DEPENDENCY; internal unmodified T027 only
org.springframework.boot:spring-boot-web-server:4.1.1	application	/home/phuclam/.m2/repository/org/springframework/boot/spring-boot-web-server/4.1.1/spring-boot-web-server-4.1.1.jar	6912fb1fdf7f657a61ac050760fa835fb1e7496399291697e2901f82887a4fee	Apache-2.0	APPROVED-WITH-OBLIGATIONS	O1	embedded	7200000367e0e8b47822d563a5ddd2dd3a97cc05b32bd7dbcc7b4eeb92b76628;64e8c092d64ccaecac2d81d324c84a4dff29fdc2cb777f3b1abd910ac2e8555d	Engineering; Legal Review Authority for L1-L6	DEPENDENCY; internal unmodified T027 only
org.apache.tomcat.embed:tomcat-embed-core:11.0.24	application	/home/phuclam/.m2/repository/org/apache/tomcat/embed/tomcat-embed-core/11.0.24/tomcat-embed-core-11.0.24.jar	e7b966dcaac8c5ffa4f10e44031ebf5b71f2123560c08ac8b7120028615aea08	Apache-2.0 + CDDL-1.0/EPL-2.0 bundled schemas	BLOCKED-LEGAL	L2	embedded	8c39166d578175fb936229613e48de47d9e494b8c7c2fda6da717a1be29c8724;234d3234bb332895157270092fa2a11e80aa0b3d70d59e13de0eed4c2adb1790	Engineering; Legal Review Authority for L1-L6	DEPENDENCY; internal unmodified T027 only
org.apache.tomcat.embed:tomcat-embed-el:11.0.24	application	/home/phuclam/.m2/repository/org/apache/tomcat/embed/tomcat-embed-el/11.0.24/tomcat-embed-el-11.0.24.jar	ad0546f12dace008aacce18ba13222137760b310ca719e173d3e13021b9af6c6	Apache-2.0	APPROVED-WITH-OBLIGATIONS	O1	embedded	cfc7749b96f63bd31c3c42b5c471bf756814053e847c10f3eb003417bc523d30;0317acaa42a5e48bec061cf009cb5c8b4b8ff845f3c6ba548f67c5c22c29fc96	Engineering; Legal Review Authority for L1-L6	DEPENDENCY; internal unmodified T027 only
org.apache.tomcat.embed:tomcat-embed-websocket:11.0.24	application	/home/phuclam/.m2/repository/org/apache/tomcat/embed/tomcat-embed-websocket/11.0.24/tomcat-embed-websocket-11.0.24.jar	825160101f0da4a10e19b5730c2ae2f99f8c2c7a7211ac05562726c5e97ab91e	Apache-2.0	APPROVED-WITH-OBLIGATIONS	O1	embedded	cfc7749b96f63bd31c3c42b5c471bf756814053e847c10f3eb003417bc523d30;0317acaa42a5e48bec061cf009cb5c8b4b8ff845f3c6ba548f67c5c22c29fc96	Engineering; Legal Review Authority for L1-L6	DEPENDENCY; internal unmodified T027 only
org.springframework:spring-core:7.0.9	application;org.springframework.boot:spring-boot-maven-plugin:4.1.1	/home/phuclam/.m2/repository/org/springframework/spring-core/7.0.9/spring-core-7.0.9.jar	5195f4722699b39878d99a832549fe65df2890b159d063b88fff31b1ca65ae36	Apache-2.0 + BSD-3-Clause ASM + Apache-2.0 CGLIB/JavaPoet/Objenesis	APPROVED-WITH-OBLIGATIONS	O1,O2	embedded	e6b6198486da7dcad3d62c2f9043a8b5e472fe2991b4b144076262c8adccda0f;ca6b51825e9feea8bafd49d40f47b914659b783b4b70f40850ed662021320ddd	Engineering; Legal Review Authority for L1-L6	DEPENDENCY; internal unmodified T027 only
org.springframework:spring-context:7.0.9	application;org.springframework.boot:spring-boot-maven-plugin:4.1.1	/home/phuclam/.m2/repository/org/springframework/spring-context/7.0.9/spring-context-7.0.9.jar	7552a2fcfa30cea53eb14d7a65a7a8e1b1dd82e832a7164fb7e6fb105f438858	Apache-2.0	APPROVED-WITH-OBLIGATIONS	O1,O2	embedded	e6b6198486da7dcad3d62c2f9043a8b5e472fe2991b4b144076262c8adccda0f;ca6b51825e9feea8bafd49d40f47b914659b783b4b70f40850ed662021320ddd	Engineering; Legal Review Authority for L1-L6	DEPENDENCY; internal unmodified T027 only
org.springframework:spring-beans:7.0.9	application;org.springframework.boot:spring-boot-maven-plugin:4.1.1	/home/phuclam/.m2/repository/org/springframework/spring-beans/7.0.9/spring-beans-7.0.9.jar	ff218b827a25c9e8929b0cd56dfb56916cea9d5b669ed97dc7cb262508ff548b	Apache-2.0	APPROVED-WITH-OBLIGATIONS	O1,O2	embedded	e6b6198486da7dcad3d62c2f9043a8b5e472fe2991b4b144076262c8adccda0f;ca6b51825e9feea8bafd49d40f47b914659b783b4b70f40850ed662021320ddd	Engineering; Legal Review Authority for L1-L6	DEPENDENCY; internal unmodified T027 only
io.micrometer:micrometer-observation:1.17.1	application	/home/phuclam/.m2/repository/io/micrometer/micrometer-observation/1.17.1/micrometer-observation-1.17.1.jar	eb34f0cd84a879393ae5c21160fc06385ccdc74f36a4d1e31b199f59acfdaf71	Apache-2.0	APPROVED-WITH-OBLIGATIONS	O1,O2	embedded	62fb8a3a9621dc2388174caaabe9c2317b694bb9a1d46c98bcf5655b68f51be3;df207ca1a2ea3794caf112d7c1f024c87b4ddfe91d3f243977ad1d3cd085d538	Engineering; Legal Review Authority for L1-L6	DEPENDENCY; internal unmodified T027 only
org.springframework:spring-aop:7.0.9	application;org.springframework.boot:spring-boot-maven-plugin:4.1.1	/home/phuclam/.m2/repository/org/springframework/spring-aop/7.0.9/spring-aop-7.0.9.jar	b8c5d6bfcb1f4993f2cc124f7ab7fac40edf5256b9e43c2f7250a733cb5510e9	Apache-2.0	APPROVED-WITH-OBLIGATIONS	O1,O2	embedded	e6b6198486da7dcad3d62c2f9043a8b5e472fe2991b4b144076262c8adccda0f;ca6b51825e9feea8bafd49d40f47b914659b783b4b70f40850ed662021320ddd	Engineering; Legal Review Authority for L1-L6	DEPENDENCY; internal unmodified T027 only
org.springframework:spring-expression:7.0.9	application;org.springframework.boot:spring-boot-maven-plugin:4.1.1	/home/phuclam/.m2/repository/org/springframework/spring-expression/7.0.9/spring-expression-7.0.9.jar	046434c40f43819729b9b1db0e6c659dfa68184c1c2c2efa5f7b3a5b27c4e2e2	Apache-2.0	APPROVED-WITH-OBLIGATIONS	O1,O2	embedded	e6b6198486da7dcad3d62c2f9043a8b5e472fe2991b4b144076262c8adccda0f;ca6b51825e9feea8bafd49d40f47b914659b783b4b70f40850ed662021320ddd	Engineering; Legal Review Authority for L1-L6	DEPENDENCY; internal unmodified T027 only
com.fasterxml.jackson.core:jackson-annotations:2.21	application;org.springframework.boot:spring-boot-maven-plugin:4.1.1	/home/phuclam/.m2/repository/com/fasterxml/jackson/core/jackson-annotations/2.21/jackson-annotations-2.21.jar	53ca085f4a150f703f49e1aabd935bd03b43e1ea3d55d135438292af22cef56b	Apache-2.0	APPROVED-WITH-OBLIGATIONS	O1	embedded	cfc7749b96f63bd31c3c42b5c471bf756814053e847c10f3eb003417bc523d30;612b14bc77c944ce229cbba0d14919162cfea8ed802cbf06a8e865e032d03201	Engineering; Legal Review Authority for L1-L6	DEPENDENCY; internal unmodified T027 only
tools.jackson.core:jackson-core:3.1.5	application;org.springframework.boot:spring-boot-maven-plugin:4.1.1	/home/phuclam/.m2/repository/tools/jackson/core/jackson-core/3.1.5/jackson-core-3.1.5.jar	9431b7fa2673bbb618c11d865fe15e13222fd182a214ff998cb7e56afd8f35d2	Apache-2.0 + MIT + BSD-2-Clause + BSL-1.0	APPROVED-WITH-OBLIGATIONS	O1,O2	embedded	59067508e44346bf93dc9c5e4d673a67ecd77988c2020bb5e0f8667eb199f396;dbc36f9422a40d58d1a214080583667cfd37d61c2fae1657d981edda2a60727f;cfc7749b96f63bd31c3c42b5c471bf756814053e847c10f3eb003417bc523d30;12d39a6615219d73202300715e365bec2b958f858d1e837c8f2dace57f905969;a8eb9ab6d21e719ba217c6367621a7ab5baa3d38df896ef258a9754a6b97527d	Engineering; Legal Review Authority for L1-L6	DEPENDENCY; internal unmodified T027 only
commons-logging:commons-logging:1.3.6	application	/home/phuclam/.m2/repository/commons-logging/commons-logging/1.3.6/commons-logging-1.3.6.jar	f8ead8943401081dea0aa824b5b1ba40a0e4ed297a572a0f02258150a0b62357	Apache-2.0	APPROVED-WITH-OBLIGATIONS	O1	embedded	b1d2870f1a00e4d7f56576e5f0870cba109e041f8af66866cf5b499478e654e7;d649e220dd0497197a266b7d7304a009d06bcefce3141fa6ff4f2ceddb438237	Engineering; Legal Review Authority for L1-L6	DEPENDENCY; internal unmodified T027 only
org.jspecify:jspecify:1.0.1	application	/home/phuclam/.m2/repository/org/jspecify/jspecify/1.0.1/jspecify-1.0.1.jar	070d75f261fe4c5b8202508366715f7f2d4660f88c8ef7e6d3575e48c9683b66	Apache-2.0	APPROVED-WITH-OBLIGATIONS	O1,O2	upstream-rights Q02-R05-R07	UPSTREAM_SOURCE_EVIDENCE	Engineering; Legal Review Authority for L1-L6	DEPENDENCY; internal unmodified T027 only
io.micrometer:micrometer-commons:1.17.1	application	/home/phuclam/.m2/repository/io/micrometer/micrometer-commons/1.17.1/micrometer-commons-1.17.1.jar	f2cee6ef046e72eec8128474c7f58c6217173b45ae373c30de0289f2a56ab0fd	Apache-2.0	APPROVED-WITH-OBLIGATIONS	O1,O2	embedded	62fb8a3a9621dc2388174caaabe9c2317b694bb9a1d46c98bcf5655b68f51be3;df207ca1a2ea3794caf112d7c1f024c87b4ddfe91d3f243977ad1d3cd085d538	Engineering; Legal Review Authority for L1-L6	DEPENDENCY; internal unmodified T027 only
org.apache.maven.plugins:maven-resources-plugin:3.5.0	org.apache.maven.plugins:maven-resources-plugin:3.5.0	/home/phuclam/.m2/repository/org/apache/maven/plugins/maven-resources-plugin/3.5.0/maven-resources-plugin-3.5.0.jar	2c923c63a197565a3e78f2b16d762d0f49bb83250dd2b1e6286704ea0f447060	Apache-2.0	APPROVED-WITH-OBLIGATIONS	O1	embedded	cfc7749b96f63bd31c3c42b5c471bf756814053e847c10f3eb003417bc523d30;092b6e0eb9293b38cef72257b04b589852307f8c3ced43e40bb5d57f4f64ba29	Engineering; Legal Review Authority for L1-L6	DEPENDENCY; internal unmodified T027 only
org.apache.maven.shared:maven-filtering:3.5.0	org.apache.maven.plugins:maven-resources-plugin:3.5.0	/home/phuclam/.m2/repository/org/apache/maven/shared/maven-filtering/3.5.0/maven-filtering-3.5.0.jar	7adb0e46b5fff4fc03aab4baafbdee0b29e444cffe4478858c63082d497220bf	Apache-2.0	APPROVED-WITH-OBLIGATIONS	O1	embedded	cfc7749b96f63bd31c3c42b5c471bf756814053e847c10f3eb003417bc523d30;795687905b3562cd12bd812692fb3abc541f127e5bfc2365becd373ab2592758	Engineering; Legal Review Authority for L1-L6	DEPENDENCY; internal unmodified T027 only
org.codehaus.plexus:plexus-utils:3.6.0	org.apache.maven.plugins:maven-resources-plugin:3.5.0	/home/phuclam/.m2/repository/org/codehaus/plexus/plexus-utils/3.6.0/plexus-utils-3.6.0.jar	27ef130e32c236090e408fb5498d94cb9ea26d14070fb1c8985d607b62d098d1	Apache-2.0 + ExtremeLab-1.1.1 + BSD-2-Clause Javolution + BSD-3-Clause ThoughtWorks	BLOCKED-LEGAL	L1	embedded	cfc7749b96f63bd31c3c42b5c471bf756814053e847c10f3eb003417bc523d30;d478d95476787007320df9dafb15c932849281e2ace56e2aacdac475d29470d7;0d01b41cfc401bcf852125959d07b1a6bd578f1a7850907c329e4a70b2874db2;a7436c952fa2dc0701860cf4187d1e8e8e6de6720dec0ae9e0b641bc50eebced;b2f730309348c7a19009dcadd92a5d55d75fd54e6df4a818eba7a388656faed9	Engineering; Legal Review Authority for L1-L6	DEPENDENCY; internal unmodified T027 only
org.slf4j:slf4j-api:1.7.36	org.apache.maven.plugins:maven-resources-plugin:3.5.0;org.apache.maven.plugins:maven-compiler-plugin:3.15.0;org.apache.maven.plugins:maven-jar-plugin:3.5.1;org.springframework.boot:spring-boot-maven-plugin:4.1.1	/home/phuclam/.m2/repository/org/slf4j/slf4j-api/1.7.36/slf4j-api-1.7.36.jar	d3ef575e3e4979678dc01bf1dcce51021493b4d11fb7f1be8ad982877c16a1c0	MIT	APPROVED-WITH-OBLIGATIONS	O3	upstream-rights Q02-R13	UPSTREAM_SOURCE_EVIDENCE	Engineering; Legal Review Authority for L1-L6	DEPENDENCY; internal unmodified T027 only
org.codehaus.plexus:plexus-build-api:1.2.0	org.apache.maven.plugins:maven-resources-plugin:3.5.0	/home/phuclam/.m2/repository/org/codehaus/plexus/plexus-build-api/1.2.0/plexus-build-api-1.2.0.jar	570ae55a95e1887c3004882d30dc4e9035d2a46ba8d58b991de04175f141d88f	Apache-2.0	APPROVED-WITH-OBLIGATIONS	O1	plexus-rights sections 2-5	UPSTREAM_SOURCE_EVIDENCE	Engineering; Legal Review Authority for L1-L6	DEPENDENCY; internal unmodified T027 only
org.codehaus.plexus:plexus-interpolation:1.29	org.apache.maven.plugins:maven-resources-plugin:3.5.0;org.apache.maven.plugins:maven-jar-plugin:3.5.1	/home/phuclam/.m2/repository/org/codehaus/plexus/plexus-interpolation/1.29/plexus-interpolation-1.29.jar	088d444dbcedfb384630d8686697ece3c401d6f33c8f8b3aa7259ea1c6996878	Apache-2.0 + altered Apache-1.1 + UNKNOWN headerless coverage	BLOCKED-LEGAL	L3	plexus-rights sections 2-5	UPSTREAM_SOURCE_EVIDENCE	Engineering; Legal Review Authority for L1-L6	DEPENDENCY; internal unmodified T027 only
javax.inject:javax.inject:1	org.apache.maven.plugins:maven-resources-plugin:3.5.0;org.apache.maven.plugins:maven-compiler-plugin:3.15.0;org.apache.maven.plugins:maven-jar-plugin:3.5.1	/home/phuclam/.m2/repository/javax/inject/javax.inject/1/javax.inject-1.jar	91c77044a50c481636c32d916fd89c9118a72195390452c81065080f957de7ff	Apache-2.0	APPROVED-WITH-OBLIGATIONS	O1,O2	upstream-rights Q02-R14	UPSTREAM_SOURCE_EVIDENCE	Engineering; Legal Review Authority for L1-L6	DEPENDENCY; internal unmodified T027 only
org.sonatype.plexus:plexus-build-api:0.0.7	org.apache.maven.plugins:maven-resources-plugin:3.5.0;org.springframework.boot:spring-boot-maven-plugin:4.1.1	/home/phuclam/.m2/repository/org/sonatype/plexus/plexus-build-api/0.0.7/plexus-build-api-0.0.7.jar	934171640fbd3d2495c50b79b0d9adb11e2c83e65bad157df8fe34bcac0ff798	Apache-2.0	APPROVED-WITH-OBLIGATIONS	O1,O2	plexus-rights S-LEGACY	UPSTREAM_SOURCE_EVIDENCE	Engineering; Legal Review Authority for L1-L6	DEPENDENCY; internal unmodified T027 only
org.eclipse.sisu:org.eclipse.sisu.plexus:0.9.0.M4	org.apache.maven.plugins:maven-resources-plugin:3.5.0	/home/phuclam/.m2/repository/org/eclipse/sisu/org.eclipse.sisu.plexus/0.9.0.M4/org.eclipse.sisu.plexus-0.9.0.M4.jar	b90579bc652eac7331436e0a25533fce14130b9c6e015f2dd3a3d4bb07e942b7	EPL-2.0	BLOCKED-LEGAL	L2	plexus-rights S-SISU	UPSTREAM_SOURCE_EVIDENCE	Engineering; Legal Review Authority for L1-L6	DEPENDENCY; internal unmodified T027 only
org.apache.maven.plugins:maven-compiler-plugin:3.15.0	org.apache.maven.plugins:maven-compiler-plugin:3.15.0	/home/phuclam/.m2/repository/org/apache/maven/plugins/maven-compiler-plugin/3.15.0/maven-compiler-plugin-3.15.0.jar	6ea0ca0558ccf248c514aa94908d1f895a92e9b4e4604c1bb29f7a4ab1b833f0	Apache-2.0	APPROVED-WITH-OBLIGATIONS	O1	embedded	cfc7749b96f63bd31c3c42b5c471bf756814053e847c10f3eb003417bc523d30;db037b223e7ca11a75c5cb06a2e8b45cc2498cc25a9605cefea3b1b447618d4d	Engineering; Legal Review Authority for L1-L6	DEPENDENCY; internal unmodified T027 only
org.ow2.asm:asm:9.9.1	org.apache.maven.plugins:maven-compiler-plugin:3.15.0	/home/phuclam/.m2/repository/org/ow2/asm/asm/9.9.1/asm-9.9.1.jar	6f3828a215c920059a5efa2fb55c233d6c54ec5cadca99ce1b1bdd10077c7ddd	BSD-3-Clause	APPROVED-WITH-OBLIGATIONS	O3	plexus-rights section 4	UPSTREAM_SOURCE_EVIDENCE	Engineering; Legal Review Authority for L1-L6	DEPENDENCY; internal unmodified T027 only
org.apache.maven.shared:maven-shared-utils:3.4.2	org.apache.maven.plugins:maven-compiler-plugin:3.15.0	/home/phuclam/.m2/repository/org/apache/maven/shared/maven-shared-utils/3.4.2/maven-shared-utils-3.4.2.jar	b613357e1bad4dfc1dead801691c9460f9585fe7c6b466bc25186212d7d18487	Apache-2.0	APPROVED-WITH-OBLIGATIONS	O1	embedded	cfc7749b96f63bd31c3c42b5c471bf756814053e847c10f3eb003417bc523d30;c53634c960163f00ba0b0147cc3dee5caf0e6a47bc9909a2fe94b7adcf5d983e	Engineering; Legal Review Authority for L1-L6	DEPENDENCY; internal unmodified T027 only
org.apache.maven.shared:maven-shared-incremental:1.1	org.apache.maven.plugins:maven-compiler-plugin:3.15.0	/home/phuclam/.m2/repository/org/apache/maven/shared/maven-shared-incremental/1.1/maven-shared-incremental-1.1.jar	61988e54486a5dc38f06c70fdae5b108556c63bd433697b9f4305fcdb30fa40e	Apache-2.0	APPROVED-WITH-OBLIGATIONS	O1	embedded	cfc7749b96f63bd31c3c42b5c471bf756814053e847c10f3eb003417bc523d30;edcf564e3af6b0b21cd33f471e23c7fcbb9d561e2f7a633cf4170e0e6ba566ec	Engineering; Legal Review Authority for L1-L6	DEPENDENCY; internal unmodified T027 only
org.codehaus.plexus:plexus-java:1.5.2	org.apache.maven.plugins:maven-compiler-plugin:3.15.0	/home/phuclam/.m2/repository/org/codehaus/plexus/plexus-java/1.5.2/plexus-java-1.5.2.jar	1e6a4298e145c1e23af430b04ac53d76dc11077e0f3d36ef9c027ce790d96505	Apache-2.0	APPROVED-WITH-OBLIGATIONS	O1	plexus-rights sections 2-5	UPSTREAM_SOURCE_EVIDENCE	Engineering; Legal Review Authority for L1-L6	DEPENDENCY; internal unmodified T027 only
org.codehaus.plexus:plexus-compiler-api:2.16.2	org.apache.maven.plugins:maven-compiler-plugin:3.15.0	/home/phuclam/.m2/repository/org/codehaus/plexus/plexus-compiler-api/2.16.2/plexus-compiler-api-2.16.2.jar	db34d13c8d688063a946922f4de448c909ba43fec355ea15514495f33072b031	Apache-2.0 whole-module grant + retained MIT file grants	APPROVED-WITH-OBLIGATIONS	O1;O3	plexus-rights v0.2 C05 S-COMP-API-GRANT	UPSTREAM_SOURCE_EVIDENCE	Engineering	DEPENDENCY; internal unmodified T027 only
org.codehaus.plexus:plexus-compiler-manager:2.16.2	org.apache.maven.plugins:maven-compiler-plugin:3.15.0	/home/phuclam/.m2/repository/org/codehaus/plexus/plexus-compiler-manager/2.16.2/plexus-compiler-manager-2.16.2.jar	99630ac196571a2754baa143a12723795b13020631902a6dff18dfb997e59b0e	MIT	APPROVED-WITH-OBLIGATIONS	O3	plexus-rights sections 2-5	UPSTREAM_SOURCE_EVIDENCE	Engineering; Legal Review Authority for L1-L6	DEPENDENCY; internal unmodified T027 only
org.codehaus.plexus:plexus-compiler-javac:2.16.2	org.apache.maven.plugins:maven-compiler-plugin:3.15.0	/home/phuclam/.m2/repository/org/codehaus/plexus/plexus-compiler-javac/2.16.2/plexus-compiler-javac-2.16.2.jar	e48141c146d6cb96619aafb07b2e10e1ac08f339e96ae4067ddd9c2d0f626672	Apache-2.0 whole-module grant + retained MIT file grants	APPROVED-WITH-OBLIGATIONS	O1;O3	plexus-rights v0.2 C05 S-COMP-JAVAC-GRANT	UPSTREAM_SOURCE_EVIDENCE	Engineering	DEPENDENCY; internal unmodified T027 only
org.codehaus.plexus:plexus-utils:4.0.2	org.apache.maven.plugins:maven-compiler-plugin:3.15.0	/home/phuclam/.m2/repository/org/codehaus/plexus/plexus-utils/4.0.2/plexus-utils-4.0.2.jar	8957274e75fe2c278b1428dd16a0daeee1dd38152cb6eff816177ac28fccb697	Apache-2.0 + ExtremeLab-1.1.1 + BSD-2-Clause Javolution + BSD-3-Clause ThoughtWorks	BLOCKED-LEGAL	L1	embedded	cfc7749b96f63bd31c3c42b5c471bf756814053e847c10f3eb003417bc523d30;d478d95476787007320df9dafb15c932849281e2ace56e2aacdac475d29470d7;0d01b41cfc401bcf852125959d07b1a6bd578f1a7850907c329e4a70b2874db2;a7436c952fa2dc0701860cf4187d1e8e8e6de6720dec0ae9e0b641bc50eebced;b2f730309348c7a19009dcadd92a5d55d75fd54e6df4a818eba7a388656faed9	Engineering; Legal Review Authority for L1-L6	DEPENDENCY; internal unmodified T027 only
commons-io:commons-io:2.11.0	org.apache.maven.plugins:maven-compiler-plugin:3.15.0	/home/phuclam/.m2/repository/commons-io/commons-io/2.11.0/commons-io-2.11.0.jar	961b2f6d87dbacc5d54abf45ab7a6e2495f89b75598962d8c723cea9bc210908	Apache-2.0	APPROVED-WITH-OBLIGATIONS	O1	embedded	8c6db340475136df3c1201d458fa5755698eace76e510471ecc9d857d6083dac;ee61751b4bcbff8cd61712c6e19793bcdeb6ea29c32c2dd46f7c948dc1a74cfc	Engineering; Legal Review Authority for L1-L6	DEPENDENCY; internal unmodified T027 only
com.thoughtworks.qdox:qdox:2.2.0	org.apache.maven.plugins:maven-compiler-plugin:3.15.0	/home/phuclam/.m2/repository/com/thoughtworks/qdox/qdox/2.2.0/qdox-2.2.0.jar	c260c3230b2340af97d54bf01f7f67ebc57c901922736c881bb11cb981302be2	Apache-2.0 project/generated inputs + conservative JFlex BSD-3-Clause notice retention; BYacc public-domain owner evidence	APPROVED-WITH-OBLIGATIONS	O1;O2;O3	plexus-rights v0.2 C06; producer version UNKNOWN is authenticity limit	UPSTREAM_SOURCE_EVIDENCE	Engineering	DEPENDENCY; internal unmodified T027 only
org.codehaus.plexus:plexus-xml:3.0.1	org.apache.maven.plugins:maven-compiler-plugin:3.15.0;org.apache.maven.plugins:maven-jar-plugin:3.5.1	/home/phuclam/.m2/repository/org/codehaus/plexus/plexus-xml/3.0.1/plexus-xml-3.0.1.jar	c1a510a87a62bd2d74ac1472dd31c3f9e9b0b8b8568f37d77c0f135415bebd05	Apache-2.0 + ExtremeLab-1.1.1 + BSD-2-Clause Javolution + BSD-3-Clause ThoughtWorks	BLOCKED-LEGAL	L1	embedded	cfc7749b96f63bd31c3c42b5c471bf756814053e847c10f3eb003417bc523d30;d478d95476787007320df9dafb15c932849281e2ace56e2aacdac475d29470d7;0d01b41cfc401bcf852125959d07b1a6bd578f1a7850907c329e4a70b2874db2;a7436c952fa2dc0701860cf4187d1e8e8e6de6720dec0ae9e0b641bc50eebced;b2f730309348c7a19009dcadd92a5d55d75fd54e6df4a818eba7a388656faed9	Engineering; Legal Review Authority for L1-L6	DEPENDENCY; internal unmodified T027 only
org.apache.maven.plugins:maven-jar-plugin:3.5.1	org.apache.maven.plugins:maven-jar-plugin:3.5.1	/home/phuclam/.m2/repository/org/apache/maven/plugins/maven-jar-plugin/3.5.1/maven-jar-plugin-3.5.1.jar	c83db6059be3fec9a4a68a0e226caefaa944663008617c697e087444415181d5	Apache-2.0	APPROVED-WITH-OBLIGATIONS	O1	embedded	cfc7749b96f63bd31c3c42b5c471bf756814053e847c10f3eb003417bc523d30;43f5c095ed3afd25435d18f6bfd6e797bb2652e983b3decf6847663c9e003eac	Engineering; Legal Review Authority for L1-L6	DEPENDENCY; internal unmodified T027 only
org.apache.maven.shared:file-management:3.2.0	org.apache.maven.plugins:maven-jar-plugin:3.5.1	/home/phuclam/.m2/repository/org/apache/maven/shared/file-management/3.2.0/file-management-3.2.0.jar	32ac469785dd1547ac71437e4c3916c4a56a3d69303cb08d789ecdd0bfd1d6de	Apache-2.0	APPROVED-WITH-OBLIGATIONS	O1	embedded	cfc7749b96f63bd31c3c42b5c471bf756814053e847c10f3eb003417bc523d30;d06501777784f77759bfb48dffa5775df76c2fc4a0b2cc5cb36e8a62ec325d58	Engineering; Legal Review Authority for L1-L6	DEPENDENCY; internal unmodified T027 only
org.apache.maven:maven-archiver:3.6.6	org.apache.maven.plugins:maven-jar-plugin:3.5.1	/home/phuclam/.m2/repository/org/apache/maven/maven-archiver/3.6.6/maven-archiver-3.6.6.jar	9037dee318a68d7ee5dd2e20f2e657a39597ed2622b52e325ab9becddfbc4d38	Apache-2.0	APPROVED-WITH-OBLIGATIONS	O1	embedded	cfc7749b96f63bd31c3c42b5c471bf756814053e847c10f3eb003417bc523d30;57a84132534429841984a40c9c5c99fb7853af56de9aa1e9124958677475c288	Engineering; Legal Review Authority for L1-L6	DEPENDENCY; internal unmodified T027 only
org.codehaus.plexus:plexus-archiver:4.12.0	org.apache.maven.plugins:maven-jar-plugin:3.5.1	/home/phuclam/.m2/repository/org/codehaus/plexus/plexus-archiver/4.12.0/plexus-archiver-4.12.0.jar	b1e9798a6d711d1e7760d50c78be8be746bb546b87df0a2d7ef67db5eda5431e	Apache-2.0	APPROVED-WITH-OBLIGATIONS	O1	plexus-rights sections 2-5	UPSTREAM_SOURCE_EVIDENCE	Engineering; Legal Review Authority for L1-L6	DEPENDENCY; internal unmodified T027 only
commons-io:commons-io:2.22.0	org.apache.maven.plugins:maven-jar-plugin:3.5.1	/home/phuclam/.m2/repository/commons-io/commons-io/2.22.0/commons-io-2.22.0.jar	2b9a7b1f726fb86216dbd2c8321eabe0221dbd5b1be81c18e1cb53811b104758	Apache-2.0	APPROVED-WITH-OBLIGATIONS	O1	embedded	c1d1a38c99c48ccad170890ade6066e2e240bb6ce59861d4eb7f672eddd2a4c6;85394d154ee5c7b48057f0a29329b6d4c80d2513d4c02b233a69207c522763cf	Engineering; Legal Review Authority for L1-L6	DEPENDENCY; internal unmodified T027 only
org.codehaus.plexus:plexus-utils:4.0.3	org.apache.maven.plugins:maven-jar-plugin:3.5.1	/home/phuclam/.m2/repository/org/codehaus/plexus/plexus-utils/4.0.3/plexus-utils-4.0.3.jar	421ff6ed146c53a9d4eaade8f629b52b12af7187101f1bd06c2c64e904019f3c	Apache-2.0 + ExtremeLab-1.1.1 + BSD-2-Clause Javolution + BSD-3-Clause ThoughtWorks	BLOCKED-LEGAL	L1	embedded	cfc7749b96f63bd31c3c42b5c471bf756814053e847c10f3eb003417bc523d30;d478d95476787007320df9dafb15c932849281e2ace56e2aacdac475d29470d7;0d01b41cfc401bcf852125959d07b1a6bd578f1a7850907c329e4a70b2874db2;a7436c952fa2dc0701860cf4187d1e8e8e6de6720dec0ae9e0b641bc50eebced;b2f730309348c7a19009dcadd92a5d55d75fd54e6df4a818eba7a388656faed9	Engineering; Legal Review Authority for L1-L6	DEPENDENCY; internal unmodified T027 only
org.codehaus.plexus:plexus-io:3.6.0	org.apache.maven.plugins:maven-jar-plugin:3.5.1	/home/phuclam/.m2/repository/org/codehaus/plexus/plexus-io/3.6.0/plexus-io-3.6.0.jar	fc0f3effea7514e4f214df1afb672f54c982e78e5ca3b32b34196c7d056a1aa4	Apache-2.0 whole-project grant + ASF NOTICE	APPROVED-WITH-OBLIGATIONS	O1;O2	plexus-rights v0.2 C05 S-IO-GRANT	UPSTREAM_SOURCE_EVIDENCE	Engineering	DEPENDENCY; internal unmodified T027 only
org.apache.commons:commons-compress:1.28.0	org.apache.maven.plugins:maven-jar-plugin:3.5.1	/home/phuclam/.m2/repository/org/apache/commons/commons-compress/1.28.0/commons-compress-1.28.0.jar	e1522945218456f3649a39bc4afd70ce4bd466221519dba7d378f2141a4642ca	Apache-2.0	APPROVED-WITH-OBLIGATIONS	O1	embedded	51b88fd3e9e24edcdce1dd145a4fca2dcd12911407f00b06dfa6ff600f9733c1;0d98967f0ab328af8d9d536aa9a5c684b5dd665657245f6ee6b5915affe811c0	Engineering; Legal Review Authority for L1-L6	DEPENDENCY; internal unmodified T027 only
org.tukaani:xz:1.12	org.apache.maven.plugins:maven-jar-plugin:3.5.1	/home/phuclam/.m2/repository/org/tukaani/xz/1.12/xz-1.12.jar	3e158a87bd73d8afb4b6e8239c013b7d049c48563f45860ce99cd2e448cf4a6b	0BSD	APPROVED	O4	upstream-rights Q02-R15	UPSTREAM_SOURCE_EVIDENCE	Engineering; Legal Review Authority for L1-L6	DEPENDENCY; internal unmodified T027 only
com.github.luben:zstd-jni:1.5.7-9	org.apache.maven.plugins:maven-jar-plugin:3.5.1	/home/phuclam/.m2/repository/com/github/luben/zstd-jni/1.5.7-9/zstd-jni-1.5.7-9.jar	087d02f39a46ab79b18f883ac7c3a3d6c2df1fd3bf7eaafeade699e0743d0dbe	BSD-2-Clause + BSD-3-Clause native option; xxHash attribution	APPROVED-WITH-OBLIGATIONS	O3	upstream-rights Q02-R16	UPSTREAM_SOURCE_EVIDENCE	Engineering; Legal Review Authority for L1-L6	DEPENDENCY; internal unmodified T027 only
commons-codec:commons-codec:1.19.0	org.apache.maven.plugins:maven-jar-plugin:3.5.1	/home/phuclam/.m2/repository/commons-codec/commons-codec/1.19.0/commons-codec-1.19.0.jar	5c3881e4f556855e9c532927ee0c9dfde94cc66760d5805c031a59887070af5f	Apache-2.0	APPROVED-WITH-OBLIGATIONS	O1	embedded	b1d2870f1a00e4d7f56576e5f0870cba109e041f8af66866cf5b499478e654e7;b64933ee1d36d14659156223a2604edadb60bffdd465d5368ff422d7689db5fb	Engineering; Legal Review Authority for L1-L6	DEPENDENCY; internal unmodified T027 only
org.apache.commons:commons-lang3:3.18.0	org.apache.maven.plugins:maven-jar-plugin:3.5.1	/home/phuclam/.m2/repository/org/apache/commons/commons-lang3/3.18.0/commons-lang3-3.18.0.jar	4eeeae8d20c078abb64b015ec158add383ac581571cddc45c68f0c9ae0230720	Apache-2.0	APPROVED-WITH-OBLIGATIONS	O1	embedded	b1d2870f1a00e4d7f56576e5f0870cba109e041f8af66866cf5b499478e654e7;64bc8696af3f6c770521412b85d3a733fa44b2ef5b0f4bd739e0c4d02eca492a	Engineering; Legal Review Authority for L1-L6	DEPENDENCY; internal unmodified T027 only
org.springframework.boot:spring-boot-maven-plugin:4.1.1	org.springframework.boot:spring-boot-maven-plugin:4.1.1	/home/phuclam/.m2/repository/org/springframework/boot/spring-boot-maven-plugin/4.1.1/spring-boot-maven-plugin-4.1.1.jar	c8e1a3f44dab037f9ff23d31a1db00e937da5a56c96404d91e83fdc22c13bd56	Apache-2.0	APPROVED-WITH-OBLIGATIONS	O1	embedded	7200000367e0e8b47822d563a5ddd2dd3a97cc05b32bd7dbcc7b4eeb92b76628;64e8c092d64ccaecac2d81d324c84a4dff29fdc2cb777f3b1abd910ac2e8555d	Engineering; Legal Review Authority for L1-L6	DEPENDENCY; internal unmodified T027 only
org.springframework.boot:spring-boot-buildpack-platform:4.1.1	org.springframework.boot:spring-boot-maven-plugin:4.1.1	/home/phuclam/.m2/repository/org/springframework/boot/spring-boot-buildpack-platform/4.1.1/spring-boot-buildpack-platform-4.1.1.jar	732e099296492e24b60894553dab8349da84dc2f02c84322ac3e6eadb7968539	Apache-2.0	APPROVED-WITH-OBLIGATIONS	O1	embedded	7200000367e0e8b47822d563a5ddd2dd3a97cc05b32bd7dbcc7b4eeb92b76628;64e8c092d64ccaecac2d81d324c84a4dff29fdc2cb777f3b1abd910ac2e8555d	Engineering; Legal Review Authority for L1-L6	DEPENDENCY; internal unmodified T027 only
org.springframework.boot:spring-boot-loader-tools:4.1.1	org.springframework.boot:spring-boot-maven-plugin:4.1.1	/home/phuclam/.m2/repository/org/springframework/boot/spring-boot-loader-tools/4.1.1/spring-boot-loader-tools-4.1.1.jar	b26911978c785fcb894b398c5a781e409682309bf083b9587083fdd02be06a96	Apache-2.0	APPROVED-WITH-OBLIGATIONS	O1	embedded	7200000367e0e8b47822d563a5ddd2dd3a97cc05b32bd7dbcc7b4eeb92b76628;64e8c092d64ccaecac2d81d324c84a4dff29fdc2cb777f3b1abd910ac2e8555d	Engineering; Legal Review Authority for L1-L6	DEPENDENCY; internal unmodified T027 only
org.apache.maven.shared:maven-common-artifact-filters:3.4.0	org.springframework.boot:spring-boot-maven-plugin:4.1.1	/home/phuclam/.m2/repository/org/apache/maven/shared/maven-common-artifact-filters/3.4.0/maven-common-artifact-filters-3.4.0.jar	931a77aa9dad6c91f10fcfafa70adc7608c004576b4924c74ecbffb27568a880	Apache-2.0	APPROVED-WITH-OBLIGATIONS	O1	embedded	cfc7749b96f63bd31c3c42b5c471bf756814053e847c10f3eb003417bc523d30;154636644226ffddec579784777a70b5bd06ed02395535ca1e0a4214587ada53	Engineering; Legal Review Authority for L1-L6	DEPENDENCY; internal unmodified T027 only
net.java.dev.jna:jna-platform:5.17.0	org.springframework.boot:spring-boot-maven-plugin:4.1.1	/home/phuclam/.m2/repository/net/java/dev/jna/jna-platform/5.17.0/jna-platform-5.17.0.jar	b7e3d46c87bad2eb409b0e704916bcd81206168e357312dfddd0e253679cd9e0	Apache-2.0 selected OR LGPL-2.1-or-later unselected; libffi MIT	APPROVED-WITH-OBLIGATIONS	O1,O3	upstream-rights Q02-R09-R10	07c938b23950ab7d47a24ef35f9f5da3a05ae164278dc959ad6994135ed59ff1	Engineering; Legal Review Authority for L1-L6	DEPENDENCY; internal unmodified T027 only
org.apache.commons:commons-compress:1.27.1	org.springframework.boot:spring-boot-maven-plugin:4.1.1	/home/phuclam/.m2/repository/org/apache/commons/commons-compress/1.27.1/commons-compress-1.27.1.jar	293d80f54b536b74095dcd7ea3cf0a29bbfc3402519281332495f4420d370d16	Apache-2.0	APPROVED-WITH-OBLIGATIONS	O1	embedded	c71d239df91726fc519c6eb72d318ec65820627232b2f796219e87dcf35d0ab4;28a309fd415da6e802ecf85061a451f7ac4353f3610f2982f7af29e9d1529289	Engineering; Legal Review Authority for L1-L6	DEPENDENCY; internal unmodified T027 only
org.apache.httpcomponents.client5:httpclient5:5.6.4	org.springframework.boot:spring-boot-maven-plugin:4.1.1	/home/phuclam/.m2/repository/org/apache/httpcomponents/client5/httpclient5/5.6.4/httpclient5-5.6.4.jar	bdef5f8841145cd76c4c605ff301bc840eea0d5292332b7b892a93316c0d8ee1	Apache-2.0	APPROVED-WITH-OBLIGATIONS	O1	embedded	cfc7749b96f63bd31c3c42b5c471bf756814053e847c10f3eb003417bc523d30;4ad1973880c25e0c41fdf45fb47fbb3cb935b322982cca535d4dbf8062cc5a47	Engineering; Legal Review Authority for L1-L6	DEPENDENCY; internal unmodified T027 only
org.tomlj:tomlj:1.0.0	org.springframework.boot:spring-boot-maven-plugin:4.1.1	/home/phuclam/.m2/repository/org/tomlj/tomlj/1.0.0/tomlj-1.0.0.jar	32697c7567b2921c473678a820b13fc64700aa87bb14576eeb48d0ed5847cfd4	Apache-2.0	APPROVED-WITH-OBLIGATIONS	O1	upstream-rights Q02-R11	UPSTREAM_SOURCE_EVIDENCE	Engineering; Legal Review Authority for L1-L6	DEPENDENCY; internal unmodified T027 only
org.apache.maven.resolver:maven-resolver-util:1.4.1	org.springframework.boot:spring-boot-maven-plugin:4.1.1	/home/phuclam/.m2/repository/org/apache/maven/resolver/maven-resolver-util/1.4.1/maven-resolver-util-1.4.1.jar	6b2184872fa7cc2ef5a90481b56af9711c15b371e69ab52f0f31bf24e910dd82	Apache-2.0	APPROVED-WITH-OBLIGATIONS	O1	embedded	7aab1725087cea664451d0441ba21c2178b785d6aefeeea4b5b0425b1a52a77d;cfc7749b96f63bd31c3c42b5c471bf756814053e847c10f3eb003417bc523d30	Engineering; Legal Review Authority for L1-L6	DEPENDENCY; internal unmodified T027 only
commons-logging:commons-logging:1.3.5	org.springframework.boot:spring-boot-maven-plugin:4.1.1	/home/phuclam/.m2/repository/commons-logging/commons-logging/1.3.5/commons-logging-1.3.5.jar	6d7a744e4027649fbb50895df9497d109f98c766a637062fe8d2eabbb3140ba4	Apache-2.0	APPROVED-WITH-OBLIGATIONS	O1	embedded	cfc7749b96f63bd31c3c42b5c471bf756814053e847c10f3eb003417bc523d30;382465304e6c735306d536ffdf31e42e798526f73c2c980a2f61291b2f975cc8	Engineering; Legal Review Authority for L1-L6	DEPENDENCY; internal unmodified T027 only
org.jspecify:jspecify:1.0.0	org.springframework.boot:spring-boot-maven-plugin:4.1.1	/home/phuclam/.m2/repository/org/jspecify/jspecify/1.0.0/jspecify-1.0.0.jar	1fad6e6be7557781e4d33729d49ae1cdc8fdda6fe477bb0cc68ce351eafdfbab	Apache-2.0	APPROVED-WITH-OBLIGATIONS	O1,O2	upstream-rights Q02-R08	UPSTREAM_SOURCE_EVIDENCE	Engineering; Legal Review Authority for L1-L6	DEPENDENCY; internal unmodified T027 only
io.micrometer:micrometer-observation:1.16.7	org.springframework.boot:spring-boot-maven-plugin:4.1.1	/home/phuclam/.m2/repository/io/micrometer/micrometer-observation/1.16.7/micrometer-observation-1.16.7.jar	74f9e4d51ef30c141de8a2409879282e572eef98665e033e8922c2fbee16862d	Apache-2.0	APPROVED-WITH-OBLIGATIONS	O1,O2	embedded	62fb8a3a9621dc2388174caaabe9c2317b694bb9a1d46c98bcf5655b68f51be3;df207ca1a2ea3794caf112d7c1f024c87b4ddfe91d3f243977ad1d3cd085d538	Engineering; Legal Review Authority for L1-L6	DEPENDENCY; internal unmodified T027 only
net.java.dev.jna:jna:5.17.0	org.springframework.boot:spring-boot-maven-plugin:4.1.1	/home/phuclam/.m2/repository/net/java/dev/jna/jna/5.17.0/jna-5.17.0.jar	b3a9408e7c51e08ef0e3bfcc08f443f6ec0f6191ba8cd7c18d53d2b22e5bdbc0	Apache-2.0 selected OR LGPL-2.1-or-later unselected; libffi MIT	APPROVED-WITH-OBLIGATIONS	O1,O3	upstream-rights Q02-R09-R10	07c938b23950ab7d47a24ef35f9f5da3a05ae164278dc959ad6994135ed59ff1	Engineering; Legal Review Authority for L1-L6	DEPENDENCY; internal unmodified T027 only
commons-codec:commons-codec:1.17.1	org.springframework.boot:spring-boot-maven-plugin:4.1.1	/home/phuclam/.m2/repository/commons-codec/commons-codec/1.17.1/commons-codec-1.17.1.jar	f9f6cb103f2ddc3c99a9d80ada2ae7bf0685111fd6bffccb72033d1da4e6ff23	Apache-2.0	APPROVED-WITH-OBLIGATIONS	O1	embedded	cfc7749b96f63bd31c3c42b5c471bf756814053e847c10f3eb003417bc523d30;fc5bececcc4708ba23267644c1dbca212cfb015f21713f8080f99e441592d2e2	Engineering; Legal Review Authority for L1-L6	DEPENDENCY; internal unmodified T027 only
commons-io:commons-io:2.16.1	org.springframework.boot:spring-boot-maven-plugin:4.1.1	/home/phuclam/.m2/repository/commons-io/commons-io/2.16.1/commons-io-2.16.1.jar	f41f7baacd716896447ace9758621f62c1c6b0a91d89acee488da26fc477c84f	Apache-2.0	APPROVED-WITH-OBLIGATIONS	O1	embedded	8c6db340475136df3c1201d458fa5755698eace76e510471ecc9d857d6083dac;67c72e54966f6545bd78b068b6f8ab1cabb5dd040d8a299e5ce00401ebdd030c	Engineering; Legal Review Authority for L1-L6	DEPENDENCY; internal unmodified T027 only
org.apache.commons:commons-lang3:3.16.0	org.springframework.boot:spring-boot-maven-plugin:4.1.1	/home/phuclam/.m2/repository/org/apache/commons/commons-lang3/3.16.0/commons-lang3-3.16.0.jar	08709dd74d602b705ce4017d26544210056a4ba583d5b20c09373406fe7a00f8	Apache-2.0	APPROVED-WITH-OBLIGATIONS	O1	embedded	cfc7749b96f63bd31c3c42b5c471bf756814053e847c10f3eb003417bc523d30;73c3dd73ad54910699e4e364345798d083a9126b9799663d4bdce8d7468b7f66	Engineering; Legal Review Authority for L1-L6	DEPENDENCY; internal unmodified T027 only
org.apache.httpcomponents.core5:httpcore5:5.4.3	org.springframework.boot:spring-boot-maven-plugin:4.1.1	/home/phuclam/.m2/repository/org/apache/httpcomponents/core5/httpcore5/5.4.3/httpcore5-5.4.3.jar	18bfbbabb478dfb67f31aeaf428c387f3c3df654582e1309f708ee1f3086830a	Apache-2.0	APPROVED-WITH-OBLIGATIONS	O1	embedded	cfc7749b96f63bd31c3c42b5c471bf756814053e847c10f3eb003417bc523d30;94a71d64ef74b0ca85db2d5e538118a4265ff8eed2f978eda58d2cfa5d88a310	Engineering; Legal Review Authority for L1-L6	DEPENDENCY; internal unmodified T027 only
org.apache.httpcomponents.core5:httpcore5-h2:5.4.3	org.springframework.boot:spring-boot-maven-plugin:4.1.1	/home/phuclam/.m2/repository/org/apache/httpcomponents/core5/httpcore5-h2/5.4.3/httpcore5-h2-5.4.3.jar	c7db7026b8e2dea39132b04a6069f6671e2858309b20a146ec5c7dd6ed73a0b6	Apache-2.0	APPROVED-WITH-OBLIGATIONS	O1	embedded	cfc7749b96f63bd31c3c42b5c471bf756814053e847c10f3eb003417bc523d30;9c9b2e926919e38adf222b3191267806a742ce1adcd1e13dc91d11014b85bd57	Engineering; Legal Review Authority for L1-L6	DEPENDENCY; internal unmodified T027 only
org.antlr:antlr4-runtime:4.7.2	org.springframework.boot:spring-boot-maven-plugin:4.1.1	/home/phuclam/.m2/repository/org/antlr/antlr4-runtime/4.7.2/antlr4-runtime-4.7.2.jar	4c518b87d4bdff8b44cd8cbc1af816e944b62a3fe5b80b781501cf1f4759bbc4	BSD-3-Clause	APPROVED-WITH-OBLIGATIONS	O3	upstream-rights Q02-R12	UPSTREAM_SOURCE_EVIDENCE	Engineering; Legal Review Authority for L1-L6	DEPENDENCY; internal unmodified T027 only
com.google.code.findbugs:jsr305:3.0.2	org.springframework.boot:spring-boot-maven-plugin:4.1.1	/home/phuclam/.m2/repository/com/google/code/findbugs/jsr305/3.0.2/jsr305-3.0.2.jar	766ad2a0783f2687962c8ad74ceecc38a28b9f72a2d085ee438b7813e928d0c7	UNKNOWN exact grant; metadata Apache and historical BSD not reconciled	BLOCKED-LEGAL	L5	upstream-rights Q02-R17	UPSTREAM_SOURCE_EVIDENCE	Engineering; Legal Review Authority for L1-L6	DEPENDENCY; internal unmodified T027 only
org.apache.maven.resolver:maven-resolver-api:1.4.1	org.springframework.boot:spring-boot-maven-plugin:4.1.1	/home/phuclam/.m2/repository/org/apache/maven/resolver/maven-resolver-api/1.4.1/maven-resolver-api-1.4.1.jar	33dc67306cc95da14e5444e8b494d967924abf1d01bae1894676164cbd3f6112	Apache-2.0	APPROVED-WITH-OBLIGATIONS	O1	embedded	cfc7749b96f63bd31c3c42b5c471bf756814053e847c10f3eb003417bc523d30;18959c75c15a31c53a560c41a742729a997cc7b11099cd19ecbb7547ab736e12	Engineering; Legal Review Authority for L1-L6	DEPENDENCY; internal unmodified T027 only
io.micrometer:micrometer-commons:1.16.7	org.springframework.boot:spring-boot-maven-plugin:4.1.1	/home/phuclam/.m2/repository/io/micrometer/micrometer-commons/1.16.7/micrometer-commons-1.16.7.jar	cd1ad64a94650a2ed3988a4ab48c9a7fad40c4986a81e328194dd757b5170273	Apache-2.0	APPROVED-WITH-OBLIGATIONS	O1,O2	embedded	62fb8a3a9621dc2388174caaabe9c2317b694bb9a1d46c98bcf5655b68f51be3;df207ca1a2ea3794caf112d7c1f024c87b4ddfe91d3f243977ad1d3cd085d538	Engineering; Legal Review Authority for L1-L6	DEPENDENCY; internal unmodified T027 only
org.apache.maven.plugins:maven-shade-plugin:3.6.0	org.springframework.boot:spring-boot-maven-plugin:4.1.1	/home/phuclam/.m2/repository/org/apache/maven/plugins/maven-shade-plugin/3.6.0/maven-shade-plugin-3.6.0.jar	f66fa16d7db430097c222ed82e84d9a1304cab973caf818168f1251695b7e007	Apache-2.0	APPROVED-WITH-OBLIGATIONS	O1	Q02 intake direct-optional correction	cfc7749b96f63bd31c3c42b5c471bf756814053e847c10f3eb003417bc523d30;4d970f9310d1a2963712a6700dd6358f5eee77cbe42671483855c9f0586b98ab	Engineering; Legal Review Authority for L1-L6	DEPENDENCY; internal unmodified T027 only
org.codehaus.plexus:plexus-utils:3.5.1	org.springframework.boot:spring-boot-maven-plugin:4.1.1	/home/phuclam/.m2/repository/org/codehaus/plexus/plexus-utils/3.5.1/plexus-utils-3.5.1.jar	86e0255d4c879c61b4833ed7f13124e8bb679df47debb127326e7db7dd49a07b	Apache-2.0 + ExtremeLab-1.1.1 + BSD-2-Clause Javolution + BSD-3-Clause ThoughtWorks	BLOCKED-LEGAL	L1	Q02 intake direct-optional correction	cfc7749b96f63bd31c3c42b5c471bf756814053e847c10f3eb003417bc523d30;d478d95476787007320df9dafb15c932849281e2ace56e2aacdac475d29470d7;0d01b41cfc401bcf852125959d07b1a6bd578f1a7850907c329e4a70b2874db2;a7436c952fa2dc0701860cf4187d1e8e8e6de6720dec0ae9e0b641bc50eebced;b2f730309348c7a19009dcadd92a5d55d75fd54e6df4a818eba7a388656faed9	Engineering; Legal Review Authority for L1-L6	DEPENDENCY; internal unmodified T027 only
org.ow2.asm:asm:9.7	org.springframework.boot:spring-boot-maven-plugin:4.1.1	/home/phuclam/.m2/repository/org/ow2/asm/asm/9.7/asm-9.7.jar	adf46d5e34940bdf148ecdd26a9ee8eea94496a72034ff7141066b3eea5c4e9d	BSD-3-Clause exact ASM9.7 project/source grant	APPROVED-WITH-OBLIGATIONS	O2;O3	upstream-rights v0.3 R18 ASM_9_7 commit bde266f0d59dd12739ad15a39f1da43a61143eed	UPSTREAM_SOURCE_EVIDENCE	Engineering	DEPENDENCY; internal unmodified T027 only
org.ow2.asm:asm-commons:9.7	org.springframework.boot:spring-boot-maven-plugin:4.1.1	/home/phuclam/.m2/repository/org/ow2/asm/asm-commons/9.7/asm-commons-9.7.jar	389bc247958e049fc9a0408d398c92c6d370c18035120395d4cba1d9d9304b7a	BSD-3-Clause exact ASM9.7 project/source grant	APPROVED-WITH-OBLIGATIONS	O2;O3	upstream-rights v0.3 R19 ASM_9_7 commit bde266f0d59dd12739ad15a39f1da43a61143eed	UPSTREAM_SOURCE_EVIDENCE	Engineering	DEPENDENCY; internal unmodified T027 only
org.jdom:jdom2:2.0.6.1	org.springframework.boot:spring-boot-maven-plugin:4.1.1	/home/phuclam/.m2/repository/org/jdom/jdom2/2.0.6.1/jdom2-2.0.6.1.jar	0b20f45e3a0fd8f0d12cdc5316b06776e902b1365db00118876f9175c60f302c	JDOM custom four-condition BSD-style	BLOCKED-LEGAL	L6	Q02 intake direct-optional correction	9d3878b0a87ad1b2bafb729e8c9085b36b17bd0d30a813030113e13f99cced2c	Engineering; Legal Review Authority for L1-L6	DEPENDENCY; internal unmodified T027 only
org.vafer:jdependency:2.10	org.springframework.boot:spring-boot-maven-plugin:4.1.1	/home/phuclam/.m2/repository/org/vafer/jdependency/2.10/jdependency-2.10.jar	1dcd8355ab9ebced687715bf1252eb2aee5d0e74497a2014fd3387cfce8df85f	Apache-2.0 wrapper/CommonsIO2.15.1 + BSD-3-Clause shaded ASM9.6	APPROVED-WITH-OBLIGATIONS	O1;O2;O3	upstream-rights v0.3 R21 commit 025abcded11e228f1e4b7968898fc947b74b1d82; supplement ASM BSD notice before copies	UPSTREAM_SOURCE_EVIDENCE	Engineering	DEPENDENCY; internal unmodified T027 only
org.ow2.asm:asm-tree:9.7	org.springframework.boot:spring-boot-maven-plugin:4.1.1	/home/phuclam/.m2/repository/org/ow2/asm/asm-tree/9.7/asm-tree-9.7.jar	62f4b3bc436045c1acb5c3ba2d8ec556ec3369093d7f5d06c747eb04b56d52b1	BSD-3-Clause exact ASM9.7 project/source grant	APPROVED-WITH-OBLIGATIONS	O2;O3	upstream-rights v0.3 R20 ASM_9_7 commit bde266f0d59dd12739ad15a39f1da43a61143eed	UPSTREAM_SOURCE_EVIDENCE	Engineering	DEPENDENCY; internal unmodified T027 only
