kind	realm	coordinate
collection	application	org.springframework.boot:spring-boot-starter-webmvc:4.1.1
collection	application	org.springframework.boot:spring-boot-starter:4.1.1
collection	application	org.springframework.boot:spring-boot-autoconfigure:4.1.1
collection	application	jakarta.annotation:jakarta.annotation-api:3.0.0
collection	application	org.yaml:snakeyaml:2.6
collection	application	org.springframework.boot:spring-boot-starter-jackson:4.1.1
collection	application	org.springframework.boot:spring-boot-jackson:4.1.1
collection	application	tools.jackson.core:jackson-databind:3.1.5
collection	application	com.fasterxml.jackson.core:jackson-annotations:2.21
collection	application	tools.jackson.core:jackson-core:3.1.5
collection	application	org.springframework.boot:spring-boot-starter-tomcat:4.1.1
collection	application	org.springframework.boot:spring-boot-starter-tomcat-runtime:4.1.1
collection	application	org.springframework.boot:spring-boot-web-server:4.1.1
collection	application	org.apache.tomcat.embed:tomcat-embed-core:11.0.24
collection	application	org.apache.tomcat.embed:tomcat-embed-el:11.0.24
collection	application	org.apache.tomcat.embed:tomcat-embed-websocket:11.0.24
collection	application	org.springframework.boot:spring-boot-tomcat:4.1.1
collection	application	org.springframework.boot:spring-boot-http-converter:4.1.1
collection	application	org.springframework.boot:spring-boot:4.1.1
collection	application	org.springframework:spring-core:7.0.9
collection	application	commons-logging:commons-logging:1.3.6
collection	application	org.jspecify:jspecify:1.0.1
collection	application	org.springframework:spring-context:7.0.9
collection	application	org.springframework:spring-web:7.0.9
collection	application	org.springframework:spring-beans:7.0.9
collection	application	io.micrometer:micrometer-observation:1.17.1
collection	application	io.micrometer:micrometer-commons:1.17.1
collection	application	org.springframework.boot:spring-boot-webmvc:4.1.1
collection	application	org.springframework.boot:spring-boot-servlet:4.1.1
collection	application	org.springframework:spring-webmvc:7.0.9
collection	application	org.springframework:spring-aop:7.0.9
collection	application	org.springframework:spring-expression:7.0.9
collection	application	org.springframework.boot:spring-boot-starter-log4j2:4.1.1
collection	application	org.apache.logging.log4j:log4j-slf4j2-impl:2.25.5
collection	application	org.apache.logging.log4j:log4j-api:2.25.5
collection	application	org.slf4j:slf4j-api:2.0.18
collection	application	org.apache.logging.log4j:log4j-core:2.25.5
collection	application	org.apache.logging.log4j:log4j-jul:2.25.5
collection	org.apache.maven.plugins:maven-resources-plugin:3.5.0	org.apache.maven.plugins:maven-resources-plugin:3.5.0
collection	org.apache.maven.plugins:maven-resources-plugin:3.5.0	org.apache.maven.shared:maven-filtering:3.5.0
collection	org.apache.maven.plugins:maven-resources-plugin:3.5.0	org.slf4j:slf4j-api:1.7.36
collection	org.apache.maven.plugins:maven-resources-plugin:3.5.0	org.codehaus.plexus:plexus-build-api:1.2.0
collection	org.apache.maven.plugins:maven-resources-plugin:3.5.0	javax.inject:javax.inject:1
collection	org.apache.maven.plugins:maven-resources-plugin:3.5.0	org.sonatype.plexus:plexus-build-api:0.0.7
collection	org.apache.maven.plugins:maven-resources-plugin:3.5.0	org.eclipse.sisu:org.eclipse.sisu.plexus:0.9.0.M4
collection	org.apache.maven.plugins:maven-resources-plugin:3.5.0	org.codehaus.plexus:plexus-interpolation:1.29
collection	org.apache.maven.plugins:maven-resources-plugin:3.5.0	org.codehaus.plexus:plexus-utils:3.6.0
realm	org.apache.maven.plugins:maven-resources-plugin:3.5.0	org.apache.maven.plugins:maven-resources-plugin:3.5.0
realm	org.apache.maven.plugins:maven-resources-plugin:3.5.0	org.apache.maven.shared:maven-filtering:3.5.0
realm	org.apache.maven.plugins:maven-resources-plugin:3.5.0	org.codehaus.plexus:plexus-build-api:1.2.0
realm	org.apache.maven.plugins:maven-resources-plugin:3.5.0	org.sonatype.plexus:plexus-build-api:0.0.7
realm	org.apache.maven.plugins:maven-resources-plugin:3.5.0	org.codehaus.plexus:plexus-interpolation:1.29
realm	org.apache.maven.plugins:maven-resources-plugin:3.5.0	org.codehaus.plexus:plexus-utils:3.6.0
collection	org.apache.maven.plugins:maven-compiler-plugin:3.15.0	org.apache.maven.plugins:maven-compiler-plugin:3.15.0
collection	org.apache.maven.plugins:maven-compiler-plugin:3.15.0	org.ow2.asm:asm:9.9.1
collection	org.apache.maven.plugins:maven-compiler-plugin:3.15.0	org.apache.maven.shared:maven-shared-utils:3.4.2
collection	org.apache.maven.plugins:maven-compiler-plugin:3.15.0	org.slf4j:slf4j-api:1.7.36
collection	org.apache.maven.plugins:maven-compiler-plugin:3.15.0	commons-io:commons-io:2.11.0
collection	org.apache.maven.plugins:maven-compiler-plugin:3.15.0	org.apache.maven.shared:maven-shared-incremental:1.1
collection	org.apache.maven.plugins:maven-compiler-plugin:3.15.0	org.codehaus.plexus:plexus-java:1.5.2
collection	org.apache.maven.plugins:maven-compiler-plugin:3.15.0	com.thoughtworks.qdox:qdox:2.2.0
collection	org.apache.maven.plugins:maven-compiler-plugin:3.15.0	org.codehaus.plexus:plexus-compiler-api:2.16.2
collection	org.apache.maven.plugins:maven-compiler-plugin:3.15.0	org.codehaus.plexus:plexus-compiler-manager:2.16.2
collection	org.apache.maven.plugins:maven-compiler-plugin:3.15.0	javax.inject:javax.inject:1
collection	org.apache.maven.plugins:maven-compiler-plugin:3.15.0	org.codehaus.plexus:plexus-xml:3.0.1
collection	org.apache.maven.plugins:maven-compiler-plugin:3.15.0	org.codehaus.plexus:plexus-compiler-javac:2.16.2
collection	org.apache.maven.plugins:maven-compiler-plugin:3.15.0	org.codehaus.plexus:plexus-utils:4.0.2
realm	org.apache.maven.plugins:maven-compiler-plugin:3.15.0	org.apache.maven.plugins:maven-compiler-plugin:3.15.0
realm	org.apache.maven.plugins:maven-compiler-plugin:3.15.0	org.ow2.asm:asm:9.9.1
realm	org.apache.maven.plugins:maven-compiler-plugin:3.15.0	org.apache.maven.shared:maven-shared-utils:3.4.2
realm	org.apache.maven.plugins:maven-compiler-plugin:3.15.0	commons-io:commons-io:2.11.0
realm	org.apache.maven.plugins:maven-compiler-plugin:3.15.0	org.apache.maven.shared:maven-shared-incremental:1.1
realm	org.apache.maven.plugins:maven-compiler-plugin:3.15.0	org.codehaus.plexus:plexus-java:1.5.2
realm	org.apache.maven.plugins:maven-compiler-plugin:3.15.0	com.thoughtworks.qdox:qdox:2.2.0
realm	org.apache.maven.plugins:maven-compiler-plugin:3.15.0	org.codehaus.plexus:plexus-compiler-api:2.16.2
realm	org.apache.maven.plugins:maven-compiler-plugin:3.15.0	org.codehaus.plexus:plexus-compiler-manager:2.16.2
realm	org.apache.maven.plugins:maven-compiler-plugin:3.15.0	org.codehaus.plexus:plexus-xml:3.0.1
realm	org.apache.maven.plugins:maven-compiler-plugin:3.15.0	org.codehaus.plexus:plexus-compiler-javac:2.16.2
realm	org.apache.maven.plugins:maven-compiler-plugin:3.15.0	org.codehaus.plexus:plexus-utils:4.0.2
collection	org.apache.maven.plugins:maven-jar-plugin:3.5.1	org.apache.maven.plugins:maven-jar-plugin:3.5.1
collection	org.apache.maven.plugins:maven-jar-plugin:3.5.1	org.apache.maven.shared:file-management:3.2.0
collection	org.apache.maven.plugins:maven-jar-plugin:3.5.1	org.codehaus.plexus:plexus-utils:4.0.3
collection	org.apache.maven.plugins:maven-jar-plugin:3.5.1	org.apache.maven:maven-archiver:3.6.6
collection	org.apache.maven.plugins:maven-jar-plugin:3.5.1	org.codehaus.plexus:plexus-interpolation:1.29
collection	org.apache.maven.plugins:maven-jar-plugin:3.5.1	org.codehaus.plexus:plexus-xml:3.0.1
collection	org.apache.maven.plugins:maven-jar-plugin:3.5.1	org.codehaus.plexus:plexus-archiver:4.12.0
collection	org.apache.maven.plugins:maven-jar-plugin:3.5.1	org.codehaus.plexus:plexus-io:3.6.0
collection	org.apache.maven.plugins:maven-jar-plugin:3.5.1	org.apache.commons:commons-compress:1.28.0
collection	org.apache.maven.plugins:maven-jar-plugin:3.5.1	commons-codec:commons-codec:1.19.0
collection	org.apache.maven.plugins:maven-jar-plugin:3.5.1	org.apache.commons:commons-lang3:3.18.0
collection	org.apache.maven.plugins:maven-jar-plugin:3.5.1	org.tukaani:xz:1.12
collection	org.apache.maven.plugins:maven-jar-plugin:3.5.1	com.github.luben:zstd-jni:1.5.7-9
collection	org.apache.maven.plugins:maven-jar-plugin:3.5.1	javax.inject:javax.inject:1
collection	org.apache.maven.plugins:maven-jar-plugin:3.5.1	org.slf4j:slf4j-api:1.7.36
collection	org.apache.maven.plugins:maven-jar-plugin:3.5.1	commons-io:commons-io:2.22.0
realm	org.apache.maven.plugins:maven-jar-plugin:3.5.1	org.apache.maven.plugins:maven-jar-plugin:3.5.1
realm	org.apache.maven.plugins:maven-jar-plugin:3.5.1	org.apache.maven.shared:file-management:3.2.0
realm	org.apache.maven.plugins:maven-jar-plugin:3.5.1	org.codehaus.plexus:plexus-utils:4.0.3
realm	org.apache.maven.plugins:maven-jar-plugin:3.5.1	org.apache.maven:maven-archiver:3.6.6
realm	org.apache.maven.plugins:maven-jar-plugin:3.5.1	org.codehaus.plexus:plexus-interpolation:1.29
realm	org.apache.maven.plugins:maven-jar-plugin:3.5.1	org.codehaus.plexus:plexus-xml:3.0.1
realm	org.apache.maven.plugins:maven-jar-plugin:3.5.1	org.codehaus.plexus:plexus-archiver:4.12.0
realm	org.apache.maven.plugins:maven-jar-plugin:3.5.1	org.codehaus.plexus:plexus-io:3.6.0
realm	org.apache.maven.plugins:maven-jar-plugin:3.5.1	org.apache.commons:commons-compress:1.28.0
realm	org.apache.maven.plugins:maven-jar-plugin:3.5.1	commons-codec:commons-codec:1.19.0
realm	org.apache.maven.plugins:maven-jar-plugin:3.5.1	org.apache.commons:commons-lang3:3.18.0
realm	org.apache.maven.plugins:maven-jar-plugin:3.5.1	org.tukaani:xz:1.12
realm	org.apache.maven.plugins:maven-jar-plugin:3.5.1	com.github.luben:zstd-jni:1.5.7-9
realm	org.apache.maven.plugins:maven-jar-plugin:3.5.1	commons-io:commons-io:2.22.0
collection	org.springframework.boot:spring-boot-maven-plugin:4.1.1	org.springframework.boot:spring-boot-maven-plugin:4.1.1
collection	org.springframework.boot:spring-boot-maven-plugin:4.1.1	org.springframework.boot:spring-boot-buildpack-platform:4.1.1
collection	org.springframework.boot:spring-boot-maven-plugin:4.1.1	net.java.dev.jna:jna-platform:5.17.0
collection	org.springframework.boot:spring-boot-maven-plugin:4.1.1	net.java.dev.jna:jna:5.17.0
collection	org.springframework.boot:spring-boot-maven-plugin:4.1.1	org.apache.commons:commons-compress:1.27.1
collection	org.springframework.boot:spring-boot-maven-plugin:4.1.1	commons-codec:commons-codec:1.17.1
collection	org.springframework.boot:spring-boot-maven-plugin:4.1.1	org.apache.commons:commons-lang3:3.16.0
collection	org.springframework.boot:spring-boot-maven-plugin:4.1.1	org.apache.httpcomponents.client5:httpclient5:5.6.4
collection	org.springframework.boot:spring-boot-maven-plugin:4.1.1	org.apache.httpcomponents.core5:httpcore5:5.4.3
collection	org.springframework.boot:spring-boot-maven-plugin:4.1.1	org.apache.httpcomponents.core5:httpcore5-h2:5.4.3
collection	org.springframework.boot:spring-boot-maven-plugin:4.1.1	org.tomlj:tomlj:1.0.0
collection	org.springframework.boot:spring-boot-maven-plugin:4.1.1	org.antlr:antlr4-runtime:4.7.2
collection	org.springframework.boot:spring-boot-maven-plugin:4.1.1	tools.jackson.core:jackson-databind:3.1.5
collection	org.springframework.boot:spring-boot-maven-plugin:4.1.1	com.fasterxml.jackson.core:jackson-annotations:2.21
collection	org.springframework.boot:spring-boot-maven-plugin:4.1.1	tools.jackson.core:jackson-core:3.1.5
collection	org.springframework.boot:spring-boot-maven-plugin:4.1.1	org.springframework.boot:spring-boot-loader-tools:4.1.1
collection	org.springframework.boot:spring-boot-maven-plugin:4.1.1	org.apache.maven.shared:maven-common-artifact-filters:3.4.0
collection	org.springframework.boot:spring-boot-maven-plugin:4.1.1	org.slf4j:slf4j-api:1.7.36
collection	org.springframework.boot:spring-boot-maven-plugin:4.1.1	org.apache.maven.resolver:maven-resolver-util:1.4.1
collection	org.springframework.boot:spring-boot-maven-plugin:4.1.1	org.apache.maven.resolver:maven-resolver-api:1.4.1
collection	org.springframework.boot:spring-boot-maven-plugin:4.1.1	org.sonatype.plexus:plexus-build-api:0.0.7
collection	org.springframework.boot:spring-boot-maven-plugin:4.1.1	org.springframework:spring-core:7.0.9
collection	org.springframework.boot:spring-boot-maven-plugin:4.1.1	commons-logging:commons-logging:1.3.5
collection	org.springframework.boot:spring-boot-maven-plugin:4.1.1	org.jspecify:jspecify:1.0.0
collection	org.springframework.boot:spring-boot-maven-plugin:4.1.1	org.springframework:spring-context:7.0.9
collection	org.springframework.boot:spring-boot-maven-plugin:4.1.1	org.springframework:spring-aop:7.0.9
collection	org.springframework.boot:spring-boot-maven-plugin:4.1.1	org.springframework:spring-beans:7.0.9
collection	org.springframework.boot:spring-boot-maven-plugin:4.1.1	org.springframework:spring-expression:7.0.9
collection	org.springframework.boot:spring-boot-maven-plugin:4.1.1	io.micrometer:micrometer-observation:1.16.7
collection	org.springframework.boot:spring-boot-maven-plugin:4.1.1	io.micrometer:micrometer-commons:1.16.7
collection	org.springframework.boot:spring-boot-maven-plugin:4.1.1	org.apache.maven.plugins:maven-shade-plugin:3.6.0
collection	org.springframework.boot:spring-boot-maven-plugin:4.1.1	org.codehaus.plexus:plexus-utils:3.5.1
collection	org.springframework.boot:spring-boot-maven-plugin:4.1.1	org.ow2.asm:asm:9.7
collection	org.springframework.boot:spring-boot-maven-plugin:4.1.1	org.ow2.asm:asm-commons:9.7
collection	org.springframework.boot:spring-boot-maven-plugin:4.1.1	org.ow2.asm:asm-tree:9.7
collection	org.springframework.boot:spring-boot-maven-plugin:4.1.1	org.jdom:jdom2:2.0.6.1
collection	org.springframework.boot:spring-boot-maven-plugin:4.1.1	commons-io:commons-io:2.16.1
collection	org.springframework.boot:spring-boot-maven-plugin:4.1.1	org.vafer:jdependency:2.10
realm	org.springframework.boot:spring-boot-maven-plugin:4.1.1	org.springframework.boot:spring-boot-maven-plugin:4.1.1
realm	org.springframework.boot:spring-boot-maven-plugin:4.1.1	org.springframework.boot:spring-boot-buildpack-platform:4.1.1
realm	org.springframework.boot:spring-boot-maven-plugin:4.1.1	net.java.dev.jna:jna-platform:5.17.0
realm	org.springframework.boot:spring-boot-maven-plugin:4.1.1	net.java.dev.jna:jna:5.17.0
realm	org.springframework.boot:spring-boot-maven-plugin:4.1.1	org.apache.commons:commons-compress:1.27.1
realm	org.springframework.boot:spring-boot-maven-plugin:4.1.1	commons-codec:commons-codec:1.17.1
realm	org.springframework.boot:spring-boot-maven-plugin:4.1.1	org.apache.commons:commons-lang3:3.16.0
realm	org.springframework.boot:spring-boot-maven-plugin:4.1.1	org.apache.httpcomponents.client5:httpclient5:5.6.4
realm	org.springframework.boot:spring-boot-maven-plugin:4.1.1	org.apache.httpcomponents.core5:httpcore5:5.4.3
realm	org.springframework.boot:spring-boot-maven-plugin:4.1.1	org.apache.httpcomponents.core5:httpcore5-h2:5.4.3
realm	org.springframework.boot:spring-boot-maven-plugin:4.1.1	org.tomlj:tomlj:1.0.0
realm	org.springframework.boot:spring-boot-maven-plugin:4.1.1	org.antlr:antlr4-runtime:4.7.2
realm	org.springframework.boot:spring-boot-maven-plugin:4.1.1	tools.jackson.core:jackson-databind:3.1.5
realm	org.springframework.boot:spring-boot-maven-plugin:4.1.1	com.fasterxml.jackson.core:jackson-annotations:2.21
realm	org.springframework.boot:spring-boot-maven-plugin:4.1.1	tools.jackson.core:jackson-core:3.1.5
realm	org.springframework.boot:spring-boot-maven-plugin:4.1.1	org.springframework.boot:spring-boot-loader-tools:4.1.1
realm	org.springframework.boot:spring-boot-maven-plugin:4.1.1	org.apache.maven.shared:maven-common-artifact-filters:3.4.0
realm	org.springframework.boot:spring-boot-maven-plugin:4.1.1	org.sonatype.plexus:plexus-build-api:0.0.7
realm	org.springframework.boot:spring-boot-maven-plugin:4.1.1	org.springframework:spring-core:7.0.9
realm	org.springframework.boot:spring-boot-maven-plugin:4.1.1	commons-logging:commons-logging:1.3.5
realm	org.springframework.boot:spring-boot-maven-plugin:4.1.1	org.jspecify:jspecify:1.0.0
realm	org.springframework.boot:spring-boot-maven-plugin:4.1.1	org.springframework:spring-context:7.0.9
realm	org.springframework.boot:spring-boot-maven-plugin:4.1.1	org.springframework:spring-aop:7.0.9
realm	org.springframework.boot:spring-boot-maven-plugin:4.1.1	org.springframework:spring-beans:7.0.9
realm	org.springframework.boot:spring-boot-maven-plugin:4.1.1	org.springframework:spring-expression:7.0.9
realm	org.springframework.boot:spring-boot-maven-plugin:4.1.1	io.micrometer:micrometer-observation:1.16.7
realm	org.springframework.boot:spring-boot-maven-plugin:4.1.1	io.micrometer:micrometer-commons:1.16.7
realm	org.springframework.boot:spring-boot-maven-plugin:4.1.1	org.apache.maven.plugins:maven-shade-plugin:3.6.0
realm	org.springframework.boot:spring-boot-maven-plugin:4.1.1	org.codehaus.plexus:plexus-utils:3.5.1
realm	org.springframework.boot:spring-boot-maven-plugin:4.1.1	org.ow2.asm:asm:9.7
realm	org.springframework.boot:spring-boot-maven-plugin:4.1.1	org.ow2.asm:asm-commons:9.7
realm	org.springframework.boot:spring-boot-maven-plugin:4.1.1	org.ow2.asm:asm-tree:9.7
realm	org.springframework.boot:spring-boot-maven-plugin:4.1.1	org.jdom:jdom2:2.0.6.1
realm	org.springframework.boot:spring-boot-maven-plugin:4.1.1	commons-io:commons-io:2.16.1
realm	org.springframework.boot:spring-boot-maven-plugin:4.1.1	org.vafer:jdependency:2.10
