component	source_subtree	parent_release	retained_legal_path	line	runtime_presence	obligation_owner
Acorn	deps/acorn	Node.js24.19.0	docs/third-party/node-24.19.0/LICENSE.txt	54	SOURCE-NOTICE-INDEX; not a claim all source components are in Windows executable	Project maintainers; applicable attribution/disclaimer/no-endorsement preservation; release SBOM mapping
c-ares	deps/cares	Node.js24.19.0	docs/third-party/node-24.19.0/LICENSE.txt	79	SOURCE-NOTICE-INDEX; not a claim all source components are in Windows executable	Project maintainers; applicable attribution/disclaimer/no-endorsement preservation; release SBOM mapping
merve	deps/merve	Node.js24.19.0	docs/third-party/node-24.19.0/LICENSE.txt	107	SOURCE-NOTICE-INDEX; not a claim all source components are in Windows executable	Project maintainers; applicable attribution/disclaimer/no-endorsement preservation; release SBOM mapping
ittapi	deps/v8/third_party/ittapi	Node.js24.19.0	docs/third-party/node-24.19.0/LICENSE.txt	129	SOURCE-NOTICE-INDEX; not a claim all source components are in Windows executable	Project maintainers; applicable attribution/disclaimer/no-endorsement preservation; release SBOM mapping
amaro	deps/amaro	Node.js24.19.0	docs/third-party/node-24.19.0/LICENSE.txt	141	SOURCE-NOTICE-INDEX; not a claim all source components are in Windows executable	Project maintainers; applicable attribution/disclaimer/no-endorsement preservation; release SBOM mapping
swc	deps/amaro/dist	Node.js24.19.0	docs/third-party/node-24.19.0/LICENSE.txt	166	SOURCE-NOTICE-INDEX; not a claim all source components are in Windows executable	Project maintainers; applicable attribution/disclaimer/no-endorsement preservation; release SBOM mapping
ICU	deps/icu-small	Node.js24.19.0	docs/third-party/node-24.19.0/LICENSE.txt	371	SOURCE-NOTICE-INDEX; not a claim all source components are in Windows executable	Project maintainers; applicable attribution/disclaimer/no-endorsement preservation; release SBOM mapping
libuv	deps/uv	Node.js24.19.0	docs/third-party/node-24.19.0/LICENSE.txt	938	SOURCE-NOTICE-INDEX; not a claim all source components are in Windows executable	Project maintainers; applicable attribution/disclaimer/no-endorsement preservation; release SBOM mapping
LIEF	deps/LIEF	Node.js24.19.0	docs/third-party/node-24.19.0/LICENSE.txt	997	SOURCE-NOTICE-INDEX; not a claim all source components are in Windows executable	Project maintainers; applicable attribution/disclaimer/no-endorsement preservation; release SBOM mapping
llhttp	deps/llhttp	Node.js24.19.0	docs/third-party/node-24.19.0/LICENSE.txt	1203	SOURCE-NOTICE-INDEX; not a claim all source components are in Windows executable	Project maintainers; applicable attribution/disclaimer/no-endorsement preservation; release SBOM mapping
corepack	deps/corepack	Node.js24.19.0	docs/third-party/node-24.19.0/LICENSE.txt	1229	SOURCE-NOTICE-INDEX; not a claim all source components are in Windows executable	Project maintainers; applicable attribution/disclaimer/no-endorsement preservation; release SBOM mapping
undici	deps/undici	Node.js24.19.0	docs/third-party/node-24.19.0/LICENSE.txt	1240	SOURCE-NOTICE-INDEX; not a claim all source components are in Windows executable	Project maintainers; applicable attribution/disclaimer/no-endorsement preservation; release SBOM mapping
postject	test/fixtures/postject-copy	Node.js24.19.0	docs/third-party/node-24.19.0/LICENSE.txt	1265	SOURCE-NOTICE-INDEX; not a claim all source components are in Windows executable	Project maintainers; applicable attribution/disclaimer/no-endorsement preservation; release SBOM mapping
OpenSSL	deps/openssl	Node.js24.19.0	docs/third-party/node-24.19.0/LICENSE.txt	1505	SOURCE-NOTICE-INDEX; not a claim all source components are in Windows executable	Project maintainers; applicable attribution/disclaimer/no-endorsement preservation; release SBOM mapping
Punycode.js	lib/punycode.js	Node.js24.19.0	docs/third-party/node-24.19.0/LICENSE.txt	1685	SOURCE-NOTICE-INDEX; not a claim all source components are in Windows executable	Project maintainers; applicable attribution/disclaimer/no-endorsement preservation; release SBOM mapping
V8	deps/v8	Node.js24.19.0	docs/third-party/node-24.19.0/LICENSE.txt	1709	SOURCE-NOTICE-INDEX; not a claim all source components are in Windows executable	Project maintainers; applicable attribution/disclaimer/no-endorsement preservation; release SBOM mapping
SipHash	deps/v8/src/third_party/siphash	Node.js24.19.0	docs/third-party/node-24.19.0/LICENSE.txt	1774	SOURCE-NOTICE-INDEX; not a claim all source components are in Windows executable	Project maintainers; applicable attribution/disclaimer/no-endorsement preservation; release SBOM mapping
zlib	deps/zlib	Node.js24.19.0	docs/third-party/node-24.19.0/LICENSE.txt	1785	SOURCE-NOTICE-INDEX; not a claim all source components are in Windows executable	Project maintainers; applicable attribution/disclaimer/no-endorsement preservation; release SBOM mapping
simdjson	deps/simdjson	Node.js24.19.0	docs/third-party/node-24.19.0/LICENSE.txt	1812	SOURCE-NOTICE-INDEX; not a claim all source components are in Windows executable	Project maintainers; applicable attribution/disclaimer/no-endorsement preservation; release SBOM mapping
simdutf	deps/v8/third_party/simdutf	Node.js24.19.0	docs/third-party/node-24.19.0/LICENSE.txt	2017	SOURCE-NOTICE-INDEX; not a claim all source components are in Windows executable	Project maintainers; applicable attribution/disclaimer/no-endorsement preservation; release SBOM mapping
ada	deps/ada	Node.js24.19.0	docs/third-party/node-24.19.0/LICENSE.txt	2039	SOURCE-NOTICE-INDEX; not a claim all source components are in Windows executable	Project maintainers; applicable attribution/disclaimer/no-endorsement preservation; release SBOM mapping
minimatch	deps/minimatch	Node.js24.19.0	docs/third-party/node-24.19.0/LICENSE.txt	2061	SOURCE-NOTICE-INDEX; not a claim all source components are in Windows executable	Project maintainers; applicable attribution/disclaimer/no-endorsement preservation; release SBOM mapping
npm	deps/npm	Node.js24.19.0	docs/third-party/node-24.19.0/LICENSE.txt	2120	SOURCE-NOTICE-INDEX; not a claim all source components are in Windows executable	Project maintainers; applicable attribution/disclaimer/no-endorsement preservation; release SBOM mapping
GYP	tools/gyp	Node.js24.19.0	docs/third-party/node-24.19.0/LICENSE.txt	2349	SOURCE-NOTICE-INDEX; not a claim all source components are in Windows executable	Project maintainers; applicable attribution/disclaimer/no-endorsement preservation; release SBOM mapping
inspector_protocol	deps/inspector_protocol	Node.js24.19.0	docs/third-party/node-24.19.0/LICENSE.txt	2381	SOURCE-NOTICE-INDEX; not a claim all source components are in Windows executable	Project maintainers; applicable attribution/disclaimer/no-endorsement preservation; release SBOM mapping
jinja2	tools/inspector_protocol/jinja2	Node.js24.19.0	docs/third-party/node-24.19.0/LICENSE.txt	2412	SOURCE-NOTICE-INDEX; not a claim all source components are in Windows executable	Project maintainers; applicable attribution/disclaimer/no-endorsement preservation; release SBOM mapping
markupsafe	tools/inspector_protocol/markupsafe	Node.js24.19.0	docs/third-party/node-24.19.0/LICENSE.txt	2447	SOURCE-NOTICE-INDEX; not a claim all source components are in Windows executable	Project maintainers; applicable attribution/disclaimer/no-endorsement preservation; release SBOM mapping
cpplint.py	tools/cpplint.py	Node.js24.19.0	docs/third-party/node-24.19.0/LICENSE.txt	2484	SOURCE-NOTICE-INDEX; not a claim all source components are in Windows executable	Project maintainers; applicable attribution/disclaimer/no-endorsement preservation; release SBOM mapping
gypi_to_gn.py	tools/gypi_to_gn.py	Node.js24.19.0	docs/third-party/node-24.19.0/LICENSE.txt	2515	SOURCE-NOTICE-INDEX; not a claim all source components are in Windows executable	Project maintainers; applicable attribution/disclaimer/no-endorsement preservation; release SBOM mapping
gtest	deps/googletest	Node.js24.19.0	docs/third-party/node-24.19.0/LICENSE.txt	2544	SOURCE-NOTICE-INDEX; not a claim all source components are in Windows executable	Project maintainers; applicable attribution/disclaimer/no-endorsement preservation; release SBOM mapping
nghttp2	deps/nghttp2	Node.js24.19.0	docs/third-party/node-24.19.0/LICENSE.txt	2576	SOURCE-NOTICE-INDEX; not a claim all source components are in Windows executable	Project maintainers; applicable attribution/disclaimer/no-endorsement preservation; release SBOM mapping
large_pages	src/large_pages	Node.js24.19.0	docs/third-party/node-24.19.0/LICENSE.txt	2603	SOURCE-NOTICE-INDEX; not a claim all source components are in Windows executable	Project maintainers; applicable attribution/disclaimer/no-endorsement preservation; release SBOM mapping
caja	lib/internal/freeze_intrinsics.js	Node.js24.19.0	docs/third-party/node-24.19.0/LICENSE.txt	2626	SOURCE-NOTICE-INDEX; not a claim all source components are in Windows executable	Project maintainers; applicable attribution/disclaimer/no-endorsement preservation; release SBOM mapping
brotli	deps/brotli	Node.js24.19.0	docs/third-party/node-24.19.0/LICENSE.txt	2644	SOURCE-NOTICE-INDEX; not a claim all source components are in Windows executable	Project maintainers; applicable attribution/disclaimer/no-endorsement preservation; release SBOM mapping
zstd	deps/zstd	Node.js24.19.0	docs/third-party/node-24.19.0/LICENSE.txt	2667	SOURCE-NOTICE-INDEX; not a claim all source components are in Windows executable	Project maintainers; applicable attribution/disclaimer/no-endorsement preservation; release SBOM mapping
HdrHistogram	deps/histogram	Node.js24.19.0	docs/third-party/node-24.19.0/LICENSE.txt	2701	SOURCE-NOTICE-INDEX; not a claim all source components are in Windows executable	Project maintainers; applicable attribution/disclaimer/no-endorsement preservation; release SBOM mapping
node-heapdump	src/heap_utils.cc	Node.js24.19.0	docs/third-party/node-24.19.0/LICENSE.txt	2746	SOURCE-NOTICE-INDEX; not a claim all source components are in Windows executable	Project maintainers; applicable attribution/disclaimer/no-endorsement preservation; release SBOM mapping
rimraf	lib/internal/fs/rimraf.js	Node.js24.19.0	docs/third-party/node-24.19.0/LICENSE.txt	2783	SOURCE-NOTICE-INDEX; not a claim all source components are in Windows executable	Project maintainers; applicable attribution/disclaimer/no-endorsement preservation; release SBOM mapping
uvwasi	deps/uvwasi	Node.js24.19.0	docs/third-party/node-24.19.0/LICENSE.txt	2802	SOURCE-NOTICE-INDEX; not a claim all source components are in Windows executable	Project maintainers; applicable attribution/disclaimer/no-endorsement preservation; release SBOM mapping
ngtcp2	deps/ngtcp2/ngtcp2/	Node.js24.19.0	docs/third-party/node-24.19.0/LICENSE.txt	2827	SOURCE-NOTICE-INDEX; not a claim all source components are in Windows executable	Project maintainers; applicable attribution/disclaimer/no-endorsement preservation; release SBOM mapping
nghttp3	deps/ngtcp2/nghttp3/	Node.js24.19.0	docs/third-party/node-24.19.0/LICENSE.txt	2853	SOURCE-NOTICE-INDEX; not a claim all source components are in Windows executable	Project maintainers; applicable attribution/disclaimer/no-endorsement preservation; release SBOM mapping
node-fs-extra	lib/internal/fs/cp	Node.js24.19.0	docs/third-party/node-24.19.0/LICENSE.txt	2879	SOURCE-NOTICE-INDEX; not a claim all source components are in Windows executable	Project maintainers; applicable attribution/disclaimer/no-endorsement preservation; release SBOM mapping
on-exit-leak-free	lib/internal/process/finalization	Node.js24.19.0	docs/third-party/node-24.19.0/LICENSE.txt	2898	SOURCE-NOTICE-INDEX; not a claim all source components are in Windows executable	Project maintainers; applicable attribution/disclaimer/no-endorsement preservation; release SBOM mapping
sonic-boom	lib/internal/streams/fast-utf8-stream.js	Node.js24.19.0	docs/third-party/node-24.19.0/LICENSE.txt	2923	SOURCE-NOTICE-INDEX; not a claim all source components are in Windows executable	Project maintainers; applicable attribution/disclaimer/no-endorsement preservation; release SBOM mapping
