surface	entry	sha256	coordinate	terms	legal_entries
gateway.jar	BOOT-INF/lib/spring-boot-autoconfigure-4.1.1.jar	59228756ddd76cea050f95d86deff334789bc53b6688beaa673b1af2b9794592	org.springframework.boot:spring-boot-autoconfigure:4.1.1	Apache-2.0	META-INF/LICENSE.txt=7200000367e0e8b47822d563a5ddd2dd3a97cc05b32bd7dbcc7b4eeb92b76628;META-INF/NOTICE.txt=64e8c092d64ccaecac2d81d324c84a4dff29fdc2cb777f3b1abd910ac2e8555d
gateway.jar	BOOT-INF/lib/jakarta.annotation-api-3.0.0.jar	b01f55552284cfb149411e64eabca75e942d26d2e1786b32914250e4330afaa2	jakarta.annotation:jakarta.annotation-api:3.0.0	EPL-2.0 OR GPL-2.0-with-Classpath-exception	META-INF/LICENSE.md=6e1f002892b81cbe0647019b150c8a056efc1add565671a4f8af629b6cd2cc7b;META-INF/NOTICE.md=20bf986a153cc3095639379c99ef0a5a3bf99ac4895429920d380414a3eecf08
gateway.jar	BOOT-INF/lib/snakeyaml-2.6.jar	c8f7a98e7394adda02f6317249710e4d1b4c7a25aa8c7eace0c2eea52eb8bf85	org.yaml:snakeyaml:2.6	Apache-2.0	NO_MATCHING_LEGAL_ENTRY
gateway.jar	BOOT-INF/lib/spring-boot-jackson-4.1.1.jar	69a9b4d8850a0532a5e44ff7306a03621485b26596e7f9481de7d28e68a2dd42	org.springframework.boot:spring-boot-jackson:4.1.1	Apache-2.0	META-INF/LICENSE.txt=7200000367e0e8b47822d563a5ddd2dd3a97cc05b32bd7dbcc7b4eeb92b76628;META-INF/NOTICE.txt=64e8c092d64ccaecac2d81d324c84a4dff29fdc2cb777f3b1abd910ac2e8555d
gateway.jar	BOOT-INF/lib/jackson-databind-3.1.5.jar	3a2338d996fd3056791df8d335fa9ba8a62a706ed4245ecf81b3e583df37d08a	tools.jackson.core:jackson-databind:3.1.5	Apache-2.0	META-INF/LICENSE=cfc7749b96f63bd31c3c42b5c471bf756814053e847c10f3eb003417bc523d30;META-INF/NOTICE=d3fa47349b4ba4a3763bf635b930f8877073aa3915a3f3e45fe4b1842fc60302
gateway.jar	BOOT-INF/lib/jackson-annotations-2.21.jar	53ca085f4a150f703f49e1aabd935bd03b43e1ea3d55d135438292af22cef56b	com.fasterxml.jackson.core:jackson-annotations:2.21	Apache-2.0	META-INF/LICENSE=cfc7749b96f63bd31c3c42b5c471bf756814053e847c10f3eb003417bc523d30;META-INF/NOTICE=612b14bc77c944ce229cbba0d14919162cfea8ed802cbf06a8e865e032d03201
gateway.jar	BOOT-INF/lib/jackson-core-3.1.5.jar	9431b7fa2673bbb618c11d865fe15e13222fd182a214ff998cb7e56afd8f35d2	tools.jackson.core:jackson-core:3.1.5	Apache-2.0 + MIT + BSD-2-Clause + BSL-1.0	META-INF/LICENSE=cfc7749b96f63bd31c3c42b5c471bf756814053e847c10f3eb003417bc523d30;META-INF/NOTICE=a8eb9ab6d21e719ba217c6367621a7ab5baa3d38df896ef258a9754a6b97527d
gateway.jar	BOOT-INF/lib/spring-boot-web-server-4.1.1.jar	6912fb1fdf7f657a61ac050760fa835fb1e7496399291697e2901f82887a4fee	org.springframework.boot:spring-boot-web-server:4.1.1	Apache-2.0	META-INF/LICENSE.txt=7200000367e0e8b47822d563a5ddd2dd3a97cc05b32bd7dbcc7b4eeb92b76628;META-INF/NOTICE.txt=64e8c092d64ccaecac2d81d324c84a4dff29fdc2cb777f3b1abd910ac2e8555d
gateway.jar	BOOT-INF/lib/tomcat-embed-core-11.0.24.jar	e7b966dcaac8c5ffa4f10e44031ebf5b71f2123560c08ac8b7120028615aea08	org.apache.tomcat.embed:tomcat-embed-core:11.0.24	Apache-2.0 + CDDL-1.0/EPL-2.0 bundled schemas	META-INF/LICENSE=8c39166d578175fb936229613e48de47d9e494b8c7c2fda6da717a1be29c8724;META-INF/NOTICE=234d3234bb332895157270092fa2a11e80aa0b3d70d59e13de0eed4c2adb1790
gateway.jar	BOOT-INF/lib/tomcat-embed-el-11.0.24.jar	ad0546f12dace008aacce18ba13222137760b310ca719e173d3e13021b9af6c6	org.apache.tomcat.embed:tomcat-embed-el:11.0.24	Apache-2.0	META-INF/LICENSE=cfc7749b96f63bd31c3c42b5c471bf756814053e847c10f3eb003417bc523d30;META-INF/NOTICE=0317acaa42a5e48bec061cf009cb5c8b4b8ff845f3c6ba548f67c5c22c29fc96
gateway.jar	BOOT-INF/lib/tomcat-embed-websocket-11.0.24.jar	825160101f0da4a10e19b5730c2ae2f99f8c2c7a7211ac05562726c5e97ab91e	org.apache.tomcat.embed:tomcat-embed-websocket:11.0.24	Apache-2.0	META-INF/LICENSE=cfc7749b96f63bd31c3c42b5c471bf756814053e847c10f3eb003417bc523d30;META-INF/NOTICE=0317acaa42a5e48bec061cf009cb5c8b4b8ff845f3c6ba548f67c5c22c29fc96
gateway.jar	BOOT-INF/lib/spring-boot-tomcat-4.1.1.jar	17f65629e4eb3c979c0572b69b57d630bb12e64869e9d7520adddaa6734256b6	org.springframework.boot:spring-boot-tomcat:4.1.1	Apache-2.0	META-INF/LICENSE.txt=7200000367e0e8b47822d563a5ddd2dd3a97cc05b32bd7dbcc7b4eeb92b76628;META-INF/NOTICE.txt=64e8c092d64ccaecac2d81d324c84a4dff29fdc2cb777f3b1abd910ac2e8555d
gateway.jar	BOOT-INF/lib/spring-boot-http-converter-4.1.1.jar	52a167430a918c223b2ccd2eb62aff91a8e43e6daebe5a07caa37b9a04c61cb9	org.springframework.boot:spring-boot-http-converter:4.1.1	Apache-2.0	META-INF/LICENSE.txt=7200000367e0e8b47822d563a5ddd2dd3a97cc05b32bd7dbcc7b4eeb92b76628;META-INF/NOTICE.txt=64e8c092d64ccaecac2d81d324c84a4dff29fdc2cb777f3b1abd910ac2e8555d
gateway.jar	BOOT-INF/lib/spring-boot-4.1.1.jar	0d92b532b1d4020640e72d78c31af175c23db8e0ddd45b81855b7fdf4c9c70f0	org.springframework.boot:spring-boot:4.1.1	Apache-2.0	META-INF/LICENSE.txt=7200000367e0e8b47822d563a5ddd2dd3a97cc05b32bd7dbcc7b4eeb92b76628;META-INF/NOTICE.txt=64e8c092d64ccaecac2d81d324c84a4dff29fdc2cb777f3b1abd910ac2e8555d
gateway.jar	BOOT-INF/lib/spring-core-7.0.9.jar	5195f4722699b39878d99a832549fe65df2890b159d063b88fff31b1ca65ae36	org.springframework:spring-core:7.0.9	Apache-2.0 + BSD-3-Clause ASM + Apache-2.0 CGLIB/JavaPoet/Objenesis	META-INF/license.txt=e6b6198486da7dcad3d62c2f9043a8b5e472fe2991b4b144076262c8adccda0f;META-INF/notice.txt=ca6b51825e9feea8bafd49d40f47b914659b783b4b70f40850ed662021320ddd
gateway.jar	BOOT-INF/lib/commons-logging-1.3.6.jar	f8ead8943401081dea0aa824b5b1ba40a0e4ed297a572a0f02258150a0b62357	commons-logging:commons-logging:1.3.6	Apache-2.0	META-INF/LICENSE.txt=b1d2870f1a00e4d7f56576e5f0870cba109e041f8af66866cf5b499478e654e7;META-INF/NOTICE.txt=d649e220dd0497197a266b7d7304a009d06bcefce3141fa6ff4f2ceddb438237
gateway.jar	BOOT-INF/lib/jspecify-1.0.1.jar	070d75f261fe4c5b8202508366715f7f2d4660f88c8ef7e6d3575e48c9683b66	org.jspecify:jspecify:1.0.1	Apache-2.0	NO_MATCHING_LEGAL_ENTRY
gateway.jar	BOOT-INF/lib/spring-context-7.0.9.jar	7552a2fcfa30cea53eb14d7a65a7a8e1b1dd82e832a7164fb7e6fb105f438858	org.springframework:spring-context:7.0.9	Apache-2.0	META-INF/license.txt=e6b6198486da7dcad3d62c2f9043a8b5e472fe2991b4b144076262c8adccda0f;META-INF/notice.txt=ca6b51825e9feea8bafd49d40f47b914659b783b4b70f40850ed662021320ddd
gateway.jar	BOOT-INF/lib/spring-web-7.0.9.jar	941ced476427bde2533872f293da535fd0258de3f3a650a7f1bfe01ed2927302	org.springframework:spring-web:7.0.9	Apache-2.0	META-INF/license.txt=e6b6198486da7dcad3d62c2f9043a8b5e472fe2991b4b144076262c8adccda0f;META-INF/notice.txt=ca6b51825e9feea8bafd49d40f47b914659b783b4b70f40850ed662021320ddd
gateway.jar	BOOT-INF/lib/spring-beans-7.0.9.jar	ff218b827a25c9e8929b0cd56dfb56916cea9d5b669ed97dc7cb262508ff548b	org.springframework:spring-beans:7.0.9	Apache-2.0	META-INF/license.txt=e6b6198486da7dcad3d62c2f9043a8b5e472fe2991b4b144076262c8adccda0f;META-INF/notice.txt=ca6b51825e9feea8bafd49d40f47b914659b783b4b70f40850ed662021320ddd
gateway.jar	BOOT-INF/lib/micrometer-observation-1.17.1.jar	eb34f0cd84a879393ae5c21160fc06385ccdc74f36a4d1e31b199f59acfdaf71	io.micrometer:micrometer-observation:1.17.1	Apache-2.0	META-INF/LICENSE=62fb8a3a9621dc2388174caaabe9c2317b694bb9a1d46c98bcf5655b68f51be3;META-INF/NOTICE=df207ca1a2ea3794caf112d7c1f024c87b4ddfe91d3f243977ad1d3cd085d538
gateway.jar	BOOT-INF/lib/micrometer-commons-1.17.1.jar	f2cee6ef046e72eec8128474c7f58c6217173b45ae373c30de0289f2a56ab0fd	io.micrometer:micrometer-commons:1.17.1	Apache-2.0	META-INF/LICENSE=62fb8a3a9621dc2388174caaabe9c2317b694bb9a1d46c98bcf5655b68f51be3;META-INF/NOTICE=df207ca1a2ea3794caf112d7c1f024c87b4ddfe91d3f243977ad1d3cd085d538
gateway.jar	BOOT-INF/lib/spring-boot-webmvc-4.1.1.jar	9f08c1fb938c45a8693fec5f3065be3aca203948a7ab4d56b06444986f75a6b2	org.springframework.boot:spring-boot-webmvc:4.1.1	Apache-2.0	META-INF/LICENSE.txt=7200000367e0e8b47822d563a5ddd2dd3a97cc05b32bd7dbcc7b4eeb92b76628;META-INF/NOTICE.txt=64e8c092d64ccaecac2d81d324c84a4dff29fdc2cb777f3b1abd910ac2e8555d
gateway.jar	BOOT-INF/lib/spring-boot-servlet-4.1.1.jar	4dcb156e311a4c1ad5f1ed7eabd94a78ea74510b05c429a4fcfdcf8beb9d5882	org.springframework.boot:spring-boot-servlet:4.1.1	Apache-2.0	META-INF/LICENSE.txt=7200000367e0e8b47822d563a5ddd2dd3a97cc05b32bd7dbcc7b4eeb92b76628;META-INF/NOTICE.txt=64e8c092d64ccaecac2d81d324c84a4dff29fdc2cb777f3b1abd910ac2e8555d
gateway.jar	BOOT-INF/lib/spring-webmvc-7.0.9.jar	8f114c1461692c5e534e82b27de23b7fb23370db8dee7ce0c92d5106906c9555	org.springframework:spring-webmvc:7.0.9	Apache-2.0	META-INF/license.txt=e6b6198486da7dcad3d62c2f9043a8b5e472fe2991b4b144076262c8adccda0f;META-INF/notice.txt=ca6b51825e9feea8bafd49d40f47b914659b783b4b70f40850ed662021320ddd
gateway.jar	BOOT-INF/lib/spring-aop-7.0.9.jar	b8c5d6bfcb1f4993f2cc124f7ab7fac40edf5256b9e43c2f7250a733cb5510e9	org.springframework:spring-aop:7.0.9	Apache-2.0	META-INF/license.txt=e6b6198486da7dcad3d62c2f9043a8b5e472fe2991b4b144076262c8adccda0f;META-INF/notice.txt=ca6b51825e9feea8bafd49d40f47b914659b783b4b70f40850ed662021320ddd
gateway.jar	BOOT-INF/lib/spring-expression-7.0.9.jar	046434c40f43819729b9b1db0e6c659dfa68184c1c2c2efa5f7b3a5b27c4e2e2	org.springframework:spring-expression:7.0.9	Apache-2.0	META-INF/license.txt=e6b6198486da7dcad3d62c2f9043a8b5e472fe2991b4b144076262c8adccda0f;META-INF/notice.txt=ca6b51825e9feea8bafd49d40f47b914659b783b4b70f40850ed662021320ddd
gateway.jar	BOOT-INF/lib/log4j-slf4j2-impl-2.25.5.jar	8cab16dd6fc4c8f14c1c473022cb217512f2bbb2d59a70f8ec90a268d64d8831	org.apache.logging.log4j:log4j-slf4j2-impl:2.25.5	Apache-2.0	META-INF/LICENSE=cfc7749b96f63bd31c3c42b5c471bf756814053e847c10f3eb003417bc523d30;META-INF/NOTICE=60fbe17a0161f93412d3928a281961efffac017eaf0093f4d22109896ff07684
gateway.jar	BOOT-INF/lib/log4j-api-2.25.5.jar	64777f73ea0b3104c04eb82befbdccc30a425a19e83ad06cb2f93aa303511863	org.apache.logging.log4j:log4j-api:2.25.5	Apache-2.0	META-INF/LICENSE=cfc7749b96f63bd31c3c42b5c471bf756814053e847c10f3eb003417bc523d30;META-INF/NOTICE=0b23e26a6260c82e2608899128a81a0c82e81f15d708779d0639227f6a2f801f
gateway.jar	BOOT-INF/lib/slf4j-api-2.0.18.jar	44508fd1576500688c790b190acdd16fec4f8c79a3e0b900afd70503cf055f55	org.slf4j:slf4j-api:2.0.18	MIT	META-INF/LICENSE.txt=4e7f90c86ab51278228bce153122f1d8df30149d13ce9ef524c8444a84c32dcc
gateway.jar	BOOT-INF/lib/log4j-core-2.25.5.jar	050c4f85deb48b055e9c041ac39043fbb79ce477841a11a1eb2969c86c6a0072	org.apache.logging.log4j:log4j-core:2.25.5	Apache-2.0	META-INF/LICENSE=e118ad8e5f2d3c71f0e7d6202d5829e7580ccd9e3609a546c692788e657afbe2;META-INF/NOTICE=47481ebb980fb2d78204a80da2ccdb897c41aa34f43e0e5bcc06c1a32ea9ff48
gateway.jar	BOOT-INF/lib/log4j-jul-2.25.5.jar	23c0b34c3c31811bea7716a33137d1e9e8e228f9f8c240b69f30cdca9afe9a7a	org.apache.logging.log4j:log4j-jul:2.25.5	Apache-2.0	META-INF/LICENSE=cfc7749b96f63bd31c3c42b5c471bf756814053e847c10f3eb003417bc523d30;META-INF/NOTICE=f756d9b8745c53e5e54e7b286d37e70bb566764601629d7e0a890019ea709b70
notice-projection.jar	BOOT-INF/lib/spring-boot-autoconfigure-4.1.1.jar	59228756ddd76cea050f95d86deff334789bc53b6688beaa673b1af2b9794592	org.springframework.boot:spring-boot-autoconfigure:4.1.1	Apache-2.0	META-INF/LICENSE.txt=7200000367e0e8b47822d563a5ddd2dd3a97cc05b32bd7dbcc7b4eeb92b76628;META-INF/NOTICE.txt=64e8c092d64ccaecac2d81d324c84a4dff29fdc2cb777f3b1abd910ac2e8555d
notice-projection.jar	BOOT-INF/lib/spring-boot-4.1.1.jar	0d92b532b1d4020640e72d78c31af175c23db8e0ddd45b81855b7fdf4c9c70f0	org.springframework.boot:spring-boot:4.1.1	Apache-2.0	META-INF/LICENSE.txt=7200000367e0e8b47822d563a5ddd2dd3a97cc05b32bd7dbcc7b4eeb92b76628;META-INF/NOTICE.txt=64e8c092d64ccaecac2d81d324c84a4dff29fdc2cb777f3b1abd910ac2e8555d
notice-projection.jar	BOOT-INF/lib/jakarta.annotation-api-3.0.0.jar	b01f55552284cfb149411e64eabca75e942d26d2e1786b32914250e4330afaa2	jakarta.annotation:jakarta.annotation-api:3.0.0	EPL-2.0 OR GPL-2.0-with-Classpath-exception	META-INF/LICENSE.md=6e1f002892b81cbe0647019b150c8a056efc1add565671a4f8af629b6cd2cc7b;META-INF/NOTICE.md=20bf986a153cc3095639379c99ef0a5a3bf99ac4895429920d380414a3eecf08
notice-projection.jar	BOOT-INF/lib/snakeyaml-2.6.jar	c8f7a98e7394adda02f6317249710e4d1b4c7a25aa8c7eace0c2eea52eb8bf85	org.yaml:snakeyaml:2.6	Apache-2.0	NO_MATCHING_LEGAL_ENTRY
notice-projection.jar	BOOT-INF/lib/log4j-slf4j2-impl-2.25.5.jar	8cab16dd6fc4c8f14c1c473022cb217512f2bbb2d59a70f8ec90a268d64d8831	org.apache.logging.log4j:log4j-slf4j2-impl:2.25.5	Apache-2.0	META-INF/LICENSE=cfc7749b96f63bd31c3c42b5c471bf756814053e847c10f3eb003417bc523d30;META-INF/NOTICE=60fbe17a0161f93412d3928a281961efffac017eaf0093f4d22109896ff07684
notice-projection.jar	BOOT-INF/lib/log4j-api-2.25.5.jar	64777f73ea0b3104c04eb82befbdccc30a425a19e83ad06cb2f93aa303511863	org.apache.logging.log4j:log4j-api:2.25.5	Apache-2.0	META-INF/LICENSE=cfc7749b96f63bd31c3c42b5c471bf756814053e847c10f3eb003417bc523d30;META-INF/NOTICE=0b23e26a6260c82e2608899128a81a0c82e81f15d708779d0639227f6a2f801f
notice-projection.jar	BOOT-INF/lib/slf4j-api-2.0.18.jar	44508fd1576500688c790b190acdd16fec4f8c79a3e0b900afd70503cf055f55	org.slf4j:slf4j-api:2.0.18	MIT	META-INF/LICENSE.txt=4e7f90c86ab51278228bce153122f1d8df30149d13ce9ef524c8444a84c32dcc
notice-projection.jar	BOOT-INF/lib/log4j-core-2.25.5.jar	050c4f85deb48b055e9c041ac39043fbb79ce477841a11a1eb2969c86c6a0072	org.apache.logging.log4j:log4j-core:2.25.5	Apache-2.0	META-INF/LICENSE=e118ad8e5f2d3c71f0e7d6202d5829e7580ccd9e3609a546c692788e657afbe2;META-INF/NOTICE=47481ebb980fb2d78204a80da2ccdb897c41aa34f43e0e5bcc06c1a32ea9ff48
notice-projection.jar	BOOT-INF/lib/log4j-jul-2.25.5.jar	23c0b34c3c31811bea7716a33137d1e9e8e228f9f8c240b69f30cdca9afe9a7a	org.apache.logging.log4j:log4j-jul:2.25.5	Apache-2.0	META-INF/LICENSE=cfc7749b96f63bd31c3c42b5c471bf756814053e847c10f3eb003417bc523d30;META-INF/NOTICE=f756d9b8745c53e5e54e7b286d37e70bb566764601629d7e0a890019ea709b70
notice-projection.jar	BOOT-INF/lib/spring-boot-jackson-4.1.1.jar	69a9b4d8850a0532a5e44ff7306a03621485b26596e7f9481de7d28e68a2dd42	org.springframework.boot:spring-boot-jackson:4.1.1	Apache-2.0	META-INF/LICENSE.txt=7200000367e0e8b47822d563a5ddd2dd3a97cc05b32bd7dbcc7b4eeb92b76628;META-INF/NOTICE.txt=64e8c092d64ccaecac2d81d324c84a4dff29fdc2cb777f3b1abd910ac2e8555d
notice-projection.jar	BOOT-INF/lib/spring-boot-web-server-4.1.1.jar	6912fb1fdf7f657a61ac050760fa835fb1e7496399291697e2901f82887a4fee	org.springframework.boot:spring-boot-web-server:4.1.1	Apache-2.0	META-INF/LICENSE.txt=7200000367e0e8b47822d563a5ddd2dd3a97cc05b32bd7dbcc7b4eeb92b76628;META-INF/NOTICE.txt=64e8c092d64ccaecac2d81d324c84a4dff29fdc2cb777f3b1abd910ac2e8555d
notice-projection.jar	BOOT-INF/lib/tomcat-embed-core-11.0.24.jar	e7b966dcaac8c5ffa4f10e44031ebf5b71f2123560c08ac8b7120028615aea08	org.apache.tomcat.embed:tomcat-embed-core:11.0.24	Apache-2.0 + CDDL-1.0/EPL-2.0 bundled schemas	META-INF/LICENSE=8c39166d578175fb936229613e48de47d9e494b8c7c2fda6da717a1be29c8724;META-INF/NOTICE=234d3234bb332895157270092fa2a11e80aa0b3d70d59e13de0eed4c2adb1790
notice-projection.jar	BOOT-INF/lib/tomcat-embed-el-11.0.24.jar	ad0546f12dace008aacce18ba13222137760b310ca719e173d3e13021b9af6c6	org.apache.tomcat.embed:tomcat-embed-el:11.0.24	Apache-2.0	META-INF/LICENSE=cfc7749b96f63bd31c3c42b5c471bf756814053e847c10f3eb003417bc523d30;META-INF/NOTICE=0317acaa42a5e48bec061cf009cb5c8b4b8ff845f3c6ba548f67c5c22c29fc96
notice-projection.jar	BOOT-INF/lib/tomcat-embed-websocket-11.0.24.jar	825160101f0da4a10e19b5730c2ae2f99f8c2c7a7211ac05562726c5e97ab91e	org.apache.tomcat.embed:tomcat-embed-websocket:11.0.24	Apache-2.0	META-INF/LICENSE=cfc7749b96f63bd31c3c42b5c471bf756814053e847c10f3eb003417bc523d30;META-INF/NOTICE=0317acaa42a5e48bec061cf009cb5c8b4b8ff845f3c6ba548f67c5c22c29fc96
notice-projection.jar	BOOT-INF/lib/spring-boot-tomcat-4.1.1.jar	17f65629e4eb3c979c0572b69b57d630bb12e64869e9d7520adddaa6734256b6	org.springframework.boot:spring-boot-tomcat:4.1.1	Apache-2.0	META-INF/LICENSE.txt=7200000367e0e8b47822d563a5ddd2dd3a97cc05b32bd7dbcc7b4eeb92b76628;META-INF/NOTICE.txt=64e8c092d64ccaecac2d81d324c84a4dff29fdc2cb777f3b1abd910ac2e8555d
notice-projection.jar	BOOT-INF/lib/spring-boot-http-converter-4.1.1.jar	52a167430a918c223b2ccd2eb62aff91a8e43e6daebe5a07caa37b9a04c61cb9	org.springframework.boot:spring-boot-http-converter:4.1.1	Apache-2.0	META-INF/LICENSE.txt=7200000367e0e8b47822d563a5ddd2dd3a97cc05b32bd7dbcc7b4eeb92b76628;META-INF/NOTICE.txt=64e8c092d64ccaecac2d81d324c84a4dff29fdc2cb777f3b1abd910ac2e8555d
notice-projection.jar	BOOT-INF/lib/spring-web-7.0.9.jar	941ced476427bde2533872f293da535fd0258de3f3a650a7f1bfe01ed2927302	org.springframework:spring-web:7.0.9	Apache-2.0	META-INF/license.txt=e6b6198486da7dcad3d62c2f9043a8b5e472fe2991b4b144076262c8adccda0f;META-INF/notice.txt=ca6b51825e9feea8bafd49d40f47b914659b783b4b70f40850ed662021320ddd
notice-projection.jar	BOOT-INF/lib/micrometer-observation-1.17.1.jar	eb34f0cd84a879393ae5c21160fc06385ccdc74f36a4d1e31b199f59acfdaf71	io.micrometer:micrometer-observation:1.17.1	Apache-2.0	META-INF/LICENSE=62fb8a3a9621dc2388174caaabe9c2317b694bb9a1d46c98bcf5655b68f51be3;META-INF/NOTICE=df207ca1a2ea3794caf112d7c1f024c87b4ddfe91d3f243977ad1d3cd085d538
notice-projection.jar	BOOT-INF/lib/micrometer-commons-1.17.1.jar	f2cee6ef046e72eec8128474c7f58c6217173b45ae373c30de0289f2a56ab0fd	io.micrometer:micrometer-commons:1.17.1	Apache-2.0	META-INF/LICENSE=62fb8a3a9621dc2388174caaabe9c2317b694bb9a1d46c98bcf5655b68f51be3;META-INF/NOTICE=df207ca1a2ea3794caf112d7c1f024c87b4ddfe91d3f243977ad1d3cd085d538
notice-projection.jar	BOOT-INF/lib/spring-boot-webmvc-4.1.1.jar	9f08c1fb938c45a8693fec5f3065be3aca203948a7ab4d56b06444986f75a6b2	org.springframework.boot:spring-boot-webmvc:4.1.1	Apache-2.0	META-INF/LICENSE.txt=7200000367e0e8b47822d563a5ddd2dd3a97cc05b32bd7dbcc7b4eeb92b76628;META-INF/NOTICE.txt=64e8c092d64ccaecac2d81d324c84a4dff29fdc2cb777f3b1abd910ac2e8555d
notice-projection.jar	BOOT-INF/lib/spring-boot-servlet-4.1.1.jar	4dcb156e311a4c1ad5f1ed7eabd94a78ea74510b05c429a4fcfdcf8beb9d5882	org.springframework.boot:spring-boot-servlet:4.1.1	Apache-2.0	META-INF/LICENSE.txt=7200000367e0e8b47822d563a5ddd2dd3a97cc05b32bd7dbcc7b4eeb92b76628;META-INF/NOTICE.txt=64e8c092d64ccaecac2d81d324c84a4dff29fdc2cb777f3b1abd910ac2e8555d
notice-projection.jar	BOOT-INF/lib/spring-webmvc-7.0.9.jar	8f114c1461692c5e534e82b27de23b7fb23370db8dee7ce0c92d5106906c9555	org.springframework:spring-webmvc:7.0.9	Apache-2.0	META-INF/license.txt=e6b6198486da7dcad3d62c2f9043a8b5e472fe2991b4b144076262c8adccda0f;META-INF/notice.txt=ca6b51825e9feea8bafd49d40f47b914659b783b4b70f40850ed662021320ddd
notice-projection.jar	BOOT-INF/lib/spring-expression-7.0.9.jar	046434c40f43819729b9b1db0e6c659dfa68184c1c2c2efa5f7b3a5b27c4e2e2	org.springframework:spring-expression:7.0.9	Apache-2.0	META-INF/license.txt=e6b6198486da7dcad3d62c2f9043a8b5e472fe2991b4b144076262c8adccda0f;META-INF/notice.txt=ca6b51825e9feea8bafd49d40f47b914659b783b4b70f40850ed662021320ddd
notice-projection.jar	BOOT-INF/lib/spring-boot-jdbc-4.1.1.jar	30de56a06ccedb40245fd3a69a5107c7b3c0500447bb982a54a3b5da2859ae2c	org.springframework.boot:spring-boot-jdbc:4.1.1	Apache-2.0	META-INF/LICENSE.txt=7200000367e0e8b47822d563a5ddd2dd3a97cc05b32bd7dbcc7b4eeb92b76628;META-INF/NOTICE.txt=64e8c092d64ccaecac2d81d324c84a4dff29fdc2cb777f3b1abd910ac2e8555d
notice-projection.jar	BOOT-INF/lib/spring-boot-sql-4.1.1.jar	fa4f6ddded1bb3bbc496897686336d8433e34f1f22daa886872be2aa184def23	org.springframework.boot:spring-boot-sql:4.1.1	Apache-2.0	META-INF/LICENSE.txt=7200000367e0e8b47822d563a5ddd2dd3a97cc05b32bd7dbcc7b4eeb92b76628;META-INF/NOTICE.txt=64e8c092d64ccaecac2d81d324c84a4dff29fdc2cb777f3b1abd910ac2e8555d
notice-projection.jar	BOOT-INF/lib/spring-boot-transaction-4.1.1.jar	e7f2fad4fe65bf6aaf1b1a538a68a1cf69988adb558f4a0fc0992a8be4fddf64	org.springframework.boot:spring-boot-transaction:4.1.1	Apache-2.0	META-INF/LICENSE.txt=7200000367e0e8b47822d563a5ddd2dd3a97cc05b32bd7dbcc7b4eeb92b76628;META-INF/NOTICE.txt=64e8c092d64ccaecac2d81d324c84a4dff29fdc2cb777f3b1abd910ac2e8555d
notice-projection.jar	BOOT-INF/lib/spring-boot-persistence-4.1.1.jar	0f78d2556ac3ed75f9eaf3134a1fba94ad1ec3414b52aa279c1f690217e71e3c	org.springframework.boot:spring-boot-persistence:4.1.1	Apache-2.0	META-INF/LICENSE.txt=7200000367e0e8b47822d563a5ddd2dd3a97cc05b32bd7dbcc7b4eeb92b76628;META-INF/NOTICE.txt=64e8c092d64ccaecac2d81d324c84a4dff29fdc2cb777f3b1abd910ac2e8555d
notice-projection.jar	BOOT-INF/lib/spring-tx-7.0.9.jar	bfb15da6e096e2c0752e9db9987d2415bf0da1d744efc988535c10c6b6c2eedd	org.springframework:spring-tx:7.0.9	Apache-2.0 plus contained third-party notices	META-INF/license.txt=e6b6198486da7dcad3d62c2f9043a8b5e472fe2991b4b144076262c8adccda0f;META-INF/notice.txt=ca6b51825e9feea8bafd49d40f47b914659b783b4b70f40850ed662021320ddd
notice-projection.jar	BOOT-INF/lib/spring-jdbc-7.0.9.jar	ca0d9af1c5721eef8cac1f94c8b9d27a753248bc33c86e3472bd3d1dbd78f450	org.springframework:spring-jdbc:7.0.9	Apache-2.0 plus contained third-party notices	META-INF/license.txt=e6b6198486da7dcad3d62c2f9043a8b5e472fe2991b4b144076262c8adccda0f;META-INF/notice.txt=ca6b51825e9feea8bafd49d40f47b914659b783b4b70f40850ed662021320ddd
notice-projection.jar	BOOT-INF/lib/HikariCP-7.0.2.jar	f1e612fa27345be3107a85431e8a8aeb205c15364ab2f2d411e40a9d7bb08095	com.zaxxer:HikariCP:7.0.2	Apache-2.0	NO_MATCHING_LEGAL_ENTRY
notice-projection.jar	BOOT-INF/lib/spring-boot-flyway-4.1.1.jar	61db32d08f2b1b04cf006e916575da22ecee0a2e0bb0604aca26c04f7bd4aa0e	org.springframework.boot:spring-boot-flyway:4.1.1	Apache-2.0	META-INF/LICENSE.txt=7200000367e0e8b47822d563a5ddd2dd3a97cc05b32bd7dbcc7b4eeb92b76628;META-INF/NOTICE.txt=64e8c092d64ccaecac2d81d324c84a4dff29fdc2cb777f3b1abd910ac2e8555d
notice-projection.jar	BOOT-INF/lib/flyway-database-postgresql-12.4.0.jar	abc075a5c3cbf37dc64b28fec7e2398fb14f31109f7ab6271854738797407b85	org.flywaydb:flyway-database-postgresql:12.4.0	Apache-2.0	NO_MATCHING_LEGAL_ENTRY
notice-projection.jar	BOOT-INF/lib/flyway-core-12.4.0.jar	c3f93df1f3e0c9d14652adb5ade97401f2ede503859ac693c2af5c06e2797799	org.flywaydb:flyway-core:12.4.0	Apache-2.0	META-INF/LICENSE.txt=6707b7b3ba3220ab64a81a5ab869ffecc3a6a023e9488ea08b897471b069c078
notice-projection.jar	BOOT-INF/lib/jackson-databind-3.1.5.jar	3a2338d996fd3056791df8d335fa9ba8a62a706ed4245ecf81b3e583df37d08a	tools.jackson.core:jackson-databind:3.1.5	Apache-2.0	META-INF/LICENSE=cfc7749b96f63bd31c3c42b5c471bf756814053e847c10f3eb003417bc523d30;META-INF/NOTICE=d3fa47349b4ba4a3763bf635b930f8877073aa3915a3f3e45fe4b1842fc60302
notice-projection.jar	BOOT-INF/lib/jackson-annotations-2.21.jar	53ca085f4a150f703f49e1aabd935bd03b43e1ea3d55d135438292af22cef56b	com.fasterxml.jackson.core:jackson-annotations:2.21	Apache-2.0	META-INF/LICENSE=cfc7749b96f63bd31c3c42b5c471bf756814053e847c10f3eb003417bc523d30;META-INF/NOTICE=612b14bc77c944ce229cbba0d14919162cfea8ed802cbf06a8e865e032d03201
notice-projection.jar	BOOT-INF/lib/jackson-core-3.1.5.jar	9431b7fa2673bbb618c11d865fe15e13222fd182a214ff998cb7e56afd8f35d2	tools.jackson.core:jackson-core:3.1.5	Apache-2.0 + MIT + BSD-2-Clause + BSL-1.0	META-INF/LICENSE=cfc7749b96f63bd31c3c42b5c471bf756814053e847c10f3eb003417bc523d30;META-INF/NOTICE=a8eb9ab6d21e719ba217c6367621a7ab5baa3d38df896ef258a9754a6b97527d
notice-projection.jar	BOOT-INF/lib/postgresql-42.7.13.jar	6e0e4cc2d8cae902084f8a2b18728b073a6fd9d1f87c9d8bff8f298c18185b93	org.postgresql:postgresql:42.7.13	BSD-2-Clause; contained SCRAM 3.2/Stringprep 2.2 four OnGres grants also BSD-2-Clause	META-INF/LICENSE=08bb580d3cb8f9a4a05f008466a294fdb019e0e177d03a035d46f1eb94077de5;META-INF/licenses/com.ongres.scram/scram-client-3.2/META-INF/LICENSE=7c89807167a03a92d2fbfc936aff4f87d8ce31434637381c89e38282c8c99198;META-INF/licenses/com.ongres.scram/scram-common-3.2/META-INF/LICENSE=7c89807167a03a92d2fbfc936aff4f87d8ce31434637381c89e38282c8c99198;META-INF/licenses/com.ongres.stringprep/saslprep-2.2/META-INF/LICENSE=5c49fc155ebccd206277e0d1f424aadbf365f0a9ccfb54d400d728a375d523f9;META-INF/licenses/com.ongres.stringprep/stringprep-2.2/META-INF/LICENSE=5c49fc155ebccd206277e0d1f424aadbf365f0a9ccfb54d400d728a375d523f9
notice-projection.jar	BOOT-INF/lib/checker-qual-3.55.1.jar	857658c8bdcbff794949a8d9922f88d63ee3751c203c7cd7d21ea97f9e745288	org.checkerframework:checker-qual:3.55.1	MIT	META-INF/LICENSE.txt=e90eaa08dea089df10f2bf7f9dba63a5f6237c01562c4741e2e86773e78582d5
notice-projection.jar	BOOT-INF/lib/spring-modulith-api-2.1.1.jar	b8d083929e9f2078287619a81e01c9efc7bea5830fe03341608d283faffb37b2	org.springframework.modulith:spring-modulith-api:2.1.1	Apache-2.0	META-INF/NOTICE=616bd6dd5bd9aa9c7d2d501ec8b5a3341b01b5ba3b3fc4d905e7edd6cfc287f5;META-INF/LICENSE=cfc7749b96f63bd31c3c42b5c471bf756814053e847c10f3eb003417bc523d30
notice-projection.jar	BOOT-INF/lib/jspecify-1.0.1.jar	070d75f261fe4c5b8202508366715f7f2d4660f88c8ef7e6d3575e48c9683b66	org.jspecify:jspecify:1.0.1	Apache-2.0	NO_MATCHING_LEGAL_ENTRY
notice-projection.jar	BOOT-INF/lib/spring-modulith-core-2.1.1.jar	235b6d0a3cc43c2b5ece010df0e34a69bc0662982d4de9cc741185c73bff6c4a	org.springframework.modulith:spring-modulith-core:2.1.1	Apache-2.0	META-INF/NOTICE=616bd6dd5bd9aa9c7d2d501ec8b5a3341b01b5ba3b3fc4d905e7edd6cfc287f5;META-INF/LICENSE=cfc7749b96f63bd31c3c42b5c471bf756814053e847c10f3eb003417bc523d30
notice-projection.jar	BOOT-INF/lib/archunit-1.4.2.jar	6d8adf69a3f109ebe1b395764feb07f919e9e0e2ab5e2ea141d2e6251ba7d17f	com.tngtech.archunit:archunit:1.4.2	Apache-2.0 + contained ASM BSD-3-Clause/Guava Apache-2.0	com/tngtech/archunit/thirdparty/org/objectweb/asm/asm.license=ae8d5e9f7a5a3abe19b2a3548fb1aa6192602015eb258674a5548e1aa07cf197
notice-projection.jar	BOOT-INF/lib/spring-context-7.0.9.jar	7552a2fcfa30cea53eb14d7a65a7a8e1b1dd82e832a7164fb7e6fb105f438858	org.springframework:spring-context:7.0.9	Apache-2.0	META-INF/license.txt=e6b6198486da7dcad3d62c2f9043a8b5e472fe2991b4b144076262c8adccda0f;META-INF/notice.txt=ca6b51825e9feea8bafd49d40f47b914659b783b4b70f40850ed662021320ddd
notice-projection.jar	BOOT-INF/lib/spring-modulith-moments-2.1.1.jar	ba89cc2edefc997ddab319aa0839709ab3647108296f53e00fcb1d13e91fef42	org.springframework.modulith:spring-modulith-moments:2.1.1	Apache-2.0	META-INF/NOTICE=616bd6dd5bd9aa9c7d2d501ec8b5a3341b01b5ba3b3fc4d905e7edd6cfc287f5;META-INF/LICENSE=cfc7749b96f63bd31c3c42b5c471bf756814053e847c10f3eb003417bc523d30
notice-projection.jar	BOOT-INF/lib/jmolecules-events-2.0.1.jar	2dd20f02039c825de38c381d76a0f5cc912b9ab85f9fb6dabf7b10c1c3c9e983	org.jmolecules:jmolecules-events:2.0.1	Apache-2.0	NO_MATCHING_LEGAL_ENTRY
notice-projection.jar	BOOT-INF/lib/jstereotype-2.0.1.jar	8ee2277ede551ba969c381b2f90fb697a0fad610d1d1d2e432947c9bdcf19e7e	org.jmolecules:jstereotype:2.0.1	Apache-2.0	NO_MATCHING_LEGAL_ENTRY
notice-projection.jar	BOOT-INF/lib/spring-security-crypto-7.1.1.jar	6e8bb2337faccabd30626f917ed1d2bfa9dde982229b6b373b644d1a01635403	org.springframework.security:spring-security-crypto:7.1.1	Apache-2.0; crypto additionally ISC-style BCrypt grant	META-INF/LICENSE.txt=7200000367e0e8b47822d563a5ddd2dd3a97cc05b32bd7dbcc7b4eeb92b76628
notice-projection.jar	BOOT-INF/lib/spring-boot-security-4.1.1.jar	c940697be9bc67820d5011b86d58105836b7cae7c8fb5d4e61d635b51b392cbe	org.springframework.boot:spring-boot-security:4.1.1	Apache-2.0	META-INF/LICENSE.txt=7200000367e0e8b47822d563a5ddd2dd3a97cc05b32bd7dbcc7b4eeb92b76628;META-INF/NOTICE.txt=64e8c092d64ccaecac2d81d324c84a4dff29fdc2cb777f3b1abd910ac2e8555d
notice-projection.jar	BOOT-INF/lib/spring-security-config-7.1.1.jar	1f947c853f14cab76563464ee22e72f6672f3913db52647d2f5d1df5f2b1e5a5	org.springframework.security:spring-security-config:7.1.1	Apache-2.0; crypto additionally ISC-style BCrypt grant	META-INF/LICENSE.txt=7200000367e0e8b47822d563a5ddd2dd3a97cc05b32bd7dbcc7b4eeb92b76628
notice-projection.jar	BOOT-INF/lib/spring-security-core-7.1.1.jar	98a5011baa78df36fb184e6ce0e8e086ca9a64fcdd8f161c0a96475a3a0907bd	org.springframework.security:spring-security-core:7.1.1	Apache-2.0; crypto additionally ISC-style BCrypt grant	META-INF/LICENSE.txt=7200000367e0e8b47822d563a5ddd2dd3a97cc05b32bd7dbcc7b4eeb92b76628
notice-projection.jar	BOOT-INF/lib/spring-security-web-7.1.1.jar	dece134a2332c976a2c94ecf13f816c64e8ea7f2139795485afe655fba0408f3	org.springframework.security:spring-security-web:7.1.1	Apache-2.0; crypto additionally ISC-style BCrypt grant	META-INF/LICENSE.txt=7200000367e0e8b47822d563a5ddd2dd3a97cc05b32bd7dbcc7b4eeb92b76628
notice-projection.jar	BOOT-INF/lib/spring-aop-7.0.9.jar	b8c5d6bfcb1f4993f2cc124f7ab7fac40edf5256b9e43c2f7250a733cb5510e9	org.springframework:spring-aop:7.0.9	Apache-2.0	META-INF/license.txt=e6b6198486da7dcad3d62c2f9043a8b5e472fe2991b4b144076262c8adccda0f;META-INF/notice.txt=ca6b51825e9feea8bafd49d40f47b914659b783b4b70f40850ed662021320ddd
notice-projection.jar	BOOT-INF/lib/spring-beans-7.0.9.jar	ff218b827a25c9e8929b0cd56dfb56916cea9d5b669ed97dc7cb262508ff548b	org.springframework:spring-beans:7.0.9	Apache-2.0	META-INF/license.txt=e6b6198486da7dcad3d62c2f9043a8b5e472fe2991b4b144076262c8adccda0f;META-INF/notice.txt=ca6b51825e9feea8bafd49d40f47b914659b783b4b70f40850ed662021320ddd
notice-projection.jar	BOOT-INF/lib/spring-core-7.0.9.jar	5195f4722699b39878d99a832549fe65df2890b159d063b88fff31b1ca65ae36	org.springframework:spring-core:7.0.9	Apache-2.0 + BSD-3-Clause ASM + Apache-2.0 CGLIB/JavaPoet/Objenesis	META-INF/license.txt=e6b6198486da7dcad3d62c2f9043a8b5e472fe2991b4b144076262c8adccda0f;META-INF/notice.txt=ca6b51825e9feea8bafd49d40f47b914659b783b4b70f40850ed662021320ddd
notice-projection.jar	BOOT-INF/lib/commons-logging-1.3.6.jar	f8ead8943401081dea0aa824b5b1ba40a0e4ed297a572a0f02258150a0b62357	commons-logging:commons-logging:1.3.6	Apache-2.0	META-INF/LICENSE.txt=b1d2870f1a00e4d7f56576e5f0870cba109e041f8af66866cf5b499478e654e7;META-INF/NOTICE.txt=d649e220dd0497197a266b7d7304a009d06bcefce3141fa6ff4f2ceddb438237
notice-projection.jar	BOOT-INF/lib/swagger-ui-5.32.14.jar	d17ca6b09c60518574c14d4a40318dc58a11ea92a962e94f30e5a286e1efa4a6	org.webjars:swagger-ui:5.32.14	Apache-2.0 + bundled MIT/BSD; DOMPurify MPL-2.0 OR Apache-2.0 (historical internal Apache choice retained)	META-INF/resources/webjars/swagger-ui/5.32.14/swagger-ui-bundle.js.LICENSE.txt=c07853f3704b510a864eb56561ca4f36e0347fdaefc5176611c57575e4b5593d;META-INF/resources/webjars/swagger-ui/5.32.14/swagger-ui-es-bundle-core.js.LICENSE.txt=bf5cc2bed1ccdb8226570e53b495cf514d0344dbc3f8718e59b7ebec9e0d9280;META-INF/resources/webjars/swagger-ui/5.32.14/swagger-ui-es-bundle.js.LICENSE.txt=c07853f3704b510a864eb56561ca4f36e0347fdaefc5176611c57575e4b5593d;META-INF/resources/webjars/swagger-ui/5.32.14/swagger-ui-standalone-preset.js.LICENSE.txt=ad43bb2dce8515f9b917266073e3b3b132c4778ed7190726004ca0e47f24337e
notice-projection.jar	BOOT-INF/lib/spring-boot-jarmode-tools-4.1.1.jar	062a9edf01809f4a2b48bfc2fe392fedd27448a3a57113bef510576673d4397f	org.springframework.boot:spring-boot-jarmode-tools:4.1.1	Apache-2.0; historical Boot repackage-injected payload, excluded qualified Gateway	META-INF/LICENSE.txt=7200000367e0e8b47822d563a5ddd2dd3a97cc05b32bd7dbcc7b4eeb92b76628;META-INF/NOTICE.txt=64e8c092d64ccaecac2d81d324c84a4dff29fdc2cb777f3b1abd910ac2e8555d
