path	version	integrity	windows_x64_cache	ubuntu_x64_glibc_cache	product_projection	os	cpu
node_modules/@jridgewell/resolve-uri	3.1.2	sha512-bRISgCIjP20/tbWSPWMEi54QVPRZExkuD9lJL+UIxUKtwVJA8wW1Trb1jMs1RFXo1CBTNZ/5hpC9QvmKWdopKw==	INSTALLED_LOCK_VERSION	INSTALLED_LOCK_VERSION	BUILD_TEST_OR_EXCLUDED_NOT_NODE_MODULES_SHIPPED	ANY	ANY
node_modules/@jridgewell/sourcemap-codec	1.6.0	sha512-T7jf+5zgsZHwNJ4lvQ7/aezbyk0nNX+zJVWpmHA7VYsEx7a7qr5Rg5IbtJFqkgze5Y2sruq1RUY8Q837Od7iFw==	INSTALLED_LOCK_VERSION	INSTALLED_LOCK_VERSION	BUILD_TEST_OR_EXCLUDED_NOT_NODE_MODULES_SHIPPED	ANY	ANY
node_modules/@jridgewell/trace-mapping	0.3.31	sha512-zzNR+SdQSDJzc8joaeP8QQoCQr8NuYx2dIIytl1QeBEZHJ9uW6hebsrYgbz8hJwUQao3TWCMtmfV8Nu1twOLAw==	INSTALLED_LOCK_VERSION	INSTALLED_LOCK_VERSION	BUILD_TEST_OR_EXCLUDED_NOT_NODE_MODULES_SHIPPED	ANY	ANY
node_modules/@oxc-project/types	0.151.0	sha512-J1yXrIlNDZVzE3ada310xeAw7nH8yCAyLPuUIsjKatFPmfn5bS1oW+cM+QsGOtVWd5nhSpbwZWx/rue+r5Z+PA==	INSTALLED_LOCK_VERSION	INSTALLED_LOCK_VERSION	BUILD_TEST_OR_EXCLUDED_NOT_NODE_MODULES_SHIPPED	ANY	ANY
node_modules/@rolldown/binding-android-arm-eabi	1.2.11	sha512-A5kXfGKvKWWZE0TtPrfsvT+q4Y5d1QG8gGUzpYjGydM+fARM9MuX90PrXYXe0XbsDVgyxxNzHo6giCj90bsFNw==	EXCLUDED_OPTIONAL_PLATFORM	EXCLUDED_OPTIONAL_PLATFORM_OR_LIBC	BUILD_TEST_OR_EXCLUDED_NOT_NODE_MODULES_SHIPPED	android	arm
node_modules/@rolldown/binding-android-arm64	1.2.11	sha512-z6cTycz+iJ4PVkuL4HHW4DfTfoeU/2nqYYuSOrTmH7yHK5Y0LCOnA03V4ZNxavyVaU1oOqUgIg2klN/s+USGOA==	EXCLUDED_OPTIONAL_PLATFORM	EXCLUDED_OPTIONAL_PLATFORM_OR_LIBC	BUILD_TEST_OR_EXCLUDED_NOT_NODE_MODULES_SHIPPED	android	arm64
node_modules/@rolldown/binding-darwin-arm64	1.2.11	sha512-jShvqNtP6vDC6/A5JOAzbVV+DkgHqhl/ScVCJEbt+TUY6QYz7YnXcrg3sLtFBniro0f/Ld50ZwCWA6f7KYD1nQ==	EXCLUDED_OPTIONAL_PLATFORM	EXCLUDED_OPTIONAL_PLATFORM_OR_LIBC	BUILD_TEST_OR_EXCLUDED_NOT_NODE_MODULES_SHIPPED	darwin	arm64
node_modules/@rolldown/binding-darwin-x64	1.2.11	sha512-f2i2xiNWq1Z1l2++q2fuhZRdLAT3aqxD6vRNm1RAxpUoBcdqNB3C0s1Bt+K+PbEx2F5F4gQp6hqKkphCY/xF9w==	EXCLUDED_OPTIONAL_PLATFORM	EXCLUDED_OPTIONAL_PLATFORM_OR_LIBC	BUILD_TEST_OR_EXCLUDED_NOT_NODE_MODULES_SHIPPED	darwin	x64
node_modules/@rolldown/binding-freebsd-x64	1.2.11	sha512-4Ir5FSOKIAMr4r0kExpt1s3bMgzJU3rA45AYOHtQpls0oNeqcYBKrWMlckrYH4KCfGLfkfn1tN1dmZPMVsdXow==	EXCLUDED_OPTIONAL_PLATFORM	EXCLUDED_OPTIONAL_PLATFORM_OR_LIBC	BUILD_TEST_OR_EXCLUDED_NOT_NODE_MODULES_SHIPPED	freebsd	x64
node_modules/@rolldown/binding-linux-arm-gnueabihf	1.2.11	sha512-/gnRDM+39BROzAN/k1OZjDPnDMcZxB/0EUxKjONO5yVkNEvlsoMDrxGNKgZi/ttFriS2gwlDNzB65pvNbFOXIQ==	EXCLUDED_OPTIONAL_PLATFORM	EXCLUDED_OPTIONAL_PLATFORM_OR_LIBC	BUILD_TEST_OR_EXCLUDED_NOT_NODE_MODULES_SHIPPED	linux	arm
node_modules/@rolldown/binding-linux-arm64-gnu	1.2.11	sha512-PFaK8HwvAHbaKbBcDNQihjMKYvFnA5hiENx/l5tphTDz1E0WFp32l0A7aq7lyUwGsRw/xSrNIy/gIK4thrSCrw==	EXCLUDED_OPTIONAL_PLATFORM	EXCLUDED_OPTIONAL_PLATFORM_OR_LIBC	BUILD_TEST_OR_EXCLUDED_NOT_NODE_MODULES_SHIPPED	linux	arm64
node_modules/@rolldown/binding-linux-arm64-musl	1.2.11	sha512-AskzJUIKRLPxkruR1wLKewGbOw+EYfU/9lOrBFj4AFrEA8hPpKFnODWNu2WLaNs0QNkEb9QIJufmVZZIL/bJlg==	EXCLUDED_OPTIONAL_PLATFORM	EXCLUDED_OPTIONAL_PLATFORM_OR_LIBC	BUILD_TEST_OR_EXCLUDED_NOT_NODE_MODULES_SHIPPED	linux	arm64
node_modules/@rolldown/binding-linux-ppc64-gnu	1.2.11	sha512-qlUGAheh2yh8afH7QBgx0PrRHN85hKnNd78x8MeMhXivuevgd8vgf6/CstOzmNKY/lLTHvNTrPy98cLnAugzJw==	EXCLUDED_OPTIONAL_PLATFORM	EXCLUDED_OPTIONAL_PLATFORM_OR_LIBC	BUILD_TEST_OR_EXCLUDED_NOT_NODE_MODULES_SHIPPED	linux	ppc64
node_modules/@rolldown/binding-linux-s390x-gnu	1.2.11	sha512-secpEad+0vCbSfn8upFySkDskv+bGPk3THSDS9Y89yc4rb4kzqHp8Dmyd9BkQW4SnhNXBZCl/6CrO//hZahNJQ==	EXCLUDED_OPTIONAL_PLATFORM	EXCLUDED_OPTIONAL_PLATFORM_OR_LIBC	BUILD_TEST_OR_EXCLUDED_NOT_NODE_MODULES_SHIPPED	linux	s390x
node_modules/@rolldown/binding-linux-x64-gnu	1.2.11	sha512-mOVBT3dPpkWm8XBWPmU4bf+U6dYDLeMo/9ojUmis4N0L5uu10qra5vOyngZ7/PSdoE4G9KvRt4bloRxNjLas7A==	EXCLUDED_OPTIONAL_PLATFORM	INSTALLED_LOCK_VERSION	BUILD_TEST_OR_EXCLUDED_NOT_NODE_MODULES_SHIPPED	linux	x64
node_modules/@rolldown/binding-linux-x64-musl	1.2.11	sha512-Is78i9A8Ui4SqcxUwFJ9uMmjDn58IbVTjFWYdQestFEgeuEmHMLGNriXnVJKkwG2YiZjw8cP0zCTyDMdDGtOOg==	EXCLUDED_OPTIONAL_PLATFORM	EXCLUDED_OPTIONAL_PLATFORM_OR_LIBC	BUILD_TEST_OR_EXCLUDED_NOT_NODE_MODULES_SHIPPED	linux	x64
node_modules/@rolldown/binding-openharmony-arm64	1.2.11	sha512-dUCXneZ87INUMyQ0D+C0HrEBNUPNXHaPmU5GTjyKTJEiussw9Kaj5Ln8UztPe4epV/ffvgNBEadksdYhmW6xJA==	EXCLUDED_OPTIONAL_PLATFORM	EXCLUDED_OPTIONAL_PLATFORM_OR_LIBC	BUILD_TEST_OR_EXCLUDED_NOT_NODE_MODULES_SHIPPED	openharmony	arm64
node_modules/@rolldown/binding-win32-arm64-msvc	1.2.11	sha512-jByxb6qfd+bH1xUd0qnfFnb17i9sWBPY2tOavJ0l3tdr3OTu+Kvtm8cd/JV5nFt657b1VqGltxg9olOEfofXWw==	EXCLUDED_OPTIONAL_PLATFORM	EXCLUDED_OPTIONAL_PLATFORM_OR_LIBC	BUILD_TEST_OR_EXCLUDED_NOT_NODE_MODULES_SHIPPED	win32	arm64
node_modules/@rolldown/binding-win32-x64-msvc	1.2.11	sha512-/PzKqzAJ03i19oy2ItPvyvaVjOjBCNnfaJs8yvUdGBKmiESgnrJSQ2awd81QzFbbnAmu7YO9ZnJrDCb9VSJPRA==	INSTALLED_LOCK_VERSION	EXCLUDED_OPTIONAL_PLATFORM_OR_LIBC	BUILD_TEST_OR_EXCLUDED_NOT_NODE_MODULES_SHIPPED	win32	x64
node_modules/@rolldown/pluginutils	1.0.1	sha512-2j9bGt5Jh8hj+vPtgzPtl72j0yRxHAyumoo6TNfAjsLB04UtpSvPbPcDcBMxz7n+9CYB0c1GxQFxYRg2jimqGw==	INSTALLED_LOCK_VERSION	INSTALLED_LOCK_VERSION	BUILD_TEST_OR_EXCLUDED_NOT_NODE_MODULES_SHIPPED	ANY	ANY
node_modules/@types/chai	5.2.3	sha512-Mw558oeA9fFbv65/y4mHtXDs9bPnFMZAL/jxdPFUpOHHIXX91mcgEHbS5Lahr+pwZFR8A7GQleRWeI6cGFC2UA==	INSTALLED_LOCK_VERSION	INSTALLED_LOCK_VERSION	BUILD_TEST_OR_EXCLUDED_NOT_NODE_MODULES_SHIPPED	ANY	ANY
node_modules/@types/deep-eql	4.0.2	sha512-c9h9dVVMigMPc4bwTvC5dxqtqJZwQPePsWjPlpSOnojbor6pGqdk541lfA7AqFQr5pB1BRdq0juY9db81BwyFw==	INSTALLED_LOCK_VERSION	INSTALLED_LOCK_VERSION	BUILD_TEST_OR_EXCLUDED_NOT_NODE_MODULES_SHIPPED	ANY	ANY
node_modules/@types/estree	1.0.9	sha512-GhdPgy1el4/ImP05X05Uw4cw2/M93BCUmnEvWZNStlCzEKME4Fkk+YpoA5OiHNQmoS7Cafb8Xa3Pya8m1Qrzeg==	INSTALLED_LOCK_VERSION	INSTALLED_LOCK_VERSION	BUILD_TEST_OR_EXCLUDED_NOT_NODE_MODULES_SHIPPED	ANY	ANY
node_modules/@types/react	19.3.0	sha512-N0rFCuH9YoxG9/m61l9MfpJKfmLOVU0em7ipIz6TRgSSkvReLB9vL85GB+yr8Bs5leqpvg96JSwF4ZS1s4viQg==	INSTALLED_LOCK_VERSION	INSTALLED_LOCK_VERSION	BUILD_TEST_OR_EXCLUDED_NOT_NODE_MODULES_SHIPPED	ANY	ANY
node_modules/@types/react-dom	19.3.0	sha512-ZI7bU42mZXXKHn/qNLEw2IrbiINU7X5+vfgdixBHkCNpYWXjKgfQ/P+uyGb5CjOLB9UcnTeg3rylQtV2hym44Q==	INSTALLED_LOCK_VERSION	INSTALLED_LOCK_VERSION	BUILD_TEST_OR_EXCLUDED_NOT_NODE_MODULES_SHIPPED	ANY	ANY
node_modules/@typescript/typescript-aix-ppc64	7.0.2	sha512-MTKKkWB7p/0E9xi1d1tHtZ5PiLkGEMIq88pK2CubZjOsLtYTLqhgIgi6zepFa+9GHZ6h05NMCkQxGKiPXMxXtQ==	EXCLUDED_OPTIONAL_PLATFORM	EXCLUDED_OPTIONAL_PLATFORM_OR_LIBC	BUILD_TEST_OR_EXCLUDED_NOT_NODE_MODULES_SHIPPED	aix	ppc64
node_modules/@typescript/typescript-darwin-arm64	7.0.2	sha512-gowzar9MwS/aRWp6f3a4KUqzRjAZjOsmGNCM6LcTgXum+dBfgsBVMN+AgvOCCbguXyick6LJhpBszxMebJ8syA==	EXCLUDED_OPTIONAL_PLATFORM	EXCLUDED_OPTIONAL_PLATFORM_OR_LIBC	BUILD_TEST_OR_EXCLUDED_NOT_NODE_MODULES_SHIPPED	darwin	arm64
node_modules/@typescript/typescript-darwin-x64	7.0.2	sha512-SZ9xZInqApNlNGc9s0W1VSsktYSOe9cFqNOIqmN1Gs8SmkjKZYFt017G4VwPxASInODuAdbTW7sXiFUf893RgA==	EXCLUDED_OPTIONAL_PLATFORM	EXCLUDED_OPTIONAL_PLATFORM_OR_LIBC	BUILD_TEST_OR_EXCLUDED_NOT_NODE_MODULES_SHIPPED	darwin	x64
node_modules/@typescript/typescript-freebsd-arm64	7.0.2	sha512-W5NH4y/J0plIIS5b2xvTEkU7JFxyqdMAOgf+Ilhl0vHQXKO5dZoxd+C/jEtq56c4F3wk71RB4BMRQ2XdI+bwYQ==	EXCLUDED_OPTIONAL_PLATFORM	EXCLUDED_OPTIONAL_PLATFORM_OR_LIBC	BUILD_TEST_OR_EXCLUDED_NOT_NODE_MODULES_SHIPPED	freebsd	arm64
node_modules/@typescript/typescript-freebsd-x64	7.0.2	sha512-UMGDx5sTpzNw3WiPebH7l90IWfJggEd+egHt/q6p7/Cm3zqoV7VxkGXt+3DxPIw8CcmvAB0j3sVVfbhX+M4Tpw==	EXCLUDED_OPTIONAL_PLATFORM	EXCLUDED_OPTIONAL_PLATFORM_OR_LIBC	BUILD_TEST_OR_EXCLUDED_NOT_NODE_MODULES_SHIPPED	freebsd	x64
node_modules/@typescript/typescript-linux-arm	7.0.2	sha512-gffT3xPz9sR7j/YJExkyPntrI0P2EP9XbOyWzth2/Gs0RstK+90RBcO0ncXoXy/beYll1SXw846Nf2zdnEz0QQ==	EXCLUDED_OPTIONAL_PLATFORM	EXCLUDED_OPTIONAL_PLATFORM_OR_LIBC	BUILD_TEST_OR_EXCLUDED_NOT_NODE_MODULES_SHIPPED	linux	arm
node_modules/@typescript/typescript-linux-arm64	7.0.2	sha512-Qh4eU4/y3yDjnfjjyPYihMj5/ODIlmt+Bzu17OI+fiSRDW57QmU5SiN63exPRNJPKUzcc1INa1NXdrJ+MqHjUQ==	EXCLUDED_OPTIONAL_PLATFORM	EXCLUDED_OPTIONAL_PLATFORM_OR_LIBC	BUILD_TEST_OR_EXCLUDED_NOT_NODE_MODULES_SHIPPED	linux	arm64
node_modules/@typescript/typescript-linux-loong64	7.0.2	sha512-uEHck9i8hoAzXPiYRib1O7miOnz23SxIeVl6F4LXox+qov1K35jHcEW6VHKvZI+pyvl7fZEP4MCU5LYvIq1GuQ==	EXCLUDED_OPTIONAL_PLATFORM	EXCLUDED_OPTIONAL_PLATFORM_OR_LIBC	BUILD_TEST_OR_EXCLUDED_NOT_NODE_MODULES_SHIPPED	linux	loong64
node_modules/@typescript/typescript-linux-mips64el	7.0.2	sha512-R4KvAMnE43W5Qeqb0Ly56O3mWMWIAgsMyz36DCaycd5nbg/9kzm0liw3JocfRqyJY0KPmzFjbswozXyW0DnIYA==	EXCLUDED_OPTIONAL_PLATFORM	EXCLUDED_OPTIONAL_PLATFORM_OR_LIBC	BUILD_TEST_OR_EXCLUDED_NOT_NODE_MODULES_SHIPPED	linux	mips64el
node_modules/@typescript/typescript-linux-ppc64	7.0.2	sha512-DORx5b3sd/4S7eayxm4FQv+A7CrkUIGRaHiwI8oiHTAI1fAPWhF4J0vAlkC8biAlHSVVwxMQ3tjZ2/DVbnQiiA==	EXCLUDED_OPTIONAL_PLATFORM	EXCLUDED_OPTIONAL_PLATFORM_OR_LIBC	BUILD_TEST_OR_EXCLUDED_NOT_NODE_MODULES_SHIPPED	linux	ppc64
node_modules/@typescript/typescript-linux-riscv64	7.0.2	sha512-wf0jqEDOjrPRnKwYRyyJDRo11KMbvMFrU+q4zqKyChODBzvlkbhNQfKvLxQCcwTpdDaXSHZTVuh0JoCrKCUMHQ==	EXCLUDED_OPTIONAL_PLATFORM	EXCLUDED_OPTIONAL_PLATFORM_OR_LIBC	BUILD_TEST_OR_EXCLUDED_NOT_NODE_MODULES_SHIPPED	linux	riscv64
node_modules/@typescript/typescript-linux-s390x	7.0.2	sha512-IkwJc3L7yhytWd/ewjyxNDfOmswCm9GWMJT/ue/dU4aZNbwZeYAetq42VyLmsmSjvoX7z74X6ZaYCtzAr0EuGw==	EXCLUDED_OPTIONAL_PLATFORM	EXCLUDED_OPTIONAL_PLATFORM_OR_LIBC	BUILD_TEST_OR_EXCLUDED_NOT_NODE_MODULES_SHIPPED	linux	s390x
node_modules/@typescript/typescript-linux-x64	7.0.2	sha512-EYdf2cNg7rgCWJnxCdJ+F3V39O8ihb37eHAu1LK8oAFizgTQbPOK7zHHXbPt8rX24COqODXeI3sIf0fCXG7H/A==	EXCLUDED_OPTIONAL_PLATFORM	INSTALLED_LOCK_VERSION	BUILD_TEST_OR_EXCLUDED_NOT_NODE_MODULES_SHIPPED	linux	x64
node_modules/@typescript/typescript-netbsd-arm64	7.0.2	sha512-+polYF4MF04aPpO5FTkHran9yUQDSXqy5GiSDKpsll5jy3l3+g9QLhpf39T+ePtefhXLOGrLl0QIjkQP6VnelA==	EXCLUDED_OPTIONAL_PLATFORM	EXCLUDED_OPTIONAL_PLATFORM_OR_LIBC	BUILD_TEST_OR_EXCLUDED_NOT_NODE_MODULES_SHIPPED	netbsd	arm64
node_modules/@typescript/typescript-netbsd-x64	7.0.2	sha512-8YIT0EHM/3dq10ZOVF/A7pc/YSMtbcecct4rWtexrnSCHOPcpC2KTLXfTCR6vDpnSiY12heNb1GiN/wu+T/FyA==	EXCLUDED_OPTIONAL_PLATFORM	EXCLUDED_OPTIONAL_PLATFORM_OR_LIBC	BUILD_TEST_OR_EXCLUDED_NOT_NODE_MODULES_SHIPPED	netbsd	x64
node_modules/@typescript/typescript-openbsd-arm64	7.0.2	sha512-APT8+ClYnuYm1u9+kgGXoMj2VzWzcymwh2gNSQVySHfkRDGOTVkoWLjCmOQSaO+PoqQ57B0flRp9SA+7GnnkzQ==	EXCLUDED_OPTIONAL_PLATFORM	EXCLUDED_OPTIONAL_PLATFORM_OR_LIBC	BUILD_TEST_OR_EXCLUDED_NOT_NODE_MODULES_SHIPPED	openbsd	arm64
node_modules/@typescript/typescript-openbsd-x64	7.0.2	sha512-yX7s+Q0Dln0Dt9tEzZsAjXXR/+ytBM7AlglaqyeMPxQszJ1JhlJdZ6jLA+IzldHtflX81em7lDao1xXu+aRRkg==	EXCLUDED_OPTIONAL_PLATFORM	EXCLUDED_OPTIONAL_PLATFORM_OR_LIBC	BUILD_TEST_OR_EXCLUDED_NOT_NODE_MODULES_SHIPPED	openbsd	x64
node_modules/@typescript/typescript-sunos-x64	7.0.2	sha512-dLJDGaLZ1D4HPQn62u1n8mBDkJREwMsAkCdkwd4Ieqw+x3TUyTsqY0YiBCtE6H6OzzgGk3iuZ3vFWRS+E8/d1g==	EXCLUDED_OPTIONAL_PLATFORM	EXCLUDED_OPTIONAL_PLATFORM_OR_LIBC	BUILD_TEST_OR_EXCLUDED_NOT_NODE_MODULES_SHIPPED	sunos	x64
node_modules/@typescript/typescript-win32-arm64	7.0.2	sha512-Gyl1Vy6OsWesLzmq+EP0Fb7b4Nid5232AvcA2SFcdYreldpNtYFFofPjnt62y9hQy7VTaZp65ICJjuAQRaVcIQ==	EXCLUDED_OPTIONAL_PLATFORM	EXCLUDED_OPTIONAL_PLATFORM_OR_LIBC	BUILD_TEST_OR_EXCLUDED_NOT_NODE_MODULES_SHIPPED	win32	arm64
node_modules/@typescript/typescript-win32-x64	7.0.2	sha512-0BQ3HkAHHlKLSp1qRvf3SUhGpGsDuhB/jgFw75guyqbxJqEaS0Cw/VFO8i2nHglJUzQCRtMMR/IBAKE3ETMC4g==	INSTALLED_LOCK_VERSION	EXCLUDED_OPTIONAL_PLATFORM_OR_LIBC	BUILD_TEST_OR_EXCLUDED_NOT_NODE_MODULES_SHIPPED	win32	x64
node_modules/@vitejs/plugin-react	6.1.1	sha512-yxLaQV9gkhS8ezJqCM6+ndU7mDY6gqAg75NQ+0IjwEI8IYOmQCgkRwHKVSfWXW076DsqMo0Dk+0FK1U+M5RgFw==	INSTALLED_LOCK_VERSION	INSTALLED_LOCK_VERSION	BUILD_TEST_OR_EXCLUDED_NOT_NODE_MODULES_SHIPPED	ANY	ANY
node_modules/@vitest/mocker	5.0.2	sha512-Z5FS00Q1SJHkB35xATsmWGdQ5WA1/0MV3CDjqyv7GavHv1OfOj145MNfHOlHk7QLes21dKFDHr8EO2zvL+9WGA==	INSTALLED_LOCK_VERSION	INSTALLED_LOCK_VERSION	BUILD_TEST_OR_EXCLUDED_NOT_NODE_MODULES_SHIPPED	ANY	ANY
node_modules/@vitest/spy	5.0.2	sha512-Ijc7T1nT9efNb5LxvjaBrEqw3f/QwUv5EE0nKqZxgqsaV/FxAAZ8baGylA8X/Z2oS4Lp+K74Jr6dTJsDKxJDeg==	INSTALLED_LOCK_VERSION	INSTALLED_LOCK_VERSION	BUILD_TEST_OR_EXCLUDED_NOT_NODE_MODULES_SHIPPED	ANY	ANY
node_modules/assertion-error	2.0.1	sha512-Izi8RQcffqCeNVgFigKli1ssklIbpHnCYc6AknXGYoB6grJqyeby7jv12JUQgmTAnIDnbck1uxksT4dzN3PWBA==	INSTALLED_LOCK_VERSION	INSTALLED_LOCK_VERSION	BUILD_TEST_OR_EXCLUDED_NOT_NODE_MODULES_SHIPPED	ANY	ANY
node_modules/chai	6.2.2	sha512-NUPRluOfOiTKBKvWPtSD4PhFvWCqOi0BGStNWs57X9js7XGTprSmFoz5F0tWhR4WPjNeR9jXqdC7/UpSJTnlRg==	INSTALLED_LOCK_VERSION	INSTALLED_LOCK_VERSION	BUILD_TEST_OR_EXCLUDED_NOT_NODE_MODULES_SHIPPED	ANY	ANY
node_modules/csstype	3.2.3	sha512-z1HGKcYy2xA8AGQfwrn0PAy+PB7X/GSj3UVJW9qKyn43xWa+gl5nXmU4qqLMRzWVLFC8KusUX8T/0kCiOYpAIQ==	INSTALLED_LOCK_VERSION	INSTALLED_LOCK_VERSION	BUILD_TEST_OR_EXCLUDED_NOT_NODE_MODULES_SHIPPED	ANY	ANY
node_modules/detect-libc	2.1.2	sha512-Btj2BOOO83o3WyH59e8MgXsxEQVcarkUOpEYrubB0urwnN10yQ364rsiByU11nZlqWYZm05i/of7io4mzihBtQ==	INSTALLED_LOCK_VERSION	INSTALLED_LOCK_VERSION	BUILD_TEST_OR_EXCLUDED_NOT_NODE_MODULES_SHIPPED	ANY	ANY
node_modules/es-module-lexer	2.3.2	sha512-poHGpORABojJJucnV9KbOavETW8lBVnphkW77ER5/BQ5Fz7oXSoCNek7IH3vR5nRjdsEz926ibFYX8KtLQmdyw==	INSTALLED_LOCK_VERSION	INSTALLED_LOCK_VERSION	BUILD_TEST_OR_EXCLUDED_NOT_NODE_MODULES_SHIPPED	ANY	ANY
node_modules/estree-walker	3.0.3	sha512-7RUKfXgSMMkzt6ZuXmqapOurLGPPfgj6l9uRZ7lRGolvk0y2yocc35LdcxKC5PQZdn2DMqioAQ2NoWcrTKmm6g==	INSTALLED_LOCK_VERSION	INSTALLED_LOCK_VERSION	BUILD_TEST_OR_EXCLUDED_NOT_NODE_MODULES_SHIPPED	ANY	ANY
node_modules/expect-type	1.4.0	sha512-KfYbmpRm0VbLjEvVa9yGwCi9GI34xvi7A/HXYWQO65CSD2u3MczUJSuwXKFIxlGsgBQizV9q5J9NHj4VG0n+pA==	INSTALLED_LOCK_VERSION	INSTALLED_LOCK_VERSION	BUILD_TEST_OR_EXCLUDED_NOT_NODE_MODULES_SHIPPED	ANY	ANY
node_modules/fdir	6.5.0	sha512-tIbYtZbucOs0BRGqPJkshJUYdL+SDH7dVM8gjy+ERp3WAUjLEFJE+02kanyHtwjWOnwrKYBiwAmM0p4kLJAnXg==	INSTALLED_LOCK_VERSION	INSTALLED_LOCK_VERSION	BUILD_TEST_OR_EXCLUDED_NOT_NODE_MODULES_SHIPPED	ANY	ANY
node_modules/fsevents	2.3.3	sha512-5xoDfX+fL7faATnagmWPpbFtwh/R77WmMMqqHGS65C3vvB0YHrgF+B1YmZ3441tMj5n63k0212XNoJwzlhffQw==	EXCLUDED_OPTIONAL_PLATFORM	EXCLUDED_OPTIONAL_PLATFORM_OR_LIBC	BUILD_TEST_OR_EXCLUDED_NOT_NODE_MODULES_SHIPPED	darwin	ANY
node_modules/lightningcss	1.33.0	sha512-WkUDrojuJs0xkgGf2udWxa3yGBRxPtxUkB79i6aCZLRgc7PM8fZe9TosfPDcvEpQZbuFASnHYmRLBLUbmLOIIA==	INSTALLED_LOCK_VERSION	INSTALLED_LOCK_VERSION	BUILD_TEST_OR_EXCLUDED_NOT_NODE_MODULES_SHIPPED	ANY	ANY
node_modules/lightningcss-android-arm64	1.33.0	sha512-gEpRTalKdosp4Bb8qWtc2iOgE5SeIHlpS1up9bFq2wAyYhl1UdTObYiHe98zEM9SQvSoqQZ1IQD0JNpg3Ml5pg==	EXCLUDED_OPTIONAL_PLATFORM	EXCLUDED_OPTIONAL_PLATFORM_OR_LIBC	BUILD_TEST_OR_EXCLUDED_NOT_NODE_MODULES_SHIPPED	android	arm64
node_modules/lightningcss-darwin-arm64	1.33.0	sha512-Sciaz8eenNTKn9b3t7+xr0ipTp9YxKQY4npwQ3mrRuL0BAVHBLyZxofhaKBAVtzmtRZ/zTyo0/to4B1uWG/Djg==	EXCLUDED_OPTIONAL_PLATFORM	EXCLUDED_OPTIONAL_PLATFORM_OR_LIBC	BUILD_TEST_OR_EXCLUDED_NOT_NODE_MODULES_SHIPPED	darwin	arm64
node_modules/lightningcss-darwin-x64	1.33.0	sha512-Z5UPAxzrjlWNNyGy6i65cJzzvgJ5D3T6wMvs+gWpY9d7qRhANrxqAp6LhxIgZhWEw18RfJTGcRxjuLIBr+m8XQ==	EXCLUDED_OPTIONAL_PLATFORM	EXCLUDED_OPTIONAL_PLATFORM_OR_LIBC	BUILD_TEST_OR_EXCLUDED_NOT_NODE_MODULES_SHIPPED	darwin	x64
node_modules/lightningcss-freebsd-x64	1.33.0	sha512-QQM/Ti/hQajJwCY+RiWuCZ9sdtI/XQk7nDK5vC8kkdwixezOlDgvDx7+RT+QjK6FcFT4MpsuoBnHIo/O3StRRg==	EXCLUDED_OPTIONAL_PLATFORM	EXCLUDED_OPTIONAL_PLATFORM_OR_LIBC	BUILD_TEST_OR_EXCLUDED_NOT_NODE_MODULES_SHIPPED	freebsd	x64
node_modules/lightningcss-linux-arm-gnueabihf	1.33.0	sha512-N7FVBe6iS24MlM6R/4RBTxGhQheZGs7tiQ9U32UtF75NzP5Q7xWPRqLBCKxlRQRk3rY1jCIPLzx7WzOhuUIRLQ==	EXCLUDED_OPTIONAL_PLATFORM	EXCLUDED_OPTIONAL_PLATFORM_OR_LIBC	BUILD_TEST_OR_EXCLUDED_NOT_NODE_MODULES_SHIPPED	linux	arm
node_modules/lightningcss-linux-arm64-gnu	1.33.0	sha512-j2v/itmy4HlNxlc6voKXYgBqNi0Ng2LShg4z7GufpEgs05P+2suBVyi9I6YHq5uoVFx9ETin3eCEhLVyXGQnKg==	EXCLUDED_OPTIONAL_PLATFORM	EXCLUDED_OPTIONAL_PLATFORM_OR_LIBC	BUILD_TEST_OR_EXCLUDED_NOT_NODE_MODULES_SHIPPED	linux	arm64
node_modules/lightningcss-linux-arm64-musl	1.33.0	sha512-yiO5ROMuYQgXbC60yjZU5CYSFZGKXL0HFATXt9mHJn1+zW55oCtMI9NfcVhYLMFDL7gV7oBPon/EmMMGg2OvtQ==	EXCLUDED_OPTIONAL_PLATFORM	EXCLUDED_OPTIONAL_PLATFORM_OR_LIBC	BUILD_TEST_OR_EXCLUDED_NOT_NODE_MODULES_SHIPPED	linux	arm64
node_modules/lightningcss-linux-x64-gnu	1.33.0	sha512-ar+Ju7LmcN0Jo4FpL4hpFybwNG9/3A/Br5KW2n2jyODg3MEZXaDYADdemoNS+BDNfMgKvylJLj4S5tyRActuAg==	EXCLUDED_OPTIONAL_PLATFORM	INSTALLED_LOCK_VERSION	BUILD_TEST_OR_EXCLUDED_NOT_NODE_MODULES_SHIPPED	linux	x64
node_modules/lightningcss-linux-x64-musl	1.33.0	sha512-RYiYbkokw0trfKqqzfF55lginwEPrD3OJDfTuJzFs1MK6iFnDenaz1fqLLtX4ITG3OktJQXOeTaw1awrBAlZPw==	EXCLUDED_OPTIONAL_PLATFORM	EXCLUDED_OPTIONAL_PLATFORM_OR_LIBC	BUILD_TEST_OR_EXCLUDED_NOT_NODE_MODULES_SHIPPED	linux	x64
node_modules/lightningcss-win32-arm64-msvc	1.33.0	sha512-1K+MPfLSFVpphzpdbfkhlWk6wBrTObBzS2T6db10PNOZgR9GoVsAWzwNyuhUYYbTp23j+4RrncfujZ4uAzXvwA==	EXCLUDED_OPTIONAL_PLATFORM	EXCLUDED_OPTIONAL_PLATFORM_OR_LIBC	BUILD_TEST_OR_EXCLUDED_NOT_NODE_MODULES_SHIPPED	win32	arm64
node_modules/lightningcss-win32-x64-msvc	1.33.0	sha512-OlEICDx/Xl0FqSp4bry8zFnCvGpig3Gl4gCquvYwHuqJKEC1+n9NgDniFvqHGmMv1ZkqDJrDqKKSykTDX+ehuA==	INSTALLED_LOCK_VERSION	EXCLUDED_OPTIONAL_PLATFORM_OR_LIBC	BUILD_TEST_OR_EXCLUDED_NOT_NODE_MODULES_SHIPPED	win32	x64
node_modules/magic-string	1.4.2	sha512-vG+rjFRj1PqdIBozIxAGMjPlOhaVe+GXpbttY/iSK7rGcJRMlwNJO7dcUwmUqkymsFLJiNGI06t4D7Fr7yRC9g==	INSTALLED_LOCK_VERSION	INSTALLED_LOCK_VERSION	BUILD_TEST_OR_EXCLUDED_NOT_NODE_MODULES_SHIPPED	ANY	ANY
node_modules/nanoid	3.3.19	sha512-Y2tUNy4ouw6tq5oDSKeQYGOyhkUBhNOcGV/02KC+6kd9eDGqdZd++mjMiIDilrBYvjEnCYvVtsuHCuP+okSfug==	INSTALLED_LOCK_VERSION	INSTALLED_LOCK_VERSION	BUILD_TEST_OR_EXCLUDED_NOT_NODE_MODULES_SHIPPED	ANY	ANY
node_modules/obug	2.2.1	sha512-XrsrhT5sybtKI6wakr2SPOlGZWWYbUXZ7a0jT8/QOeAPau+1X/bSegNe5YR75oJmEZQbKningirmGOEJCIk61Q==	INSTALLED_LOCK_VERSION	INSTALLED_LOCK_VERSION	BUILD_TEST_OR_EXCLUDED_NOT_NODE_MODULES_SHIPPED	ANY	ANY
node_modules/picocolors	1.1.1	sha512-xceH2snhtb5M9liqDsmEw56le376mTZkEX/jEb/RxNFyegNul7eNslCXP9FDj/Lcu0X8KEyMceP2ntpaHrDEVA==	INSTALLED_LOCK_VERSION	INSTALLED_LOCK_VERSION	BUILD_TEST_OR_EXCLUDED_NOT_NODE_MODULES_SHIPPED	ANY	ANY
node_modules/picomatch	4.0.7	sha512-qcJu88Q2IWqJsDD529JKMdwGm/dvInW4HvQnRwiH9JtihJvzGOscDtHE3x1pBKeUOTysQ8kVmLnJ2kJu7yhcGA==	INSTALLED_LOCK_VERSION	INSTALLED_LOCK_VERSION	BUILD_TEST_OR_EXCLUDED_NOT_NODE_MODULES_SHIPPED	ANY	ANY
node_modules/postcss	8.5.28	sha512-RRuzqDtt5Y9h3quz5hWhK+TPnsmVs6WwSU6LkJMeY4HstUEDuYTG8UJSdawMRzmzAtV+KEoG8N3Qg2qLy5vM/A==	INSTALLED_LOCK_VERSION	INSTALLED_LOCK_VERSION	BUILD_TEST_OR_EXCLUDED_NOT_NODE_MODULES_SHIPPED	ANY	ANY
node_modules/react	19.3.0	sha512-E8LUcbtBWt20bbl2YoHfx4ZDBdxVTfOKtCZn9cDSJ4l6/nuoApcpIBcj47t2wZoVX8g2ZHuMHbiShgCR1T5Sog==	INSTALLED_LOCK_VERSION	INSTALLED_LOCK_VERSION	WEB_BUNDLED_RUNTIME	ANY	ANY
node_modules/react-dom	19.3.0	sha512-JDk8dgif51OjFoDE70+OT9ICyYr+69HlmihNwp1+Nsfbna3t5sIiCa9ZJktDmQ4/1b/rn26hIAR2uYXDMr5r0Q==	INSTALLED_LOCK_VERSION	INSTALLED_LOCK_VERSION	WEB_BUNDLED_RUNTIME	ANY	ANY
node_modules/rolldown	1.2.11	sha512-qpSwIyz0jHQq5qXBTNxFmE6664rJ7O+4TvPFOiOaBSrz8IOHc1koKKSqTM2H6u1UG1+TveuC6vaDHKXFOvb1Kw==	INSTALLED_LOCK_VERSION	INSTALLED_LOCK_VERSION	BUILD_TEST_OR_EXCLUDED_NOT_NODE_MODULES_SHIPPED	ANY	ANY
node_modules/scheduler	0.28.0	sha512-juorfCmIkIw8tT+p5BXSm6PJjQF/ycEYmKyzURCIt/RaZIhL+PulbQ9Yu2z1HdOJDdqDTlxA1+xKBmHXJsczAw==	INSTALLED_LOCK_VERSION	INSTALLED_LOCK_VERSION	WEB_BUNDLED_RUNTIME	ANY	ANY
node_modules/source-map-js	1.2.1	sha512-UXWMKhLOwVKb728IUtQPXxfYU+usdybtUrK/8uGE8CQMvrhOpwvzDBwj0QhSL7MQc7vIsISBG8VQ8+IDQxpfQA==	INSTALLED_LOCK_VERSION	INSTALLED_LOCK_VERSION	BUILD_TEST_OR_EXCLUDED_NOT_NODE_MODULES_SHIPPED	ANY	ANY
node_modules/std-env	4.2.0	sha512-oCUKSupKTHX53EyjDtuZQ64pjLJ6yYCtpmEw0goYxtjG9KpbRe8KAsl2tBUGU9DyMcJ0RwJ8GqJAFzMXcXW1Rw==	INSTALLED_LOCK_VERSION	INSTALLED_LOCK_VERSION	BUILD_TEST_OR_EXCLUDED_NOT_NODE_MODULES_SHIPPED	ANY	ANY
node_modules/tinybench	6.2.0	sha512-78U2TlB2CnVenajOFzf3BKSm0J6oz5L0NV7g32LCPccvYc0lbWvys4d3uUUCS2B1N8PAf2+aekR8i1KbC3HO7Q==	INSTALLED_LOCK_VERSION	INSTALLED_LOCK_VERSION	BUILD_TEST_OR_EXCLUDED_NOT_NODE_MODULES_SHIPPED	ANY	ANY
node_modules/tinyexec	1.3.1	sha512-GCvB3aoys96IuDFBMcTB46JOR6mdMtAToqwiW8JlWhsoh1mhHi/xn9ss/Dg7N555GiJyEt2qzoG/NHCwM6h1EA==	INSTALLED_LOCK_VERSION	INSTALLED_LOCK_VERSION	BUILD_TEST_OR_EXCLUDED_NOT_NODE_MODULES_SHIPPED	ANY	ANY
node_modules/tinyglobby	0.2.17	sha512-wXR/dYpcqKmfWpEdZjiKJOwCNFndD0DMnrW/cYjVGttEkBfVgcLFHoNrlj47mjOVic9yyNu65alsgF4NQyTa2g==	INSTALLED_LOCK_VERSION	INSTALLED_LOCK_VERSION	BUILD_TEST_OR_EXCLUDED_NOT_NODE_MODULES_SHIPPED	ANY	ANY
node_modules/typescript	7.0.2	sha512-8FYau96o3NKOhbjKi/qNvG/W5jhzxkbdm5sj9AbZ/5T5sWqn3hJgLfGx27sRKZWTvyzCP8dLRBTf5tBTSRVUNA==	INSTALLED_LOCK_VERSION	INSTALLED_LOCK_VERSION	BUILD_TEST_OR_EXCLUDED_NOT_NODE_MODULES_SHIPPED	ANY	ANY
node_modules/vite	8.3.1	sha512-/bvH9E9tmCXRGp2uXY3WbOldqpTwFkbha/8ANaEQ6VkxhH60KyqLwgZq6lG2y+4uT55x9+9eUHMpQ7uGnOCKjA==	INSTALLED_LOCK_VERSION	INSTALLED_LOCK_VERSION	BUILD_TEST_OR_EXCLUDED_NOT_NODE_MODULES_SHIPPED	ANY	ANY
node_modules/vitest	5.0.2	sha512-7MQrx9pDv5aHiUcovIb/70Ys3tgtkUVgCtledvKdCmEO+/1Dicq5ZqoSxOW034m03oqC+oHOKui2dM6qtMLoJg==	INSTALLED_LOCK_VERSION	INSTALLED_LOCK_VERSION	BUILD_TEST_OR_EXCLUDED_NOT_NODE_MODULES_SHIPPED	ANY	ANY
node_modules/why-is-node-running	3.2.2	sha512-NKUzAelcoCXhXL4dJzKIwXeR8iEVqsA0Lq6Vnd0UXvgaKbzVo4ZTHROF2Jidrv+SgxOQ03fMinnNhzZATxOD3A==	INSTALLED_LOCK_VERSION	INSTALLED_LOCK_VERSION	BUILD_TEST_OR_EXCLUDED_NOT_NODE_MODULES_SHIPPED	ANY	ANY
