coordinate	sha256	recorded_roles	gateway_package	server_projection_package	use_disposition	terms	authority	action_owner
com.fasterxml.jackson.core:jackson-annotations:2.21	53ca085f4a150f703f49e1aabd935bd03b43e1ea3d55d135438292af22cef56b	server-compile	SHIPPED_RETAINED	SHIPPED_PROJECTION	ACTUAL_PACKAGE_RUNTIME	Apache-2.0	APPROVED-WITH-OBLIGATIONS; current PH1 use under 2026-10-06 human decision	Engineering: retain applicable full texts; see IE-RES-T036-CURRENT-USE-RIGHTS-20261006 and IE-RES-T036-COMPLY-20261006; actual distribution drift reopens scope
com.jayway.jsonpath:json-path:2.10.0	890daa95dd3892d34d9fabc27cd5153656e6f369358625c88f4dc7b79cbd6c5a	server-test	ABSENT	ABSENT	TEST_ONLY_NOT_SHIPPED	Apache-2.0	APPROVED-WITH-OBLIGATIONS; current PH1 use under 2026-10-06 human decision	Engineering: retain applicable full texts; see IE-RES-T036-CURRENT-USE-RIGHTS-20261006 and IE-RES-T036-COMPLY-20261006; actual distribution drift reopens scope
com.tngtech.archunit:archunit:1.4.2	6d8adf69a3f109ebe1b395764feb07f919e9e0e2ab5e2ea141d2e6251ba7d17f	server-runtime	ABSENT	SHIPPED_PROJECTION	ACTUAL_PACKAGE_RUNTIME	Apache-2.0 + contained ASM BSD-3-Clause/Guava Apache-2.0	APPROVED-WITH-OBLIGATIONS; current PH1 use under 2026-10-06 human decision	Engineering: retain applicable full texts; see IE-RES-T036-CURRENT-USE-RIGHTS-20261006 and IE-RES-T036-COMPLY-20261006; actual distribution drift reopens scope
com.vaadin.external.google:android-json:0.0.20131108.vaadin1	dfb7bae2f404cfe0b72b4d23944698cb716b7665171812a0a4d0f5926c0fac79	server-test	ABSENT	ABSENT	TEST_ONLY_NOT_SHIPPED	Apache-2.0; Android Open Source Project copyright	APPROVED-WITH-OBLIGATIONS; current PH1 use under 2026-10-06 human decision	Engineering: retain applicable full texts; see IE-RES-T036-CURRENT-USE-RIGHTS-20261006 and IE-RES-T036-COMPLY-20261006; actual distribution drift reopens scope
com.zaxxer:HikariCP:7.0.2	f1e612fa27345be3107a85431e8a8aeb205c15364ab2f2d411e40a9d7bb08095	server-compile	ABSENT	SHIPPED_PROJECTION	ACTUAL_PACKAGE_RUNTIME	Apache-2.0	APPROVED-WITH-OBLIGATIONS; current PH1 use under 2026-10-06 human decision	Engineering: retain applicable full texts; see IE-RES-T036-CURRENT-USE-RIGHTS-20261006 and IE-RES-T036-COMPLY-20261006; actual distribution drift reopens scope
commons-logging:commons-logging:1.3.6	f8ead8943401081dea0aa824b5b1ba40a0e4ed297a572a0f02258150a0b62357	server-compile	SHIPPED_RETAINED	SHIPPED_PROJECTION	ACTUAL_PACKAGE_RUNTIME	Apache-2.0	APPROVED-WITH-OBLIGATIONS; current PH1 use under 2026-10-06 human decision	Engineering: retain applicable full texts; see IE-RES-T036-CURRENT-USE-RIGHTS-20261006 and IE-RES-T036-COMPLY-20261006; actual distribution drift reopens scope
io.micrometer:micrometer-commons:1.17.1	f2cee6ef046e72eec8128474c7f58c6217173b45ae373c30de0289f2a56ab0fd	server-compile	SHIPPED_RETAINED	SHIPPED_PROJECTION	ACTUAL_PACKAGE_RUNTIME	Apache-2.0	APPROVED-WITH-OBLIGATIONS; current PH1 use under 2026-10-06 human decision	Engineering: retain applicable full texts; see IE-RES-T036-CURRENT-USE-RIGHTS-20261006 and IE-RES-T036-COMPLY-20261006; actual distribution drift reopens scope
io.micrometer:micrometer-observation:1.17.1	eb34f0cd84a879393ae5c21160fc06385ccdc74f36a4d1e31b199f59acfdaf71	server-compile	SHIPPED_RETAINED	SHIPPED_PROJECTION	ACTUAL_PACKAGE_RUNTIME	Apache-2.0	APPROVED-WITH-OBLIGATIONS; current PH1 use under 2026-10-06 human decision	Engineering: retain applicable full texts; see IE-RES-T036-CURRENT-USE-RIGHTS-20261006 and IE-RES-T036-COMPLY-20261006; actual distribution drift reopens scope
jakarta.activation:jakarta.activation-api:2.1.4	c9db52100ce6c8aac95cc39075f95720d2e561b11f8051b81c121ad4effd7004	server-test	ABSENT	ABSENT	TEST_ONLY_NOT_SHIPPED	EDL-1.0/BSD-3-Clause LICENSE; NOTICE also EPL-2.0/EDL-1.0 and conditional GPL+Classpath alternatives	APPROVED-WITH-OBLIGATIONS; current PH1 use under 2026-10-06 human decision	Engineering: retain applicable full texts; see IE-RES-T036-CURRENT-USE-RIGHTS-20261006 and IE-RES-T036-COMPLY-20261006; actual distribution drift reopens scope
jakarta.annotation:jakarta.annotation-api:3.0.0	b01f55552284cfb149411e64eabca75e942d26d2e1786b32914250e4330afaa2	server-compile	SHIPPED_RETAINED	SHIPPED_PROJECTION	ACTUAL_PACKAGE_RUNTIME	EPL-2.0 OR GPL-2.0-with-Classpath-exception	APPROVED-WITH-OBLIGATIONS; current PH1 use under 2026-10-06 human decision	Engineering: retain applicable full texts; see IE-RES-T036-CURRENT-USE-RIGHTS-20261006 and IE-RES-T036-COMPLY-20261006; actual distribution drift reopens scope
jakarta.xml.bind:jakarta.xml.bind-api:4.0.5	5e489b6c874c4119e003ff1403db523ee3a8959ec499f3de29e77245efccf216	server-test	ABSENT	ABSENT	TEST_ONLY_NOT_SHIPPED	EDL-1.0/BSD-3-Clause	APPROVED-WITH-OBLIGATIONS; current PH1 use under 2026-10-06 human decision	Engineering: retain applicable full texts; see IE-RES-T036-CURRENT-USE-RIGHTS-20261006 and IE-RES-T036-COMPLY-20261006; actual distribution drift reopens scope
net.bytebuddy:byte-buddy-agent:1.18.11	780b3601c34150ab9fb822673c472f7229c1041e8e2a12facf6a5de9ba7a2d64	server-test	ABSENT	ABSENT	TEST_ONLY_NOT_SHIPPED	Apache-2.0 + contained ASM 9.10.1 BSD-3-Clause	APPROVED-WITH-OBLIGATIONS; current PH1 use under 2026-10-06 human decision	Engineering: retain applicable full texts; see IE-RES-T036-CURRENT-USE-RIGHTS-20261006 and IE-RES-T036-COMPLY-20261006; actual distribution drift reopens scope
net.bytebuddy:byte-buddy:1.18.11	e32f454c2c1f4aca982f9ec764ed892d9a6eee7e8a77f435cbdd180f6ffdb821	server-test	ABSENT	ABSENT	TEST_ONLY_NOT_SHIPPED	Apache-2.0 + contained ASM 9.10.1 BSD-3-Clause	APPROVED-WITH-OBLIGATIONS; current PH1 use under 2026-10-06 human decision	Engineering: retain applicable full texts; see IE-RES-T036-CURRENT-USE-RIGHTS-20261006 and IE-RES-T036-COMPLY-20261006; actual distribution drift reopens scope
net.minidev:accessors-smart:2.6.0	222c9f547bb20a99fc486403a398352d1306fb671b38abd7ecab6401df170e61	server-test	ABSENT	ABSENT	TEST_ONLY_NOT_SHIPPED	Apache-2.0	APPROVED-WITH-OBLIGATIONS; current PH1 use under 2026-10-06 human decision	Engineering: retain applicable full texts; see IE-RES-T036-CURRENT-USE-RIGHTS-20261006 and IE-RES-T036-COMPLY-20261006; actual distribution drift reopens scope
net.minidev:json-smart:2.6.0	1ae4b561458afb540be8ec5c6dbb4f2e715a319a7ae64854998aaf924770d61b	server-test	ABSENT	ABSENT	TEST_ONLY_NOT_SHIPPED	Apache-2.0	APPROVED-WITH-OBLIGATIONS; current PH1 use under 2026-10-06 human decision	Engineering: retain applicable full texts; see IE-RES-T036-CURRENT-USE-RIGHTS-20261006 and IE-RES-T036-COMPLY-20261006; actual distribution drift reopens scope
org.apache.logging.log4j:log4j-api:2.25.5	64777f73ea0b3104c04eb82befbdccc30a425a19e83ad06cb2f93aa303511863	server-compile	SHIPPED_RETAINED	SHIPPED_PROJECTION	ACTUAL_PACKAGE_RUNTIME	Apache-2.0	APPROVED-WITH-OBLIGATIONS; current PH1 use under 2026-10-06 human decision	Engineering: retain applicable full texts; see IE-RES-T036-CURRENT-USE-RIGHTS-20261006 and IE-RES-T036-COMPLY-20261006; actual distribution drift reopens scope
org.apache.logging.log4j:log4j-core:2.25.5	050c4f85deb48b055e9c041ac39043fbb79ce477841a11a1eb2969c86c6a0072	server-compile	SHIPPED_RETAINED	SHIPPED_PROJECTION	ACTUAL_PACKAGE_RUNTIME	Apache-2.0	APPROVED-WITH-OBLIGATIONS; current PH1 use under 2026-10-06 human decision	Engineering: retain applicable full texts; see IE-RES-T036-CURRENT-USE-RIGHTS-20261006 and IE-RES-T036-COMPLY-20261006; actual distribution drift reopens scope
org.apache.logging.log4j:log4j-jul:2.25.5	23c0b34c3c31811bea7716a33137d1e9e8e228f9f8c240b69f30cdca9afe9a7a	server-compile	SHIPPED_RETAINED	SHIPPED_PROJECTION	ACTUAL_PACKAGE_RUNTIME	Apache-2.0	APPROVED-WITH-OBLIGATIONS; current PH1 use under 2026-10-06 human decision	Engineering: retain applicable full texts; see IE-RES-T036-CURRENT-USE-RIGHTS-20261006 and IE-RES-T036-COMPLY-20261006; actual distribution drift reopens scope
org.apache.logging.log4j:log4j-slf4j2-impl:2.25.5	8cab16dd6fc4c8f14c1c473022cb217512f2bbb2d59a70f8ec90a268d64d8831	server-compile	SHIPPED_RETAINED	SHIPPED_PROJECTION	ACTUAL_PACKAGE_RUNTIME	Apache-2.0	APPROVED-WITH-OBLIGATIONS; current PH1 use under 2026-10-06 human decision	Engineering: retain applicable full texts; see IE-RES-T036-CURRENT-USE-RIGHTS-20261006 and IE-RES-T036-COMPLY-20261006; actual distribution drift reopens scope
org.apache.tomcat.embed:tomcat-embed-core:11.0.24	e7b966dcaac8c5ffa4f10e44031ebf5b71f2123560c08ac8b7120028615aea08	server-compile	SHIPPED_RETAINED	SHIPPED_PROJECTION	ACTUAL_PACKAGE_RUNTIME	Apache-2.0 + CDDL-1.0/EPL-2.0 bundled schemas	APPROVED-WITH-OBLIGATIONS; current PH1 use under 2026-10-06 human decision	Engineering: retain applicable full texts; see IE-RES-T036-CURRENT-USE-RIGHTS-20261006 and IE-RES-T036-COMPLY-20261006; actual distribution drift reopens scope
org.apache.tomcat.embed:tomcat-embed-el:11.0.24	ad0546f12dace008aacce18ba13222137760b310ca719e173d3e13021b9af6c6	server-compile	SHIPPED_RETAINED	SHIPPED_PROJECTION	ACTUAL_PACKAGE_RUNTIME	Apache-2.0	APPROVED-WITH-OBLIGATIONS; current PH1 use under 2026-10-06 human decision	Engineering: retain applicable full texts; see IE-RES-T036-CURRENT-USE-RIGHTS-20261006 and IE-RES-T036-COMPLY-20261006; actual distribution drift reopens scope
org.apache.tomcat.embed:tomcat-embed-websocket:11.0.24	825160101f0da4a10e19b5730c2ae2f99f8c2c7a7211ac05562726c5e97ab91e	server-compile	SHIPPED_RETAINED	SHIPPED_PROJECTION	ACTUAL_PACKAGE_RUNTIME	Apache-2.0	APPROVED-WITH-OBLIGATIONS; current PH1 use under 2026-10-06 human decision	Engineering: retain applicable full texts; see IE-RES-T036-CURRENT-USE-RIGHTS-20261006 and IE-RES-T036-COMPLY-20261006; actual distribution drift reopens scope
org.apiguardian:apiguardian-api:1.1.2	b509448ac506d607319f182537f0b35d71007582ec741832a1f111e5b5b70b38	server-test;provider-acquisition;provider-alignment	ABSENT	ABSENT	TEST_ONLY_NOT_SHIPPED	Apache-2.0	APPROVED-WITH-OBLIGATIONS; current PH1 use under 2026-10-06 human decision	Engineering: retain applicable full texts; see IE-RES-T036-CURRENT-USE-RIGHTS-20261006 and IE-RES-T036-COMPLY-20261006; actual distribution drift reopens scope
org.assertj:assertj-core:3.27.7	c4a445426c3c2861666863b842cc4ec7bbb1c4226fefd370b6d2fe83d6c4ff0f	server-test	ABSENT	ABSENT	TEST_ONLY_NOT_SHIPPED	Apache-2.0	APPROVED-WITH-OBLIGATIONS; current PH1 use under 2026-10-06 human decision	Engineering: retain applicable full texts; see IE-RES-T036-CURRENT-USE-RIGHTS-20261006 and IE-RES-T036-COMPLY-20261006; actual distribution drift reopens scope
org.awaitility:awaitility:4.3.0	ee58568ea5945dcf988551501655183dc184e23e45a8e013fdfd9036194e6f7b	server-test	ABSENT	ABSENT	TEST_ONLY_NOT_SHIPPED	Apache-2.0	APPROVED-WITH-OBLIGATIONS; current PH1 use under 2026-10-06 human decision	Engineering: retain applicable full texts; see IE-RES-T036-CURRENT-USE-RIGHTS-20261006 and IE-RES-T036-COMPLY-20261006; actual distribution drift reopens scope
org.checkerframework:checker-qual:3.55.1	857658c8bdcbff794949a8d9922f88d63ee3751c203c7cd7d21ea97f9e745288	server-runtime	ABSENT	SHIPPED_PROJECTION	ACTUAL_PACKAGE_RUNTIME	MIT	APPROVED-WITH-OBLIGATIONS; current PH1 use under 2026-10-06 human decision	Engineering: retain applicable full texts; see IE-RES-T036-CURRENT-USE-RIGHTS-20261006 and IE-RES-T036-COMPLY-20261006; actual distribution drift reopens scope
org.flywaydb:flyway-core:12.4.0	c3f93df1f3e0c9d14652adb5ade97401f2ede503859ac693c2af5c06e2797799	server-compile	ABSENT	SHIPPED_PROJECTION	ACTUAL_PACKAGE_RUNTIME	Apache-2.0	APPROVED-WITH-OBLIGATIONS; current PH1 use under 2026-10-06 human decision	Engineering: retain applicable full texts; see IE-RES-T036-CURRENT-USE-RIGHTS-20261006 and IE-RES-T036-COMPLY-20261006; actual distribution drift reopens scope
org.flywaydb:flyway-database-postgresql:12.4.0	abc075a5c3cbf37dc64b28fec7e2398fb14f31109f7ab6271854738797407b85	server-compile	ABSENT	SHIPPED_PROJECTION	ACTUAL_PACKAGE_RUNTIME	Apache-2.0	APPROVED-WITH-OBLIGATIONS; current PH1 use under 2026-10-06 human decision	Engineering: retain applicable full texts; see IE-RES-T036-CURRENT-USE-RIGHTS-20261006 and IE-RES-T036-COMPLY-20261006; actual distribution drift reopens scope
org.hamcrest:hamcrest:3.0	5d66b6a4a680755cb6ed7cb104fa7835ef644667586ff0737adeb977c39ecdbc	server-test	ABSENT	ABSENT	TEST_ONLY_NOT_SHIPPED	BSD-3-Clause	APPROVED-WITH-OBLIGATIONS; current PH1 use under 2026-10-06 human decision	Engineering: retain applicable full texts; see IE-RES-T036-CURRENT-USE-RIGHTS-20261006 and IE-RES-T036-COMPLY-20261006; actual distribution drift reopens scope
org.jmolecules:jmolecules-events:2.0.1	2dd20f02039c825de38c381d76a0f5cc912b9ab85f9fb6dabf7b10c1c3c9e983	server-compile	ABSENT	SHIPPED_PROJECTION	ACTUAL_PACKAGE_RUNTIME	Apache-2.0	APPROVED-WITH-OBLIGATIONS; current PH1 use under 2026-10-06 human decision	Engineering: retain applicable full texts; see IE-RES-T036-CURRENT-USE-RIGHTS-20261006 and IE-RES-T036-COMPLY-20261006; actual distribution drift reopens scope
org.jmolecules:jstereotype:2.0.1	8ee2277ede551ba969c381b2f90fb697a0fad610d1d1d2e432947c9bdcf19e7e	server-compile	ABSENT	SHIPPED_PROJECTION	ACTUAL_PACKAGE_RUNTIME	Apache-2.0	APPROVED-WITH-OBLIGATIONS; current PH1 use under 2026-10-06 human decision	Engineering: retain applicable full texts; see IE-RES-T036-CURRENT-USE-RIGHTS-20261006 and IE-RES-T036-COMPLY-20261006; actual distribution drift reopens scope
org.jspecify:jspecify:1.0.1	070d75f261fe4c5b8202508366715f7f2d4660f88c8ef7e6d3575e48c9683b66	server-compile	SHIPPED_RETAINED	SHIPPED_PROJECTION	ACTUAL_PACKAGE_RUNTIME	Apache-2.0	APPROVED-WITH-OBLIGATIONS; current PH1 use under 2026-10-06 human decision	Engineering: retain applicable full texts; see IE-RES-T036-CURRENT-USE-RIGHTS-20261006 and IE-RES-T036-COMPLY-20261006; actual distribution drift reopens scope
org.junit.jupiter:junit-jupiter-api:6.0.3	d655d7e6f0c7ae07f10a2f3bbaaebb6d30e9b26204a068ad9e9b3950aa28792c	server-test	ABSENT	ABSENT	TEST_ONLY_NOT_SHIPPED	EPL-2.0; params bundled FastCSV notice retained where present	APPROVED-WITH-OBLIGATIONS; current PH1 use under 2026-10-06 human decision	Engineering: retain applicable full texts; see IE-RES-T036-CURRENT-USE-RIGHTS-20261006 and IE-RES-T036-COMPLY-20261006; actual distribution drift reopens scope
org.junit.jupiter:junit-jupiter-engine:6.0.3	1e2fab61ad27ea08fc7c70dd9677cf8c6d1ae5434d42dcfdd633b12c7e7c04d0	server-test	ABSENT	ABSENT	TEST_ONLY_NOT_SHIPPED	EPL-2.0; params bundled FastCSV notice retained where present	APPROVED-WITH-OBLIGATIONS; current PH1 use under 2026-10-06 human decision	Engineering: retain applicable full texts; see IE-RES-T036-CURRENT-USE-RIGHTS-20261006 and IE-RES-T036-COMPLY-20261006; actual distribution drift reopens scope
org.junit.jupiter:junit-jupiter-params:6.0.3	cf2947e2302b9f8c8a059259a277881c1cadae8fbc2514c16a925cfeb7beb2e5	server-test	ABSENT	ABSENT	TEST_ONLY_NOT_SHIPPED	EPL-2.0; params bundled FastCSV notice retained where present	APPROVED-WITH-OBLIGATIONS; current PH1 use under 2026-10-06 human decision	Engineering: retain applicable full texts; see IE-RES-T036-CURRENT-USE-RIGHTS-20261006 and IE-RES-T036-COMPLY-20261006; actual distribution drift reopens scope
org.junit.jupiter:junit-jupiter:6.0.3	784b65815f479a0c99a9d3a573b142e2a525efb6025d97f751b19e72f90aeda3	server-test	ABSENT	ABSENT	TEST_ONLY_NOT_SHIPPED	EPL-2.0; params bundled FastCSV notice retained where present	APPROVED-WITH-OBLIGATIONS; current PH1 use under 2026-10-06 human decision	Engineering: retain applicable full texts; see IE-RES-T036-CURRENT-USE-RIGHTS-20261006 and IE-RES-T036-COMPLY-20261006; actual distribution drift reopens scope
org.junit.platform:junit-platform-commons:6.0.3	39f262d09c3d52719fe0b77f080e90a3695e285d779a41b232e17963ae5da200	server-test;provider-alignment	ABSENT	ABSENT	TEST_ONLY_NOT_SHIPPED	EPL-2.0; params bundled FastCSV notice retained where present	APPROVED-WITH-OBLIGATIONS; current PH1 use under 2026-10-06 human decision	Engineering: retain applicable full texts; see IE-RES-T036-CURRENT-USE-RIGHTS-20261006 and IE-RES-T036-COMPLY-20261006; actual distribution drift reopens scope
org.junit.platform:junit-platform-engine:6.0.3	491e9e4f745f161b8a8e4186a1a7c6a450ea12c70930c9aedae427215301d947	server-test;provider-alignment	ABSENT	ABSENT	TEST_ONLY_NOT_SHIPPED	EPL-2.0; params bundled FastCSV notice retained where present	APPROVED-WITH-OBLIGATIONS; current PH1 use under 2026-10-06 human decision	Engineering: retain applicable full texts; see IE-RES-T036-CURRENT-USE-RIGHTS-20261006 and IE-RES-T036-COMPLY-20261006; actual distribution drift reopens scope
org.mockito:mockito-core:5.23.0	ae295bebd5d11fab97ab297815dc7617188b86003cbce3dfd5c0d5c3a6cc4a0c	server-test	ABSENT	ABSENT	TEST_ONLY_NOT_SHIPPED	MIT	APPROVED-WITH-OBLIGATIONS; current PH1 use under 2026-10-06 human decision	Engineering: retain applicable full texts; see IE-RES-T036-CURRENT-USE-RIGHTS-20261006 and IE-RES-T036-COMPLY-20261006; actual distribution drift reopens scope
org.mockito:mockito-junit-jupiter:5.23.0	65938526fdc311bb3a1c0015eb1c8a0be81515aa998f22b9f4e92f1b668e4f63	server-test	ABSENT	ABSENT	TEST_ONLY_NOT_SHIPPED	MIT	APPROVED-WITH-OBLIGATIONS; current PH1 use under 2026-10-06 human decision	Engineering: retain applicable full texts; see IE-RES-T036-CURRENT-USE-RIGHTS-20261006 and IE-RES-T036-COMPLY-20261006; actual distribution drift reopens scope
org.objenesis:objenesis:3.3	02dfd0b0439a5591e35b708ed2f5474eb0948f53abf74637e959b8e4ef69bfeb	server-test	ABSENT	ABSENT	TEST_ONLY_NOT_SHIPPED	Apache-2.0	APPROVED-WITH-OBLIGATIONS; current PH1 use under 2026-10-06 human decision	Engineering: retain applicable full texts; see IE-RES-T036-CURRENT-USE-RIGHTS-20261006 and IE-RES-T036-COMPLY-20261006; actual distribution drift reopens scope
org.opentest4j:opentest4j:1.3.0	48e2df636cab6563ced64dcdff8abb2355627cb236ef0bf37598682ddf742f1b	server-test;provider-acquisition;provider-alignment	ABSENT	ABSENT	TEST_ONLY_NOT_SHIPPED	Apache-2.0	APPROVED-WITH-OBLIGATIONS; current PH1 use under 2026-10-06 human decision	Engineering: retain applicable full texts; see IE-RES-T036-CURRENT-USE-RIGHTS-20261006 and IE-RES-T036-COMPLY-20261006; actual distribution drift reopens scope
org.ow2.asm:asm:9.7.1	8cadd43ac5eb6d09de05faecca38b917a040bb9139c7edeb4cc81c740b713281	server-test	ABSENT	ABSENT	TEST_ONLY_NOT_SHIPPED	BSD-3-Clause	APPROVED-WITH-OBLIGATIONS; current PH1 use under 2026-10-06 human decision	Engineering: retain applicable full texts; see IE-RES-T036-CURRENT-USE-RIGHTS-20261006 and IE-RES-T036-COMPLY-20261006; actual distribution drift reopens scope
org.postgresql:postgresql:42.7.13	6e0e4cc2d8cae902084f8a2b18728b073a6fd9d1f87c9d8bff8f298c18185b93	server-runtime	ABSENT	SHIPPED_PROJECTION	ACTUAL_PACKAGE_RUNTIME	BSD-2-Clause; contained SCRAM 3.2/Stringprep 2.2 four OnGres grants also BSD-2-Clause	APPROVED-WITH-OBLIGATIONS; current PH1 use under 2026-10-06 human decision	Engineering: retain applicable full texts; see IE-RES-T036-CURRENT-USE-RIGHTS-20261006 and IE-RES-T036-COMPLY-20261006; actual distribution drift reopens scope
org.skyscreamer:jsonassert:1.5.3	719095c07d4203961320da593441d8b3b643c18eb1d81aa98ea933bb7eb351ba	server-test	ABSENT	ABSENT	TEST_ONLY_NOT_SHIPPED	Apache-2.0	APPROVED-WITH-OBLIGATIONS; current PH1 use under 2026-10-06 human decision	Engineering: retain applicable full texts; see IE-RES-T036-CURRENT-USE-RIGHTS-20261006 and IE-RES-T036-COMPLY-20261006; actual distribution drift reopens scope
org.slf4j:slf4j-api:2.0.18	44508fd1576500688c790b190acdd16fec4f8c79a3e0b900afd70503cf055f55	server-compile	SHIPPED_RETAINED	SHIPPED_PROJECTION	ACTUAL_PACKAGE_RUNTIME	MIT	APPROVED-WITH-OBLIGATIONS; current PH1 use under 2026-10-06 human decision	Engineering: retain applicable full texts; see IE-RES-T036-CURRENT-USE-RIGHTS-20261006 and IE-RES-T036-COMPLY-20261006; actual distribution drift reopens scope
org.springframework.boot:spring-boot-autoconfigure:4.1.1	59228756ddd76cea050f95d86deff334789bc53b6688beaa673b1af2b9794592	server-compile	SHIPPED_RETAINED	SHIPPED_PROJECTION	ACTUAL_PACKAGE_RUNTIME	Apache-2.0	APPROVED-WITH-OBLIGATIONS; current PH1 use under 2026-10-06 human decision	Engineering: retain applicable full texts; see IE-RES-T036-CURRENT-USE-RIGHTS-20261006 and IE-RES-T036-COMPLY-20261006; actual distribution drift reopens scope
org.springframework.boot:spring-boot-flyway:4.1.1	61db32d08f2b1b04cf006e916575da22ecee0a2e0bb0604aca26c04f7bd4aa0e	server-compile	ABSENT	SHIPPED_PROJECTION	ACTUAL_PACKAGE_RUNTIME	Apache-2.0	APPROVED-WITH-OBLIGATIONS; current PH1 use under 2026-10-06 human decision	Engineering: retain applicable full texts; see IE-RES-T036-CURRENT-USE-RIGHTS-20261006 and IE-RES-T036-COMPLY-20261006; actual distribution drift reopens scope
org.springframework.boot:spring-boot-http-converter:4.1.1	52a167430a918c223b2ccd2eb62aff91a8e43e6daebe5a07caa37b9a04c61cb9	server-compile	SHIPPED_RETAINED	SHIPPED_PROJECTION	ACTUAL_PACKAGE_RUNTIME	Apache-2.0	APPROVED-WITH-OBLIGATIONS; current PH1 use under 2026-10-06 human decision	Engineering: retain applicable full texts; see IE-RES-T036-CURRENT-USE-RIGHTS-20261006 and IE-RES-T036-COMPLY-20261006; actual distribution drift reopens scope
org.springframework.boot:spring-boot-jackson:4.1.1	69a9b4d8850a0532a5e44ff7306a03621485b26596e7f9481de7d28e68a2dd42	server-compile	SHIPPED_RETAINED	SHIPPED_PROJECTION	ACTUAL_PACKAGE_RUNTIME	Apache-2.0	APPROVED-WITH-OBLIGATIONS; current PH1 use under 2026-10-06 human decision	Engineering: retain applicable full texts; see IE-RES-T036-CURRENT-USE-RIGHTS-20261006 and IE-RES-T036-COMPLY-20261006; actual distribution drift reopens scope
org.springframework.boot:spring-boot-jdbc:4.1.1	30de56a06ccedb40245fd3a69a5107c7b3c0500447bb982a54a3b5da2859ae2c	server-compile	ABSENT	SHIPPED_PROJECTION	ACTUAL_PACKAGE_RUNTIME	Apache-2.0	APPROVED-WITH-OBLIGATIONS; current PH1 use under 2026-10-06 human decision	Engineering: retain applicable full texts; see IE-RES-T036-CURRENT-USE-RIGHTS-20261006 and IE-RES-T036-COMPLY-20261006; actual distribution drift reopens scope
org.springframework.boot:spring-boot-persistence:4.1.1	0f78d2556ac3ed75f9eaf3134a1fba94ad1ec3414b52aa279c1f690217e71e3c	server-compile	ABSENT	SHIPPED_PROJECTION	ACTUAL_PACKAGE_RUNTIME	Apache-2.0	APPROVED-WITH-OBLIGATIONS; current PH1 use under 2026-10-06 human decision	Engineering: retain applicable full texts; see IE-RES-T036-CURRENT-USE-RIGHTS-20261006 and IE-RES-T036-COMPLY-20261006; actual distribution drift reopens scope
org.springframework.boot:spring-boot-security:4.1.1	c940697be9bc67820d5011b86d58105836b7cae7c8fb5d4e61d635b51b392cbe	server-compile	ABSENT	SHIPPED_PROJECTION	ACTUAL_PACKAGE_RUNTIME	Apache-2.0	APPROVED-WITH-OBLIGATIONS; current PH1 use under 2026-10-06 human decision	Engineering: retain applicable full texts; see IE-RES-T036-CURRENT-USE-RIGHTS-20261006 and IE-RES-T036-COMPLY-20261006; actual distribution drift reopens scope
org.springframework.boot:spring-boot-servlet:4.1.1	4dcb156e311a4c1ad5f1ed7eabd94a78ea74510b05c429a4fcfdcf8beb9d5882	server-compile	SHIPPED_RETAINED	SHIPPED_PROJECTION	ACTUAL_PACKAGE_RUNTIME	Apache-2.0	APPROVED-WITH-OBLIGATIONS; current PH1 use under 2026-10-06 human decision	Engineering: retain applicable full texts; see IE-RES-T036-CURRENT-USE-RIGHTS-20261006 and IE-RES-T036-COMPLY-20261006; actual distribution drift reopens scope
org.springframework.boot:spring-boot-sql:4.1.1	fa4f6ddded1bb3bbc496897686336d8433e34f1f22daa886872be2aa184def23	server-compile	ABSENT	SHIPPED_PROJECTION	ACTUAL_PACKAGE_RUNTIME	Apache-2.0	APPROVED-WITH-OBLIGATIONS; current PH1 use under 2026-10-06 human decision	Engineering: retain applicable full texts; see IE-RES-T036-CURRENT-USE-RIGHTS-20261006 and IE-RES-T036-COMPLY-20261006; actual distribution drift reopens scope
org.springframework.boot:spring-boot-starter-flyway:4.1.1	d9a454f49cc844b1c2940f645f659c506322d02444912422a19ba619de60e6c7	server-compile	ABSENT	ABSENT	MODEL_COMPILE_INPUT_NOT_IN_RETAINED_PACKAGE	Apache-2.0	APPROVED-WITH-OBLIGATIONS; current PH1 use under 2026-10-06 human decision	Engineering: retain applicable full texts; see IE-RES-T036-CURRENT-USE-RIGHTS-20261006 and IE-RES-T036-COMPLY-20261006; actual distribution drift reopens scope
org.springframework.boot:spring-boot-starter-jackson:4.1.1	d30e594a3e0f3a090438fc22000a87ab577a3b80c674180a10544ca331207f24	server-compile	ABSENT	ABSENT	MODEL_COMPILE_INPUT_NOT_IN_RETAINED_PACKAGE	Apache-2.0	APPROVED-WITH-OBLIGATIONS; current PH1 use under 2026-10-06 human decision	Engineering: retain applicable full texts; see IE-RES-T036-CURRENT-USE-RIGHTS-20261006 and IE-RES-T036-COMPLY-20261006; actual distribution drift reopens scope
org.springframework.boot:spring-boot-starter-jdbc:4.1.1	c51b28a3793168bff837eea90b1ae641efc3a28d6cdb980dd2b0b230914e93ee	server-compile	ABSENT	ABSENT	MODEL_COMPILE_INPUT_NOT_IN_RETAINED_PACKAGE	Apache-2.0	APPROVED-WITH-OBLIGATIONS; current PH1 use under 2026-10-06 human decision	Engineering: retain applicable full texts; see IE-RES-T036-CURRENT-USE-RIGHTS-20261006 and IE-RES-T036-COMPLY-20261006; actual distribution drift reopens scope
org.springframework.boot:spring-boot-starter-log4j2:4.1.1	cd4c58788a6c92f7f06a46fc888b0ed1e4eba1ff55bf901db6eeda2359e0693d	server-compile	ABSENT	ABSENT	MODEL_COMPILE_INPUT_NOT_IN_RETAINED_PACKAGE	Apache-2.0	APPROVED-WITH-OBLIGATIONS; current PH1 use under 2026-10-06 human decision	Engineering: retain applicable full texts; see IE-RES-T036-CURRENT-USE-RIGHTS-20261006 and IE-RES-T036-COMPLY-20261006; actual distribution drift reopens scope
org.springframework.boot:spring-boot-starter-security:4.1.1	38628875b75cbed6ba4642f3b0a4baf4735bd4f82b49450e4ae5a5e4d1b7b4a9	server-compile	ABSENT	ABSENT	MODEL_COMPILE_INPUT_NOT_IN_RETAINED_PACKAGE	Apache-2.0	APPROVED-WITH-OBLIGATIONS; current PH1 use under 2026-10-06 human decision	Engineering: retain applicable full texts; see IE-RES-T036-CURRENT-USE-RIGHTS-20261006 and IE-RES-T036-COMPLY-20261006; actual distribution drift reopens scope
org.springframework.boot:spring-boot-starter-test:4.1.1	37baecb7fdf6bd5ffc1f88320b04ea166da0e0af0b22b35bca17d48bbc7a5d1e	server-test	ABSENT	ABSENT	TEST_ONLY_NOT_SHIPPED	Apache-2.0	APPROVED-WITH-OBLIGATIONS; current PH1 use under 2026-10-06 human decision	Engineering: retain applicable full texts; see IE-RES-T036-CURRENT-USE-RIGHTS-20261006 and IE-RES-T036-COMPLY-20261006; actual distribution drift reopens scope
org.springframework.boot:spring-boot-starter-tomcat-runtime:4.1.1	580f0d9a9d02a1a6e387640e422af42f9dbdf302836d562ec595fdb2b31a1c29	server-compile	ABSENT	ABSENT	MODEL_COMPILE_INPUT_NOT_IN_RETAINED_PACKAGE	Apache-2.0	APPROVED-WITH-OBLIGATIONS; current PH1 use under 2026-10-06 human decision	Engineering: retain applicable full texts; see IE-RES-T036-CURRENT-USE-RIGHTS-20261006 and IE-RES-T036-COMPLY-20261006; actual distribution drift reopens scope
org.springframework.boot:spring-boot-starter-tomcat:4.1.1	f224d8504be3b413825ee85ef549a7b1598ee8512e062c6bd5ddce1043cd388a	server-compile	ABSENT	ABSENT	MODEL_COMPILE_INPUT_NOT_IN_RETAINED_PACKAGE	Apache-2.0	APPROVED-WITH-OBLIGATIONS; current PH1 use under 2026-10-06 human decision	Engineering: retain applicable full texts; see IE-RES-T036-CURRENT-USE-RIGHTS-20261006 and IE-RES-T036-COMPLY-20261006; actual distribution drift reopens scope
org.springframework.boot:spring-boot-starter-webmvc:4.1.1	4aec3edbdf6317fefe23db1b989d8bba143a45a51c1fc32346146ecebf67d625	server-compile	ABSENT	ABSENT	MODEL_COMPILE_INPUT_NOT_IN_RETAINED_PACKAGE	Apache-2.0	APPROVED-WITH-OBLIGATIONS; current PH1 use under 2026-10-06 human decision	Engineering: retain applicable full texts; see IE-RES-T036-CURRENT-USE-RIGHTS-20261006 and IE-RES-T036-COMPLY-20261006; actual distribution drift reopens scope
org.springframework.boot:spring-boot-starter:4.1.1	de5b2dd28400eda20914fd4a6054d0c201e68d2e4de35a25a4d89f054ccc2e63	server-compile	ABSENT	ABSENT	MODEL_COMPILE_INPUT_NOT_IN_RETAINED_PACKAGE	Apache-2.0	APPROVED-WITH-OBLIGATIONS; current PH1 use under 2026-10-06 human decision	Engineering: retain applicable full texts; see IE-RES-T036-CURRENT-USE-RIGHTS-20261006 and IE-RES-T036-COMPLY-20261006; actual distribution drift reopens scope
org.springframework.boot:spring-boot-test-autoconfigure:4.1.1	fcae103bb2ca65226f225b846b210ba19fbfc42bdec1bf7009d3083baeb819b8	server-test	ABSENT	ABSENT	TEST_ONLY_NOT_SHIPPED	Apache-2.0	APPROVED-WITH-OBLIGATIONS; current PH1 use under 2026-10-06 human decision	Engineering: retain applicable full texts; see IE-RES-T036-CURRENT-USE-RIGHTS-20261006 and IE-RES-T036-COMPLY-20261006; actual distribution drift reopens scope
org.springframework.boot:spring-boot-test:4.1.1	c16efcceaf7c0f7fff6c2cbac5ba1e7e47ee68bacc6a446f8adfe07ffe4ea579	server-test	ABSENT	ABSENT	TEST_ONLY_NOT_SHIPPED	Apache-2.0	APPROVED-WITH-OBLIGATIONS; current PH1 use under 2026-10-06 human decision	Engineering: retain applicable full texts; see IE-RES-T036-CURRENT-USE-RIGHTS-20261006 and IE-RES-T036-COMPLY-20261006; actual distribution drift reopens scope
org.springframework.boot:spring-boot-tomcat:4.1.1	17f65629e4eb3c979c0572b69b57d630bb12e64869e9d7520adddaa6734256b6	server-compile	SHIPPED_RETAINED	SHIPPED_PROJECTION	ACTUAL_PACKAGE_RUNTIME	Apache-2.0	APPROVED-WITH-OBLIGATIONS; current PH1 use under 2026-10-06 human decision	Engineering: retain applicable full texts; see IE-RES-T036-CURRENT-USE-RIGHTS-20261006 and IE-RES-T036-COMPLY-20261006; actual distribution drift reopens scope
org.springframework.boot:spring-boot-transaction:4.1.1	e7f2fad4fe65bf6aaf1b1a538a68a1cf69988adb558f4a0fc0992a8be4fddf64	server-compile	ABSENT	SHIPPED_PROJECTION	ACTUAL_PACKAGE_RUNTIME	Apache-2.0	APPROVED-WITH-OBLIGATIONS; current PH1 use under 2026-10-06 human decision	Engineering: retain applicable full texts; see IE-RES-T036-CURRENT-USE-RIGHTS-20261006 and IE-RES-T036-COMPLY-20261006; actual distribution drift reopens scope
org.springframework.boot:spring-boot-web-server:4.1.1	6912fb1fdf7f657a61ac050760fa835fb1e7496399291697e2901f82887a4fee	server-compile	SHIPPED_RETAINED	SHIPPED_PROJECTION	ACTUAL_PACKAGE_RUNTIME	Apache-2.0	APPROVED-WITH-OBLIGATIONS; current PH1 use under 2026-10-06 human decision	Engineering: retain applicable full texts; see IE-RES-T036-CURRENT-USE-RIGHTS-20261006 and IE-RES-T036-COMPLY-20261006; actual distribution drift reopens scope
org.springframework.boot:spring-boot-webmvc:4.1.1	9f08c1fb938c45a8693fec5f3065be3aca203948a7ab4d56b06444986f75a6b2	server-compile	SHIPPED_RETAINED	SHIPPED_PROJECTION	ACTUAL_PACKAGE_RUNTIME	Apache-2.0	APPROVED-WITH-OBLIGATIONS; current PH1 use under 2026-10-06 human decision	Engineering: retain applicable full texts; see IE-RES-T036-CURRENT-USE-RIGHTS-20261006 and IE-RES-T036-COMPLY-20261006; actual distribution drift reopens scope
org.springframework.boot:spring-boot:4.1.1	0d92b532b1d4020640e72d78c31af175c23db8e0ddd45b81855b7fdf4c9c70f0	server-compile	SHIPPED_RETAINED	SHIPPED_PROJECTION	ACTUAL_PACKAGE_RUNTIME	Apache-2.0	APPROVED-WITH-OBLIGATIONS; current PH1 use under 2026-10-06 human decision	Engineering: retain applicable full texts; see IE-RES-T036-CURRENT-USE-RIGHTS-20261006 and IE-RES-T036-COMPLY-20261006; actual distribution drift reopens scope
org.springframework.modulith:spring-modulith-api:2.1.1	b8d083929e9f2078287619a81e01c9efc7bea5830fe03341608d283faffb37b2	server-compile	ABSENT	SHIPPED_PROJECTION	ACTUAL_PACKAGE_RUNTIME	Apache-2.0	APPROVED-WITH-OBLIGATIONS; current PH1 use under 2026-10-06 human decision	Engineering: retain applicable full texts; see IE-RES-T036-CURRENT-USE-RIGHTS-20261006 and IE-RES-T036-COMPLY-20261006; actual distribution drift reopens scope
org.springframework.modulith:spring-modulith-apt:2.1.1	4aa6d1ef0d932c99a648bb73665e4c89f17938574f1102e9bf27709199b9f5e2	server-compile	ABSENT	ABSENT	MODEL_COMPILE_INPUT_NOT_IN_RETAINED_PACKAGE	Apache-2.0	APPROVED-WITH-OBLIGATIONS; current PH1 use under 2026-10-06 human decision	Engineering: retain applicable full texts; see IE-RES-T036-CURRENT-USE-RIGHTS-20261006 and IE-RES-T036-COMPLY-20261006; actual distribution drift reopens scope
org.springframework.modulith:spring-modulith-core:2.1.1	235b6d0a3cc43c2b5ece010df0e34a69bc0662982d4de9cc741185c73bff6c4a	server-runtime	ABSENT	SHIPPED_PROJECTION	ACTUAL_PACKAGE_RUNTIME	Apache-2.0	APPROVED-WITH-OBLIGATIONS; current PH1 use under 2026-10-06 human decision	Engineering: retain applicable full texts; see IE-RES-T036-CURRENT-USE-RIGHTS-20261006 and IE-RES-T036-COMPLY-20261006; actual distribution drift reopens scope
org.springframework.modulith:spring-modulith-moments:2.1.1	ba89cc2edefc997ddab319aa0839709ab3647108296f53e00fcb1d13e91fef42	server-compile	ABSENT	SHIPPED_PROJECTION	ACTUAL_PACKAGE_RUNTIME	Apache-2.0	APPROVED-WITH-OBLIGATIONS; current PH1 use under 2026-10-06 human decision	Engineering: retain applicable full texts; see IE-RES-T036-CURRENT-USE-RIGHTS-20261006 and IE-RES-T036-COMPLY-20261006; actual distribution drift reopens scope
org.springframework.modulith:spring-modulith-starter-core:2.1.1	9e22b7dc3b3e5959a081d8ce8d16c453267db86826c138e4f0cc32539b0297de	server-compile	ABSENT	ABSENT	MODEL_COMPILE_INPUT_NOT_IN_RETAINED_PACKAGE	Apache-2.0	APPROVED-WITH-OBLIGATIONS; current PH1 use under 2026-10-06 human decision	Engineering: retain applicable full texts; see IE-RES-T036-CURRENT-USE-RIGHTS-20261006 and IE-RES-T036-COMPLY-20261006; actual distribution drift reopens scope
org.springframework.security:spring-security-config:7.1.1	1f947c853f14cab76563464ee22e72f6672f3913db52647d2f5d1df5f2b1e5a5	server-compile	ABSENT	SHIPPED_PROJECTION	ACTUAL_PACKAGE_RUNTIME	Apache-2.0; crypto additionally ISC-style BCrypt grant	APPROVED-WITH-OBLIGATIONS; current PH1 use under 2026-10-06 human decision	Engineering: retain applicable full texts; see IE-RES-T036-CURRENT-USE-RIGHTS-20261006 and IE-RES-T036-COMPLY-20261006; actual distribution drift reopens scope
org.springframework.security:spring-security-core:7.1.1	98a5011baa78df36fb184e6ce0e8e086ca9a64fcdd8f161c0a96475a3a0907bd	server-compile	ABSENT	SHIPPED_PROJECTION	ACTUAL_PACKAGE_RUNTIME	Apache-2.0; crypto additionally ISC-style BCrypt grant	APPROVED-WITH-OBLIGATIONS; current PH1 use under 2026-10-06 human decision	Engineering: retain applicable full texts; see IE-RES-T036-CURRENT-USE-RIGHTS-20261006 and IE-RES-T036-COMPLY-20261006; actual distribution drift reopens scope
org.springframework.security:spring-security-crypto:7.1.1	6e8bb2337faccabd30626f917ed1d2bfa9dde982229b6b373b644d1a01635403	server-compile	ABSENT	SHIPPED_PROJECTION	ACTUAL_PACKAGE_RUNTIME	Apache-2.0; crypto additionally ISC-style BCrypt grant	APPROVED-WITH-OBLIGATIONS; current PH1 use under 2026-10-06 human decision	Engineering: retain applicable full texts; see IE-RES-T036-CURRENT-USE-RIGHTS-20261006 and IE-RES-T036-COMPLY-20261006; actual distribution drift reopens scope
org.springframework.security:spring-security-web:7.1.1	dece134a2332c976a2c94ecf13f816c64e8ea7f2139795485afe655fba0408f3	server-compile	ABSENT	SHIPPED_PROJECTION	ACTUAL_PACKAGE_RUNTIME	Apache-2.0; crypto additionally ISC-style BCrypt grant	APPROVED-WITH-OBLIGATIONS; current PH1 use under 2026-10-06 human decision	Engineering: retain applicable full texts; see IE-RES-T036-CURRENT-USE-RIGHTS-20261006 and IE-RES-T036-COMPLY-20261006; actual distribution drift reopens scope
org.springframework:spring-aop:7.0.9	b8c5d6bfcb1f4993f2cc124f7ab7fac40edf5256b9e43c2f7250a733cb5510e9	server-compile	SHIPPED_RETAINED	SHIPPED_PROJECTION	ACTUAL_PACKAGE_RUNTIME	Apache-2.0	APPROVED-WITH-OBLIGATIONS; current PH1 use under 2026-10-06 human decision	Engineering: retain applicable full texts; see IE-RES-T036-CURRENT-USE-RIGHTS-20261006 and IE-RES-T036-COMPLY-20261006; actual distribution drift reopens scope
org.springframework:spring-beans:7.0.9	ff218b827a25c9e8929b0cd56dfb56916cea9d5b669ed97dc7cb262508ff548b	server-compile	SHIPPED_RETAINED	SHIPPED_PROJECTION	ACTUAL_PACKAGE_RUNTIME	Apache-2.0	APPROVED-WITH-OBLIGATIONS; current PH1 use under 2026-10-06 human decision	Engineering: retain applicable full texts; see IE-RES-T036-CURRENT-USE-RIGHTS-20261006 and IE-RES-T036-COMPLY-20261006; actual distribution drift reopens scope
org.springframework:spring-context:7.0.9	7552a2fcfa30cea53eb14d7a65a7a8e1b1dd82e832a7164fb7e6fb105f438858	server-compile	SHIPPED_RETAINED	SHIPPED_PROJECTION	ACTUAL_PACKAGE_RUNTIME	Apache-2.0	APPROVED-WITH-OBLIGATIONS; current PH1 use under 2026-10-06 human decision	Engineering: retain applicable full texts; see IE-RES-T036-CURRENT-USE-RIGHTS-20261006 and IE-RES-T036-COMPLY-20261006; actual distribution drift reopens scope
org.springframework:spring-core:7.0.9	5195f4722699b39878d99a832549fe65df2890b159d063b88fff31b1ca65ae36	server-compile	SHIPPED_RETAINED	SHIPPED_PROJECTION	ACTUAL_PACKAGE_RUNTIME	Apache-2.0 + BSD-3-Clause ASM + Apache-2.0 CGLIB/JavaPoet/Objenesis	APPROVED-WITH-OBLIGATIONS; current PH1 use under 2026-10-06 human decision	Engineering: retain applicable full texts; see IE-RES-T036-CURRENT-USE-RIGHTS-20261006 and IE-RES-T036-COMPLY-20261006; actual distribution drift reopens scope
org.springframework:spring-expression:7.0.9	046434c40f43819729b9b1db0e6c659dfa68184c1c2c2efa5f7b3a5b27c4e2e2	server-compile	SHIPPED_RETAINED	SHIPPED_PROJECTION	ACTUAL_PACKAGE_RUNTIME	Apache-2.0	APPROVED-WITH-OBLIGATIONS; current PH1 use under 2026-10-06 human decision	Engineering: retain applicable full texts; see IE-RES-T036-CURRENT-USE-RIGHTS-20261006 and IE-RES-T036-COMPLY-20261006; actual distribution drift reopens scope
org.springframework:spring-jdbc:7.0.9	ca0d9af1c5721eef8cac1f94c8b9d27a753248bc33c86e3472bd3d1dbd78f450	server-compile	ABSENT	SHIPPED_PROJECTION	ACTUAL_PACKAGE_RUNTIME	Apache-2.0 plus contained third-party notices	APPROVED-WITH-OBLIGATIONS; current PH1 use under 2026-10-06 human decision	Engineering: retain applicable full texts; see IE-RES-T036-CURRENT-USE-RIGHTS-20261006 and IE-RES-T036-COMPLY-20261006; actual distribution drift reopens scope
org.springframework:spring-test:7.0.9	6ce8fc116f5d309b9ac50a6738bd1b15ea4012a4a5563c0ee89b795bfc9af0dc	server-test	ABSENT	ABSENT	TEST_ONLY_NOT_SHIPPED	Apache-2.0 plus contained third-party notices	APPROVED-WITH-OBLIGATIONS; current PH1 use under 2026-10-06 human decision	Engineering: retain applicable full texts; see IE-RES-T036-CURRENT-USE-RIGHTS-20261006 and IE-RES-T036-COMPLY-20261006; actual distribution drift reopens scope
org.springframework:spring-tx:7.0.9	bfb15da6e096e2c0752e9db9987d2415bf0da1d744efc988535c10c6b6c2eedd	server-compile	ABSENT	SHIPPED_PROJECTION	ACTUAL_PACKAGE_RUNTIME	Apache-2.0 plus contained third-party notices	APPROVED-WITH-OBLIGATIONS; current PH1 use under 2026-10-06 human decision	Engineering: retain applicable full texts; see IE-RES-T036-CURRENT-USE-RIGHTS-20261006 and IE-RES-T036-COMPLY-20261006; actual distribution drift reopens scope
org.springframework:spring-web:7.0.9	941ced476427bde2533872f293da535fd0258de3f3a650a7f1bfe01ed2927302	server-compile	SHIPPED_RETAINED	SHIPPED_PROJECTION	ACTUAL_PACKAGE_RUNTIME	Apache-2.0	APPROVED-WITH-OBLIGATIONS; current PH1 use under 2026-10-06 human decision	Engineering: retain applicable full texts; see IE-RES-T036-CURRENT-USE-RIGHTS-20261006 and IE-RES-T036-COMPLY-20261006; actual distribution drift reopens scope
org.springframework:spring-webmvc:7.0.9	8f114c1461692c5e534e82b27de23b7fb23370db8dee7ce0c92d5106906c9555	server-compile	SHIPPED_RETAINED	SHIPPED_PROJECTION	ACTUAL_PACKAGE_RUNTIME	Apache-2.0	APPROVED-WITH-OBLIGATIONS; current PH1 use under 2026-10-06 human decision	Engineering: retain applicable full texts; see IE-RES-T036-CURRENT-USE-RIGHTS-20261006 and IE-RES-T036-COMPLY-20261006; actual distribution drift reopens scope
org.webjars:swagger-ui:5.32.14	d17ca6b09c60518574c14d4a40318dc58a11ea92a962e94f30e5a286e1efa4a6	server-compile	ABSENT	SHIPPED_PROJECTION	ACTUAL_PACKAGE_RUNTIME	Apache-2.0 + bundled MIT/BSD; DOMPurify MPL-2.0 OR Apache-2.0 (historical internal Apache choice retained)	APPROVED-WITH-OBLIGATIONS; current PH1 use under 2026-10-06 human decision	Engineering: retain applicable full texts; see IE-RES-T036-CURRENT-USE-RIGHTS-20261006 and IE-RES-T036-COMPLY-20261006; actual distribution drift reopens scope
org.xmlunit:xmlunit-core:2.11.0	50970e6069c21182689eb44ae9f8193970e080b6f37fc13f22aa4201cca2dfe4	server-test	ABSENT	ABSENT	TEST_ONLY_NOT_SHIPPED	Apache-2.0	APPROVED-WITH-OBLIGATIONS; current PH1 use under 2026-10-06 human decision	Engineering: retain applicable full texts; see IE-RES-T036-CURRENT-USE-RIGHTS-20261006 and IE-RES-T036-COMPLY-20261006; actual distribution drift reopens scope
org.yaml:snakeyaml:2.6	c8f7a98e7394adda02f6317249710e4d1b4c7a25aa8c7eace0c2eea52eb8bf85	server-compile	SHIPPED_RETAINED	SHIPPED_PROJECTION	ACTUAL_PACKAGE_RUNTIME	Apache-2.0	APPROVED-WITH-OBLIGATIONS; current PH1 use under 2026-10-06 human decision	Engineering: retain applicable full texts; see IE-RES-T036-CURRENT-USE-RIGHTS-20261006 and IE-RES-T036-COMPLY-20261006; actual distribution drift reopens scope
tools.jackson.core:jackson-core:3.1.5	9431b7fa2673bbb618c11d865fe15e13222fd182a214ff998cb7e56afd8f35d2	server-compile	SHIPPED_RETAINED	SHIPPED_PROJECTION	ACTUAL_PACKAGE_RUNTIME	Apache-2.0 + MIT + BSD-2-Clause + BSL-1.0	APPROVED-WITH-OBLIGATIONS; current PH1 use under 2026-10-06 human decision	Engineering: retain applicable full texts; see IE-RES-T036-CURRENT-USE-RIGHTS-20261006 and IE-RES-T036-COMPLY-20261006; actual distribution drift reopens scope
tools.jackson.core:jackson-databind:3.1.5	3a2338d996fd3056791df8d335fa9ba8a62a706ed4245ecf81b3e583df37d08a	server-compile	SHIPPED_RETAINED	SHIPPED_PROJECTION	ACTUAL_PACKAGE_RUNTIME	Apache-2.0	APPROVED-WITH-OBLIGATIONS; current PH1 use under 2026-10-06 human decision	Engineering: retain applicable full texts; see IE-RES-T036-CURRENT-USE-RIGHTS-20261006 and IE-RES-T036-COMPLY-20261006; actual distribution drift reopens scope
com.thoughtworks.qdox:qdox:2.2.0	c260c3230b2340af97d54bf01f7f67ebc57c901922736c881bb11cb981302be2	plugin-acquisition-maven-compiler-plugin;plugin-realm-maven-compiler-plugin;plugin-acquisition-maven-surefire-plugin;plugin-realm-maven-surefire-plugin	ABSENT	ABSENT	BUILD_TEST_CORE_ACQUISITION_NOT_APPLICATION_PAYLOAD	Apache-2.0 project/generated inputs + conservative JFlex BSD-3-Clause notice retention; BYacc public-domain owner evidence	APPROVED-WITH-OBLIGATIONS; current PH1 use under 2026-10-06 human decision	Engineering: retain applicable full texts; see IE-RES-T036-CURRENT-USE-RIGHTS-20261006 and IE-RES-T036-COMPLY-20261006; actual distribution drift reopens scope
commons-io:commons-io:2.11.0	961b2f6d87dbacc5d54abf45ab7a6e2495f89b75598962d8c723cea9bc210908	plugin-acquisition-maven-compiler-plugin;plugin-realm-maven-compiler-plugin	ABSENT	ABSENT	BUILD_TEST_CORE_ACQUISITION_NOT_APPLICATION_PAYLOAD	Apache-2.0	APPROVED-WITH-OBLIGATIONS; current PH1 use under 2026-10-06 human decision	Engineering: retain applicable full texts; see IE-RES-T036-CURRENT-USE-RIGHTS-20261006 and IE-RES-T036-COMPLY-20261006; actual distribution drift reopens scope
javax.inject:javax.inject:1	91c77044a50c481636c32d916fd89c9118a72195390452c81065080f957de7ff	plugin-acquisition-maven-resources-plugin;plugin-acquisition-maven-compiler-plugin	ABSENT	ABSENT	BUILD_TEST_CORE_ACQUISITION_NOT_APPLICATION_PAYLOAD	Apache-2.0	APPROVED-WITH-OBLIGATIONS; current PH1 use under 2026-10-06 human decision	Engineering: retain applicable full texts; see IE-RES-T036-CURRENT-USE-RIGHTS-20261006 and IE-RES-T036-COMPLY-20261006; actual distribution drift reopens scope
org.apache.maven.plugins:maven-compiler-plugin:3.15.0	6ea0ca0558ccf248c514aa94908d1f895a92e9b4e4604c1bb29f7a4ab1b833f0	plugin-acquisition-maven-compiler-plugin;plugin-realm-maven-compiler-plugin	ABSENT	ABSENT	BUILD_TEST_CORE_ACQUISITION_NOT_APPLICATION_PAYLOAD	Apache-2.0	APPROVED-WITH-OBLIGATIONS; current PH1 use under 2026-10-06 human decision	Engineering: retain applicable full texts; see IE-RES-T036-CURRENT-USE-RIGHTS-20261006 and IE-RES-T036-COMPLY-20261006; actual distribution drift reopens scope
org.apache.maven.plugins:maven-resources-plugin:3.5.0	2c923c63a197565a3e78f2b16d762d0f49bb83250dd2b1e6286704ea0f447060	plugin-acquisition-maven-resources-plugin;plugin-realm-maven-resources-plugin	ABSENT	ABSENT	BUILD_TEST_CORE_ACQUISITION_NOT_APPLICATION_PAYLOAD	Apache-2.0	APPROVED-WITH-OBLIGATIONS; current PH1 use under 2026-10-06 human decision	Engineering: retain applicable full texts; see IE-RES-T036-CURRENT-USE-RIGHTS-20261006 and IE-RES-T036-COMPLY-20261006; actual distribution drift reopens scope
org.apache.maven.plugins:maven-surefire-plugin:3.5.6	5fea3d2f0ad1d790717d66aa31d995c22ca528612316f8380d67c40367af3464	plugin-acquisition-maven-surefire-plugin;plugin-realm-maven-surefire-plugin	ABSENT	ABSENT	BUILD_TEST_CORE_ACQUISITION_NOT_APPLICATION_PAYLOAD	Apache-2.0	APPROVED-WITH-OBLIGATIONS; current PH1 use under 2026-10-06 human decision	Engineering: retain applicable full texts; see IE-RES-T036-CURRENT-USE-RIGHTS-20261006 and IE-RES-T036-COMPLY-20261006; actual distribution drift reopens scope
org.apache.maven.resolver:maven-resolver-api:1.4.1	33dc67306cc95da14e5444e8b494d967924abf1d01bae1894676164cbd3f6112	plugin-acquisition-maven-surefire-plugin	ABSENT	ABSENT	BUILD_TEST_CORE_ACQUISITION_NOT_APPLICATION_PAYLOAD	Apache-2.0	APPROVED-WITH-OBLIGATIONS; current PH1 use under 2026-10-06 human decision	Engineering: retain applicable full texts; see IE-RES-T036-CURRENT-USE-RIGHTS-20261006 and IE-RES-T036-COMPLY-20261006; actual distribution drift reopens scope
org.apache.maven.resolver:maven-resolver-util:1.4.1	6b2184872fa7cc2ef5a90481b56af9711c15b371e69ab52f0f31bf24e910dd82	plugin-acquisition-maven-surefire-plugin	ABSENT	ABSENT	BUILD_TEST_CORE_ACQUISITION_NOT_APPLICATION_PAYLOAD	Apache-2.0	APPROVED-WITH-OBLIGATIONS; current PH1 use under 2026-10-06 human decision	Engineering: retain applicable full texts; see IE-RES-T036-CURRENT-USE-RIGHTS-20261006 and IE-RES-T036-COMPLY-20261006; actual distribution drift reopens scope
org.apache.maven.shared:maven-common-artifact-filters:3.4.0	931a77aa9dad6c91f10fcfafa70adc7608c004576b4924c74ecbffb27568a880	plugin-acquisition-maven-surefire-plugin;plugin-realm-maven-surefire-plugin	ABSENT	ABSENT	BUILD_TEST_CORE_ACQUISITION_NOT_APPLICATION_PAYLOAD	Apache-2.0	APPROVED-WITH-OBLIGATIONS; current PH1 use under 2026-10-06 human decision	Engineering: retain applicable full texts; see IE-RES-T036-CURRENT-USE-RIGHTS-20261006 and IE-RES-T036-COMPLY-20261006; actual distribution drift reopens scope
org.apache.maven.shared:maven-filtering:3.5.0	7adb0e46b5fff4fc03aab4baafbdee0b29e444cffe4478858c63082d497220bf	plugin-acquisition-maven-resources-plugin;plugin-realm-maven-resources-plugin	ABSENT	ABSENT	BUILD_TEST_CORE_ACQUISITION_NOT_APPLICATION_PAYLOAD	Apache-2.0	APPROVED-WITH-OBLIGATIONS; current PH1 use under 2026-10-06 human decision	Engineering: retain applicable full texts; see IE-RES-T036-CURRENT-USE-RIGHTS-20261006 and IE-RES-T036-COMPLY-20261006; actual distribution drift reopens scope
org.apache.maven.shared:maven-shared-incremental:1.1	61988e54486a5dc38f06c70fdae5b108556c63bd433697b9f4305fcdb30fa40e	plugin-acquisition-maven-compiler-plugin;plugin-realm-maven-compiler-plugin	ABSENT	ABSENT	BUILD_TEST_CORE_ACQUISITION_NOT_APPLICATION_PAYLOAD	Apache-2.0	APPROVED-WITH-OBLIGATIONS; current PH1 use under 2026-10-06 human decision	Engineering: retain applicable full texts; see IE-RES-T036-CURRENT-USE-RIGHTS-20261006 and IE-RES-T036-COMPLY-20261006; actual distribution drift reopens scope
org.apache.maven.shared:maven-shared-utils:3.4.2	b613357e1bad4dfc1dead801691c9460f9585fe7c6b466bc25186212d7d18487	plugin-acquisition-maven-compiler-plugin;plugin-realm-maven-compiler-plugin	ABSENT	ABSENT	BUILD_TEST_CORE_ACQUISITION_NOT_APPLICATION_PAYLOAD	Apache-2.0	APPROVED-WITH-OBLIGATIONS; current PH1 use under 2026-10-06 human decision	Engineering: retain applicable full texts; see IE-RES-T036-CURRENT-USE-RIGHTS-20261006 and IE-RES-T036-COMPLY-20261006; actual distribution drift reopens scope
org.apache.maven.surefire:common-java5:3.5.6	250fc362ca832d09b266336c0aaf7f2e9c65edbf672cd1b962519bf113f4b802	provider-acquisition	ABSENT	ABSENT	BUILD_TEST_CORE_ACQUISITION_NOT_APPLICATION_PAYLOAD	Apache-2.0	APPROVED-WITH-OBLIGATIONS; current PH1 use under 2026-10-06 human decision	Engineering: retain applicable full texts; see IE-RES-T036-CURRENT-USE-RIGHTS-20261006 and IE-RES-T036-COMPLY-20261006; actual distribution drift reopens scope
org.apache.maven.surefire:maven-surefire-common:3.5.6	30c9e2bb7f1bb800482e42c208c144124132ec3c3b4b87ab5abda8b60c9f29b9	plugin-acquisition-maven-surefire-plugin;plugin-realm-maven-surefire-plugin	ABSENT	ABSENT	BUILD_TEST_CORE_ACQUISITION_NOT_APPLICATION_PAYLOAD	Apache-2.0	APPROVED-WITH-OBLIGATIONS; current PH1 use under 2026-10-06 human decision	Engineering: retain applicable full texts; see IE-RES-T036-CURRENT-USE-RIGHTS-20261006 and IE-RES-T036-COMPLY-20261006; actual distribution drift reopens scope
org.apache.maven.surefire:surefire-api:3.5.6	331defab7586a785e541a476f08112881b07068981ece3239676e1b3aa58ca14	plugin-acquisition-maven-surefire-plugin;plugin-realm-maven-surefire-plugin;provider-acquisition	ABSENT	ABSENT	BUILD_TEST_CORE_ACQUISITION_NOT_APPLICATION_PAYLOAD	Apache-2.0	APPROVED-WITH-OBLIGATIONS; current PH1 use under 2026-10-06 human decision	Engineering: retain applicable full texts; see IE-RES-T036-CURRENT-USE-RIGHTS-20261006 and IE-RES-T036-COMPLY-20261006; actual distribution drift reopens scope
org.apache.maven.surefire:surefire-booter:3.5.6	5b1c75591b42467926b22ba0e80e2e68cb4779024097694f34a53321ba5acf9d	plugin-acquisition-maven-surefire-plugin;plugin-realm-maven-surefire-plugin	ABSENT	ABSENT	BUILD_TEST_CORE_ACQUISITION_NOT_APPLICATION_PAYLOAD	Apache-2.0	APPROVED-WITH-OBLIGATIONS; current PH1 use under 2026-10-06 human decision	Engineering: retain applicable full texts; see IE-RES-T036-CURRENT-USE-RIGHTS-20261006 and IE-RES-T036-COMPLY-20261006; actual distribution drift reopens scope
org.apache.maven.surefire:surefire-extensions-api:3.5.6	57ce1a7a9eb87f8ba2eda7f7449877d8c03da8e541e9036cd9c5cdfb1b7a1c08	plugin-acquisition-maven-surefire-plugin;plugin-realm-maven-surefire-plugin	ABSENT	ABSENT	BUILD_TEST_CORE_ACQUISITION_NOT_APPLICATION_PAYLOAD	Apache-2.0	APPROVED-WITH-OBLIGATIONS; current PH1 use under 2026-10-06 human decision	Engineering: retain applicable full texts; see IE-RES-T036-CURRENT-USE-RIGHTS-20261006 and IE-RES-T036-COMPLY-20261006; actual distribution drift reopens scope
org.apache.maven.surefire:surefire-extensions-spi:3.5.6	ae22348985e0acdf223f11615846290704899f12aeec8ad82b4d1db38a0767db	plugin-acquisition-maven-surefire-plugin;plugin-realm-maven-surefire-plugin	ABSENT	ABSENT	BUILD_TEST_CORE_ACQUISITION_NOT_APPLICATION_PAYLOAD	Apache-2.0	APPROVED-WITH-OBLIGATIONS; current PH1 use under 2026-10-06 human decision	Engineering: retain applicable full texts; see IE-RES-T036-CURRENT-USE-RIGHTS-20261006 and IE-RES-T036-COMPLY-20261006; actual distribution drift reopens scope
org.apache.maven.surefire:surefire-junit-platform:3.5.6	ed116a2be618e0d4f69b0d463a1f45e4a8561a17300722c662c3e746931a6553	provider-acquisition	ABSENT	ABSENT	BUILD_TEST_CORE_ACQUISITION_NOT_APPLICATION_PAYLOAD	Apache-2.0	APPROVED-WITH-OBLIGATIONS; current PH1 use under 2026-10-06 human decision	Engineering: retain applicable full texts; see IE-RES-T036-CURRENT-USE-RIGHTS-20261006 and IE-RES-T036-COMPLY-20261006; actual distribution drift reopens scope
org.apache.maven.surefire:surefire-logger-api:3.5.6	ac67f08b58d5e490272f3f41ed511ea0ee8ef177d515b93d392e144251ad856c	plugin-acquisition-maven-surefire-plugin;plugin-realm-maven-surefire-plugin;provider-acquisition	ABSENT	ABSENT	BUILD_TEST_CORE_ACQUISITION_NOT_APPLICATION_PAYLOAD	Apache-2.0	APPROVED-WITH-OBLIGATIONS; current PH1 use under 2026-10-06 human decision	Engineering: retain applicable full texts; see IE-RES-T036-CURRENT-USE-RIGHTS-20261006 and IE-RES-T036-COMPLY-20261006; actual distribution drift reopens scope
org.apache.maven.surefire:surefire-shared-utils:3.5.6	b21563bce49411d872bd48a402af06dfc07670464bfdaa2ef7918f216c42758a	plugin-acquisition-maven-surefire-plugin;plugin-realm-maven-surefire-plugin;provider-acquisition	ABSENT	ABSENT	BUILD_TEST_CORE_ACQUISITION_NOT_APPLICATION_PAYLOAD	Apache-2.0; five exact Apache-2.0 shaded components	APPROVED-WITH-OBLIGATIONS; current PH1 use under 2026-10-06 human decision	Engineering: retain applicable full texts; see IE-RES-T036-CURRENT-USE-RIGHTS-20261006 and IE-RES-T036-COMPLY-20261006; actual distribution drift reopens scope
org.apiguardian:apiguardian-api:1.1.2	b509448ac506d607319f182537f0b35d71007582ec741832a1f111e5b5b70b38	server-test;provider-acquisition;provider-alignment	ABSENT	ABSENT	BUILD_TEST_CORE_ACQUISITION_NOT_APPLICATION_PAYLOAD	Apache-2.0	APPROVED-WITH-OBLIGATIONS; current PH1 use under 2026-10-06 human decision	Engineering: retain applicable full texts; see IE-RES-T036-CURRENT-USE-RIGHTS-20261006 and IE-RES-T036-COMPLY-20261006; actual distribution drift reopens scope
org.codehaus.plexus:plexus-build-api:1.2.0	570ae55a95e1887c3004882d30dc4e9035d2a46ba8d58b991de04175f141d88f	plugin-acquisition-maven-resources-plugin;plugin-realm-maven-resources-plugin	ABSENT	ABSENT	BUILD_TEST_CORE_ACQUISITION_NOT_APPLICATION_PAYLOAD	Apache-2.0	APPROVED-WITH-OBLIGATIONS; current PH1 use under 2026-10-06 human decision	Engineering: retain applicable full texts; see IE-RES-T036-CURRENT-USE-RIGHTS-20261006 and IE-RES-T036-COMPLY-20261006; actual distribution drift reopens scope
org.codehaus.plexus:plexus-compiler-api:2.16.2	db34d13c8d688063a946922f4de448c909ba43fec355ea15514495f33072b031	plugin-acquisition-maven-compiler-plugin;plugin-realm-maven-compiler-plugin	ABSENT	ABSENT	BUILD_TEST_CORE_ACQUISITION_NOT_APPLICATION_PAYLOAD	Apache-2.0 whole-module grant + retained MIT file grants	APPROVED-WITH-OBLIGATIONS; current PH1 use under 2026-10-06 human decision	Engineering: retain applicable full texts; see IE-RES-T036-CURRENT-USE-RIGHTS-20261006 and IE-RES-T036-COMPLY-20261006; actual distribution drift reopens scope
org.codehaus.plexus:plexus-compiler-javac:2.16.2	e48141c146d6cb96619aafb07b2e10e1ac08f339e96ae4067ddd9c2d0f626672	plugin-acquisition-maven-compiler-plugin;plugin-realm-maven-compiler-plugin	ABSENT	ABSENT	BUILD_TEST_CORE_ACQUISITION_NOT_APPLICATION_PAYLOAD	Apache-2.0 whole-module grant + retained MIT file grants	APPROVED-WITH-OBLIGATIONS; current PH1 use under 2026-10-06 human decision	Engineering: retain applicable full texts; see IE-RES-T036-CURRENT-USE-RIGHTS-20261006 and IE-RES-T036-COMPLY-20261006; actual distribution drift reopens scope
org.codehaus.plexus:plexus-compiler-manager:2.16.2	99630ac196571a2754baa143a12723795b13020631902a6dff18dfb997e59b0e	plugin-acquisition-maven-compiler-plugin;plugin-realm-maven-compiler-plugin	ABSENT	ABSENT	BUILD_TEST_CORE_ACQUISITION_NOT_APPLICATION_PAYLOAD	MIT	APPROVED-WITH-OBLIGATIONS; current PH1 use under 2026-10-06 human decision	Engineering: retain applicable full texts; see IE-RES-T036-CURRENT-USE-RIGHTS-20261006 and IE-RES-T036-COMPLY-20261006; actual distribution drift reopens scope
org.codehaus.plexus:plexus-interpolation:1.29	088d444dbcedfb384630d8686697ece3c401d6f33c8f8b3aa7259ea1c6996878	plugin-acquisition-maven-resources-plugin;plugin-realm-maven-resources-plugin	ABSENT	ABSENT	BUILD_TEST_CORE_ACQUISITION_NOT_APPLICATION_PAYLOAD	Apache-2.0 distributor component coverage + four retained Apache-1.1 legacy grants; explicit coverage inference in current-use rights section 3	APPROVED-WITH-OBLIGATIONS; current PH1 use under 2026-10-06 human decision	Engineering: retain applicable full texts; see IE-RES-T036-CURRENT-USE-RIGHTS-20261006 and IE-RES-T036-COMPLY-20261006; actual distribution drift reopens scope
org.codehaus.plexus:plexus-java:1.5.2	1e6a4298e145c1e23af430b04ac53d76dc11077e0f3d36ef9c027ce790d96505	plugin-acquisition-maven-compiler-plugin;plugin-realm-maven-compiler-plugin;plugin-acquisition-maven-surefire-plugin;plugin-realm-maven-surefire-plugin	ABSENT	ABSENT	BUILD_TEST_CORE_ACQUISITION_NOT_APPLICATION_PAYLOAD	Apache-2.0	APPROVED-WITH-OBLIGATIONS; current PH1 use under 2026-10-06 human decision	Engineering: retain applicable full texts; see IE-RES-T036-CURRENT-USE-RIGHTS-20261006 and IE-RES-T036-COMPLY-20261006; actual distribution drift reopens scope
org.codehaus.plexus:plexus-utils:3.6.0	27ef130e32c236090e408fb5498d94cb9ea26d14070fb1c8985d607b62d098d1	plugin-acquisition-maven-resources-plugin;plugin-realm-maven-resources-plugin	ABSENT	ABSENT	BUILD_TEST_CORE_ACQUISITION_NOT_APPLICATION_PAYLOAD	Apache-2.0 + ExtremeLab-1.1.1 + BSD-2-Clause Javolution + BSD-3-Clause ThoughtWorks	APPROVED-WITH-OBLIGATIONS; current PH1 use under 2026-10-06 human decision	Engineering: retain applicable full texts; see IE-RES-T036-CURRENT-USE-RIGHTS-20261006 and IE-RES-T036-COMPLY-20261006; actual distribution drift reopens scope
org.codehaus.plexus:plexus-utils:4.0.2	8957274e75fe2c278b1428dd16a0daeee1dd38152cb6eff816177ac28fccb697	plugin-acquisition-maven-compiler-plugin;plugin-realm-maven-compiler-plugin	ABSENT	ABSENT	BUILD_TEST_CORE_ACQUISITION_NOT_APPLICATION_PAYLOAD	Apache-2.0 + ExtremeLab-1.1.1 + BSD-2-Clause Javolution + BSD-3-Clause ThoughtWorks	APPROVED-WITH-OBLIGATIONS; current PH1 use under 2026-10-06 human decision	Engineering: retain applicable full texts; see IE-RES-T036-CURRENT-USE-RIGHTS-20261006 and IE-RES-T036-COMPLY-20261006; actual distribution drift reopens scope
org.codehaus.plexus:plexus-xml:3.0.1	c1a510a87a62bd2d74ac1472dd31c3f9e9b0b8b8568f37d77c0f135415bebd05	plugin-acquisition-maven-compiler-plugin;plugin-realm-maven-compiler-plugin	ABSENT	ABSENT	BUILD_TEST_CORE_ACQUISITION_NOT_APPLICATION_PAYLOAD	Apache-2.0 + ExtremeLab-1.1.1 + BSD-2-Clause Javolution + BSD-3-Clause ThoughtWorks	APPROVED-WITH-OBLIGATIONS; current PH1 use under 2026-10-06 human decision	Engineering: retain applicable full texts; see IE-RES-T036-CURRENT-USE-RIGHTS-20261006 and IE-RES-T036-COMPLY-20261006; actual distribution drift reopens scope
org.eclipse.sisu:org.eclipse.sisu.plexus:0.9.0.M4	b90579bc652eac7331436e0a25533fce14130b9c6e015f2dd3a3d4bb07e942b7	plugin-acquisition-maven-resources-plugin	ABSENT	ABSENT	BUILD_TEST_CORE_ACQUISITION_NOT_APPLICATION_PAYLOAD	EPL-2.0	APPROVED-WITH-OBLIGATIONS; current PH1 use under 2026-10-06 human decision	Engineering: retain applicable full texts; see IE-RES-T036-CURRENT-USE-RIGHTS-20261006 and IE-RES-T036-COMPLY-20261006; actual distribution drift reopens scope
org.jspecify:jspecify:1.0.0	1fad6e6be7557781e4d33729d49ae1cdc8fdda6fe477bb0cc68ce351eafdfbab	provider-alignment	ABSENT	ABSENT	BUILD_TEST_CORE_ACQUISITION_NOT_APPLICATION_PAYLOAD	Apache-2.0	APPROVED-WITH-OBLIGATIONS; current PH1 use under 2026-10-06 human decision	Engineering: retain applicable full texts; see IE-RES-T036-CURRENT-USE-RIGHTS-20261006 and IE-RES-T036-COMPLY-20261006; actual distribution drift reopens scope
org.junit.platform:junit-platform-commons:1.12.2	e683a01e85dfabea520c056ac6015a6162756e602ec653c0da85e233f0afbc18	provider-acquisition	ABSENT	ABSENT	BUILD_TEST_CORE_ACQUISITION_NOT_APPLICATION_PAYLOAD	EPL-2.0	APPROVED-WITH-OBLIGATIONS; current PH1 use under 2026-10-06 human decision	Engineering: retain applicable full texts; see IE-RES-T036-CURRENT-USE-RIGHTS-20261006 and IE-RES-T036-COMPLY-20261006; actual distribution drift reopens scope
org.junit.platform:junit-platform-commons:6.0.3	39f262d09c3d52719fe0b77f080e90a3695e285d779a41b232e17963ae5da200	server-test;provider-alignment	ABSENT	ABSENT	BUILD_TEST_CORE_ACQUISITION_NOT_APPLICATION_PAYLOAD	EPL-2.0	APPROVED-WITH-OBLIGATIONS; current PH1 use under 2026-10-06 human decision	Engineering: retain applicable full texts; see IE-RES-T036-CURRENT-USE-RIGHTS-20261006 and IE-RES-T036-COMPLY-20261006; actual distribution drift reopens scope
org.junit.platform:junit-platform-engine:1.12.2	cef0efcb5bd2e05e2b808d38bab5c655089c0c3001527376e74cb606a7911ec8	provider-acquisition	ABSENT	ABSENT	BUILD_TEST_CORE_ACQUISITION_NOT_APPLICATION_PAYLOAD	EPL-2.0	APPROVED-WITH-OBLIGATIONS; current PH1 use under 2026-10-06 human decision	Engineering: retain applicable full texts; see IE-RES-T036-CURRENT-USE-RIGHTS-20261006 and IE-RES-T036-COMPLY-20261006; actual distribution drift reopens scope
org.junit.platform:junit-platform-engine:6.0.3	491e9e4f745f161b8a8e4186a1a7c6a450ea12c70930c9aedae427215301d947	server-test;provider-alignment	ABSENT	ABSENT	BUILD_TEST_CORE_ACQUISITION_NOT_APPLICATION_PAYLOAD	EPL-2.0	APPROVED-WITH-OBLIGATIONS; current PH1 use under 2026-10-06 human decision	Engineering: retain applicable full texts; see IE-RES-T036-CURRENT-USE-RIGHTS-20261006 and IE-RES-T036-COMPLY-20261006; actual distribution drift reopens scope
org.junit.platform:junit-platform-launcher:1.12.2	dccf2c1fa0a977c53ad094ad859bfdddd524d97594b76307ad787de71985757f	provider-acquisition	ABSENT	ABSENT	BUILD_TEST_CORE_ACQUISITION_NOT_APPLICATION_PAYLOAD	EPL-2.0	APPROVED-WITH-OBLIGATIONS; current PH1 use under 2026-10-06 human decision	Engineering: retain applicable full texts; see IE-RES-T036-CURRENT-USE-RIGHTS-20261006 and IE-RES-T036-COMPLY-20261006; actual distribution drift reopens scope
org.junit.platform:junit-platform-launcher:6.0.3	315608372e4dc44bca0ccb3ae8a07ecc206b3367033fa05748a03ccd563f1301	provider-alignment	ABSENT	ABSENT	BUILD_TEST_CORE_ACQUISITION_NOT_APPLICATION_PAYLOAD	EPL-2.0	APPROVED-WITH-OBLIGATIONS; current PH1 use under 2026-10-06 human decision	Engineering: retain applicable full texts; see IE-RES-T036-CURRENT-USE-RIGHTS-20261006 and IE-RES-T036-COMPLY-20261006; actual distribution drift reopens scope
org.opentest4j:opentest4j:1.3.0	48e2df636cab6563ced64dcdff8abb2355627cb236ef0bf37598682ddf742f1b	server-test;provider-acquisition;provider-alignment	ABSENT	ABSENT	BUILD_TEST_CORE_ACQUISITION_NOT_APPLICATION_PAYLOAD	Apache-2.0	APPROVED-WITH-OBLIGATIONS; current PH1 use under 2026-10-06 human decision	Engineering: retain applicable full texts; see IE-RES-T036-CURRENT-USE-RIGHTS-20261006 and IE-RES-T036-COMPLY-20261006; actual distribution drift reopens scope
org.ow2.asm:asm:9.9.1	6f3828a215c920059a5efa2fb55c233d6c54ec5cadca99ce1b1bdd10077c7ddd	plugin-acquisition-maven-compiler-plugin;plugin-realm-maven-compiler-plugin;plugin-acquisition-maven-surefire-plugin;plugin-realm-maven-surefire-plugin	ABSENT	ABSENT	BUILD_TEST_CORE_ACQUISITION_NOT_APPLICATION_PAYLOAD	BSD-3-Clause	APPROVED-WITH-OBLIGATIONS; current PH1 use under 2026-10-06 human decision	Engineering: retain applicable full texts; see IE-RES-T036-CURRENT-USE-RIGHTS-20261006 and IE-RES-T036-COMPLY-20261006; actual distribution drift reopens scope
org.slf4j:slf4j-api:1.7.36	d3ef575e3e4979678dc01bf1dcce51021493b4d11fb7f1be8ad982877c16a1c0	plugin-acquisition-maven-resources-plugin;plugin-acquisition-maven-compiler-plugin;plugin-acquisition-maven-surefire-plugin	ABSENT	ABSENT	BUILD_TEST_CORE_ACQUISITION_NOT_APPLICATION_PAYLOAD	MIT	APPROVED-WITH-OBLIGATIONS; current PH1 use under 2026-10-06 human decision	Engineering: retain applicable full texts; see IE-RES-T036-CURRENT-USE-RIGHTS-20261006 and IE-RES-T036-COMPLY-20261006; actual distribution drift reopens scope
org.sonatype.plexus:plexus-build-api:0.0.7	934171640fbd3d2495c50b79b0d9adb11e2c83e65bad157df8fe34bcac0ff798	plugin-acquisition-maven-resources-plugin;plugin-realm-maven-resources-plugin	ABSENT	ABSENT	BUILD_TEST_CORE_ACQUISITION_NOT_APPLICATION_PAYLOAD	Apache-2.0	APPROVED-WITH-OBLIGATIONS; current PH1 use under 2026-10-06 human decision	Engineering: retain applicable full texts; see IE-RES-T036-CURRENT-USE-RIGHTS-20261006 and IE-RES-T036-COMPLY-20261006; actual distribution drift reopens scope
aopalliance:aopalliance:1.0	0addec670fedcd3f113c5c8091d783280d23f75e3acb841b61a9cdb079376a08	maven-core-distribution	ABSENT	ABSENT	BUILD_TEST_CORE_ACQUISITION_NOT_APPLICATION_PAYLOAD	PD	APPROVED-WITH-OBLIGATIONS; current PH1 use under 2026-10-06 human decision	Engineering: retain applicable full texts; see IE-RES-T036-CURRENT-USE-RIGHTS-20261006 and IE-RES-T036-COMPLY-20261006; actual distribution drift reopens scope
org.ow2.asm:asm:9.9.1	6f3828a215c920059a5efa2fb55c233d6c54ec5cadca99ce1b1bdd10077c7ddd	maven-core-distribution	ABSENT	ABSENT	BUILD_TEST_CORE_ACQUISITION_NOT_APPLICATION_PAYLOAD	BSD3	APPROVED-WITH-OBLIGATIONS; current PH1 use under 2026-10-06 human decision	Engineering: retain applicable full texts; see IE-RES-T036-CURRENT-USE-RIGHTS-20261006 and IE-RES-T036-COMPLY-20261006; actual distribution drift reopens scope
commons-cli:commons-cli:1.11.0	8f7f8605d68e15bf32db61ec94eac6fdafc51b1bdbe1e0e0802b57d23f387792	maven-core-distribution	ABSENT	ABSENT	BUILD_TEST_CORE_ACQUISITION_NOT_APPLICATION_PAYLOAD	AP2	APPROVED-WITH-OBLIGATIONS; current PH1 use under 2026-10-06 human decision	Engineering: retain applicable full texts; see IE-RES-T036-CURRENT-USE-RIGHTS-20261006 and IE-RES-T036-COMPLY-20261006; actual distribution drift reopens scope
commons-codec:commons-codec:1.21.0	4da851cb6abfb98bfe9eb77c5e5fc47f5414fa28b94e21b7fd9a646705dc167f	maven-core-distribution	ABSENT	ABSENT	BUILD_TEST_CORE_ACQUISITION_NOT_APPLICATION_PAYLOAD	AP2	APPROVED-WITH-OBLIGATIONS; current PH1 use under 2026-10-06 human decision	Engineering: retain applicable full texts; see IE-RES-T036-CURRENT-USE-RIGHTS-20261006 and IE-RES-T036-COMPLY-20261006; actual distribution drift reopens scope
com.google.errorprone:error_prone_annotations:2.41.0	a56e782b5b50811ac204073a355a21d915a2107fce13ec711331ad036f660fcc	maven-core-distribution	ABSENT	ABSENT	BUILD_TEST_CORE_ACQUISITION_NOT_APPLICATION_PAYLOAD	AP2	APPROVED-WITH-OBLIGATIONS; current PH1 use under 2026-10-06 human decision	Engineering: retain applicable full texts; see IE-RES-T036-CURRENT-USE-RIGHTS-20261006 and IE-RES-T036-COMPLY-20261006; actual distribution drift reopens scope
com.google.guava:failureaccess:1.0.3	cbfc3906b19b8f55dd7cfd6dfe0aa4532e834250d7f080bd8d211a3e246b59cb	maven-core-distribution	ABSENT	ABSENT	BUILD_TEST_CORE_ACQUISITION_NOT_APPLICATION_PAYLOAD	AP2	APPROVED-WITH-OBLIGATIONS; current PH1 use under 2026-10-06 human decision	Engineering: retain applicable full texts; see IE-RES-T036-CURRENT-USE-RIGHTS-20261006 and IE-RES-T036-COMPLY-20261006; actual distribution drift reopens scope
com.google.code.gson:gson:2.13.2	dd0ce1b55a3ed2080cb70f9c655850cda86c206862310009dcb5e5c95265a5e0	maven-core-distribution	ABSENT	ABSENT	BUILD_TEST_CORE_ACQUISITION_NOT_APPLICATION_PAYLOAD	AP2	APPROVED-WITH-OBLIGATIONS; current PH1 use under 2026-10-06 human decision	Engineering: retain applicable full texts; see IE-RES-T036-CURRENT-USE-RIGHTS-20261006 and IE-RES-T036-COMPLY-20261006; actual distribution drift reopens scope
com.google.guava:guava:33.6.0-jre	dc573e1fca4fd5454f4a5fd3d7da2df03002876a4175bafc14a95980dd7713b3	maven-core-distribution	ABSENT	ABSENT	BUILD_TEST_CORE_ACQUISITION_NOT_APPLICATION_PAYLOAD	AP2	APPROVED-WITH-OBLIGATIONS; current PH1 use under 2026-10-06 human decision	Engineering: retain applicable full texts; see IE-RES-T036-CURRENT-USE-RIGHTS-20261006 and IE-RES-T036-COMPLY-20261006; actual distribution drift reopens scope
com.google.inject:guice:5.1.0	142ad4475e19524d2fe3ac995b3f7cbc962fc726f2edb9dbdccc61feab9b2bf9	maven-core-distribution	ABSENT	ABSENT	BUILD_TEST_CORE_ACQUISITION_NOT_APPLICATION_PAYLOAD	AP2	APPROVED-WITH-OBLIGATIONS; current PH1 use under 2026-10-06 human decision	Engineering: retain applicable full texts; see IE-RES-T036-CURRENT-USE-RIGHTS-20261006 and IE-RES-T036-COMPLY-20261006; actual distribution drift reopens scope
org.apache.httpcomponents:httpclient:4.5.14	c8bc7e1c51a6d4ce72f40d2ebbabf1c4b68bfe76e732104b04381b493478e9d6	maven-core-distribution	ABSENT	ABSENT	BUILD_TEST_CORE_ACQUISITION_NOT_APPLICATION_PAYLOAD	AP2	APPROVED-WITH-OBLIGATIONS; current PH1 use under 2026-10-06 human decision	Engineering: retain applicable full texts; see IE-RES-T036-CURRENT-USE-RIGHTS-20261006 and IE-RES-T036-COMPLY-20261006; actual distribution drift reopens scope
org.apache.httpcomponents:httpcore:4.4.16	6c9b3dd142a09dc468e23ad39aad6f75a0f2b85125104469f026e52a474e464f	maven-core-distribution	ABSENT	ABSENT	BUILD_TEST_CORE_ACQUISITION_NOT_APPLICATION_PAYLOAD	AP2	APPROVED-WITH-OBLIGATIONS; current PH1 use under 2026-10-06 human decision	Engineering: retain applicable full texts; see IE-RES-T036-CURRENT-USE-RIGHTS-20261006 and IE-RES-T036-COMPLY-20261006; actual distribution drift reopens scope
org.fusesource.jansi:jansi:2.4.3	ec168cf31c4c3849348dfff7a04e90170615f7784f1255ee6747b98a854c04c5	maven-core-distribution	ABSENT	ABSENT	BUILD_TEST_CORE_ACQUISITION_NOT_APPLICATION_PAYLOAD	AP2	APPROVED-WITH-OBLIGATIONS; current PH1 use under 2026-10-06 human decision	Engineering: retain applicable full texts; see IE-RES-T036-CURRENT-USE-RIGHTS-20261006 and IE-RES-T036-COMPLY-20261006; actual distribution drift reopens scope
javax.annotation:javax.annotation-api:1.3.2	e04ba5195bcd555dc95650f7cc614d151e4bcd52d29a10b8aa2197f3ab89ab9b	maven-core-distribution	ABSENT	ABSENT	BUILD_TEST_CORE_ACQUISITION_NOT_APPLICATION_PAYLOAD	CDDL_GPL_CE	APPROVED-WITH-OBLIGATIONS; current PH1 use under 2026-10-06 human decision	Engineering: retain applicable full texts; see IE-RES-T036-CURRENT-USE-RIGHTS-20261006 and IE-RES-T036-COMPLY-20261006; actual distribution drift reopens scope
javax.inject:javax.inject:1	91c77044a50c481636c32d916fd89c9118a72195390452c81065080f957de7ff	maven-core-distribution	ABSENT	ABSENT	BUILD_TEST_CORE_ACQUISITION_NOT_APPLICATION_PAYLOAD	AP2	APPROVED-WITH-OBLIGATIONS; current PH1 use under 2026-10-06 human decision	Engineering: retain applicable full texts; see IE-RES-T036-CURRENT-USE-RIGHTS-20261006 and IE-RES-T036-COMPLY-20261006; actual distribution drift reopens scope
org.slf4j:jcl-over-slf4j:1.7.36	ab57ca8fd223772c17365d121f59e94ecbf0ae59d08c03a3cb5b81071c019195	maven-core-distribution	ABSENT	ABSENT	BUILD_TEST_CORE_ACQUISITION_NOT_APPLICATION_PAYLOAD	AP2	APPROVED-WITH-OBLIGATIONS; current PH1 use under 2026-10-06 human decision	Engineering: retain applicable full texts; see IE-RES-T036-CURRENT-USE-RIGHTS-20261006 and IE-RES-T036-COMPLY-20261006; actual distribution drift reopens scope
org.jspecify:jspecify:1.0.0	1fad6e6be7557781e4d33729d49ae1cdc8fdda6fe477bb0cc68ce351eafdfbab	maven-core-distribution	ABSENT	ABSENT	BUILD_TEST_CORE_ACQUISITION_NOT_APPLICATION_PAYLOAD	AP2	APPROVED-WITH-OBLIGATIONS; current PH1 use under 2026-10-06 human decision	Engineering: retain applicable full texts; see IE-RES-T036-CURRENT-USE-RIGHTS-20261006 and IE-RES-T036-COMPLY-20261006; actual distribution drift reopens scope
org.apache.maven:maven-artifact:3.9.16	54cc1c1ef932e3d4a903352111b42b4d3c3ed8e7a1d0de73b625309d9c3ad3e8	maven-core-distribution	ABSENT	ABSENT	BUILD_TEST_CORE_ACQUISITION_NOT_APPLICATION_PAYLOAD	AP2	APPROVED-WITH-OBLIGATIONS; current PH1 use under 2026-10-06 human decision	Engineering: retain applicable full texts; see IE-RES-T036-CURRENT-USE-RIGHTS-20261006 and IE-RES-T036-COMPLY-20261006; actual distribution drift reopens scope
org.apache.maven:maven-builder-support:3.9.16	02972384eae3495801565fd27abb84cfd75a8e6d2cbb1ae0c556752ebc2b1cde	maven-core-distribution	ABSENT	ABSENT	BUILD_TEST_CORE_ACQUISITION_NOT_APPLICATION_PAYLOAD	AP2	APPROVED-WITH-OBLIGATIONS; current PH1 use under 2026-10-06 human decision	Engineering: retain applicable full texts; see IE-RES-T036-CURRENT-USE-RIGHTS-20261006 and IE-RES-T036-COMPLY-20261006; actual distribution drift reopens scope
org.apache.maven:maven-compat:3.9.16	69ea74479f87457d29bfdecf11e1470ad95300b06be16f4c8ddcf5bd3627f4dc	maven-core-distribution	ABSENT	ABSENT	BUILD_TEST_CORE_ACQUISITION_NOT_APPLICATION_PAYLOAD	AP2	APPROVED-WITH-OBLIGATIONS; current PH1 use under 2026-10-06 human decision	Engineering: retain applicable full texts; see IE-RES-T036-CURRENT-USE-RIGHTS-20261006 and IE-RES-T036-COMPLY-20261006; actual distribution drift reopens scope
org.apache.maven:maven-core:3.9.16	5d45c72e3dbfab8b68d15ad4f12777b7d9b5fe4d4adc99c3bd51fb9641fab009	maven-core-distribution	ABSENT	ABSENT	BUILD_TEST_CORE_ACQUISITION_NOT_APPLICATION_PAYLOAD	AP2	APPROVED-WITH-OBLIGATIONS; current PH1 use under 2026-10-06 human decision	Engineering: retain applicable full texts; see IE-RES-T036-CURRENT-USE-RIGHTS-20261006 and IE-RES-T036-COMPLY-20261006; actual distribution drift reopens scope
org.apache.maven:maven-embedder:3.9.16	a99aaac6ecb1b98d0f3b3ba18c16a122fc503412222055639a3eb4cbe458313b	maven-core-distribution	ABSENT	ABSENT	BUILD_TEST_CORE_ACQUISITION_NOT_APPLICATION_PAYLOAD	AP2	APPROVED-WITH-OBLIGATIONS; current PH1 use under 2026-10-06 human decision	Engineering: retain applicable full texts; see IE-RES-T036-CURRENT-USE-RIGHTS-20261006 and IE-RES-T036-COMPLY-20261006; actual distribution drift reopens scope
org.apache.maven:maven-model:3.9.16	f59d86a507c241bf17bbf050050d1b8b9c0d34d5010a7e2386c3cab7c83b93de	maven-core-distribution	ABSENT	ABSENT	BUILD_TEST_CORE_ACQUISITION_NOT_APPLICATION_PAYLOAD	AP2	APPROVED-WITH-OBLIGATIONS; current PH1 use under 2026-10-06 human decision	Engineering: retain applicable full texts; see IE-RES-T036-CURRENT-USE-RIGHTS-20261006 and IE-RES-T036-COMPLY-20261006; actual distribution drift reopens scope
org.apache.maven:maven-model-builder:3.9.16	002be86d1f53b36f559a0786034a17598d71087f1935f205a1f9e51d4dd124b3	maven-core-distribution	ABSENT	ABSENT	BUILD_TEST_CORE_ACQUISITION_NOT_APPLICATION_PAYLOAD	AP2	APPROVED-WITH-OBLIGATIONS; current PH1 use under 2026-10-06 human decision	Engineering: retain applicable full texts; see IE-RES-T036-CURRENT-USE-RIGHTS-20261006 and IE-RES-T036-COMPLY-20261006; actual distribution drift reopens scope
org.apache.maven:maven-plugin-api:3.9.16	37cb5e483e23327cf4ba18f920b45e000d20eec0428a086a5c1bd6bbdecf088c	maven-core-distribution	ABSENT	ABSENT	BUILD_TEST_CORE_ACQUISITION_NOT_APPLICATION_PAYLOAD	AP2	APPROVED-WITH-OBLIGATIONS; current PH1 use under 2026-10-06 human decision	Engineering: retain applicable full texts; see IE-RES-T036-CURRENT-USE-RIGHTS-20261006 and IE-RES-T036-COMPLY-20261006; actual distribution drift reopens scope
org.apache.maven:maven-repository-metadata:3.9.16	bc3dd413b89a16b695f35a5d0496b58ea2787c30b7b6062c130d24d6d764720f	maven-core-distribution	ABSENT	ABSENT	BUILD_TEST_CORE_ACQUISITION_NOT_APPLICATION_PAYLOAD	AP2	APPROVED-WITH-OBLIGATIONS; current PH1 use under 2026-10-06 human decision	Engineering: retain applicable full texts; see IE-RES-T036-CURRENT-USE-RIGHTS-20261006 and IE-RES-T036-COMPLY-20261006; actual distribution drift reopens scope
org.apache.maven.resolver:maven-resolver-api:1.9.27	a895d222283666a7320ddc76615e2e93a41fabd93ce9a6bf9ddee39272bb87b4	maven-core-distribution	ABSENT	ABSENT	BUILD_TEST_CORE_ACQUISITION_NOT_APPLICATION_PAYLOAD	AP2	APPROVED-WITH-OBLIGATIONS; current PH1 use under 2026-10-06 human decision	Engineering: retain applicable full texts; see IE-RES-T036-CURRENT-USE-RIGHTS-20261006 and IE-RES-T036-COMPLY-20261006; actual distribution drift reopens scope
org.apache.maven.resolver:maven-resolver-connector-basic:1.9.27	3bd98e3a426f9adcae39e3786db229e2be77e08a743ecd9be15c5ed77be3a625	maven-core-distribution	ABSENT	ABSENT	BUILD_TEST_CORE_ACQUISITION_NOT_APPLICATION_PAYLOAD	AP2	APPROVED-WITH-OBLIGATIONS; current PH1 use under 2026-10-06 human decision	Engineering: retain applicable full texts; see IE-RES-T036-CURRENT-USE-RIGHTS-20261006 and IE-RES-T036-COMPLY-20261006; actual distribution drift reopens scope
org.apache.maven.resolver:maven-resolver-impl:1.9.27	295d48ea2a8bb3aef51888967f105fb6251997d111f13c32d28919fd9b1c951e	maven-core-distribution	ABSENT	ABSENT	BUILD_TEST_CORE_ACQUISITION_NOT_APPLICATION_PAYLOAD	AP2	APPROVED-WITH-OBLIGATIONS; current PH1 use under 2026-10-06 human decision	Engineering: retain applicable full texts; see IE-RES-T036-CURRENT-USE-RIGHTS-20261006 and IE-RES-T036-COMPLY-20261006; actual distribution drift reopens scope
org.apache.maven.resolver:maven-resolver-named-locks:1.9.27	b39ecd4da98fdac5068e6f5d16910a71f4e4d48e95e17d107f6603e18f2b3fdf	maven-core-distribution	ABSENT	ABSENT	BUILD_TEST_CORE_ACQUISITION_NOT_APPLICATION_PAYLOAD	AP2	APPROVED-WITH-OBLIGATIONS; current PH1 use under 2026-10-06 human decision	Engineering: retain applicable full texts; see IE-RES-T036-CURRENT-USE-RIGHTS-20261006 and IE-RES-T036-COMPLY-20261006; actual distribution drift reopens scope
org.apache.maven:maven-resolver-provider:3.9.16	72a2d6aad3708e2c708b659b292ae9587a4d170ec88f48466290318730221118	maven-core-distribution	ABSENT	ABSENT	BUILD_TEST_CORE_ACQUISITION_NOT_APPLICATION_PAYLOAD	AP2	APPROVED-WITH-OBLIGATIONS; current PH1 use under 2026-10-06 human decision	Engineering: retain applicable full texts; see IE-RES-T036-CURRENT-USE-RIGHTS-20261006 and IE-RES-T036-COMPLY-20261006; actual distribution drift reopens scope
org.apache.maven.resolver:maven-resolver-spi:1.9.27	1cab02f45bc58d5f4d8e084eaf032f13ea1a5fc9021d8bd74f8360ebb6593e5a	maven-core-distribution	ABSENT	ABSENT	BUILD_TEST_CORE_ACQUISITION_NOT_APPLICATION_PAYLOAD	AP2	APPROVED-WITH-OBLIGATIONS; current PH1 use under 2026-10-06 human decision	Engineering: retain applicable full texts; see IE-RES-T036-CURRENT-USE-RIGHTS-20261006 and IE-RES-T036-COMPLY-20261006; actual distribution drift reopens scope
org.apache.maven.resolver:maven-resolver-transport-file:1.9.27	3988261bd31e2e79eda802b3971992fce44756b0029557a05c7b871d3c3ddef7	maven-core-distribution	ABSENT	ABSENT	BUILD_TEST_CORE_ACQUISITION_NOT_APPLICATION_PAYLOAD	AP2	APPROVED-WITH-OBLIGATIONS; current PH1 use under 2026-10-06 human decision	Engineering: retain applicable full texts; see IE-RES-T036-CURRENT-USE-RIGHTS-20261006 and IE-RES-T036-COMPLY-20261006; actual distribution drift reopens scope
org.apache.maven.resolver:maven-resolver-transport-http:1.9.27	723f3d9d717a693d0aac589e266b995f76e9c63edd48ecc8a0cf9e86a77e459c	maven-core-distribution	ABSENT	ABSENT	BUILD_TEST_CORE_ACQUISITION_NOT_APPLICATION_PAYLOAD	AP2	APPROVED-WITH-OBLIGATIONS; current PH1 use under 2026-10-06 human decision	Engineering: retain applicable full texts; see IE-RES-T036-CURRENT-USE-RIGHTS-20261006 and IE-RES-T036-COMPLY-20261006; actual distribution drift reopens scope
org.apache.maven.resolver:maven-resolver-transport-wagon:1.9.27	ddf1c8744f7ef50d8ab78526611b690ab1da0e9ad8d99f72d9dbe1b259aa9a8b	maven-core-distribution	ABSENT	ABSENT	BUILD_TEST_CORE_ACQUISITION_NOT_APPLICATION_PAYLOAD	AP2	APPROVED-WITH-OBLIGATIONS; current PH1 use under 2026-10-06 human decision	Engineering: retain applicable full texts; see IE-RES-T036-CURRENT-USE-RIGHTS-20261006 and IE-RES-T036-COMPLY-20261006; actual distribution drift reopens scope
org.apache.maven.resolver:maven-resolver-util:1.9.27	74a12548f0d6aad13c728666288c1e81201c24bd05bb4e4ec8c1558517b379a7	maven-core-distribution	ABSENT	ABSENT	BUILD_TEST_CORE_ACQUISITION_NOT_APPLICATION_PAYLOAD	AP2	APPROVED-WITH-OBLIGATIONS; current PH1 use under 2026-10-06 human decision	Engineering: retain applicable full texts; see IE-RES-T036-CURRENT-USE-RIGHTS-20261006 and IE-RES-T036-COMPLY-20261006; actual distribution drift reopens scope
org.apache.maven:maven-settings:3.9.16	322ae5b23f4b7b6ce7896bd33a793143dbbbbcc16c4475e2d7eebbd8f755da92	maven-core-distribution	ABSENT	ABSENT	BUILD_TEST_CORE_ACQUISITION_NOT_APPLICATION_PAYLOAD	AP2	APPROVED-WITH-OBLIGATIONS; current PH1 use under 2026-10-06 human decision	Engineering: retain applicable full texts; see IE-RES-T036-CURRENT-USE-RIGHTS-20261006 and IE-RES-T036-COMPLY-20261006; actual distribution drift reopens scope
org.apache.maven:maven-settings-builder:3.9.16	226f1cbb0b4d414eff773fb151a8977837c98073e14d5963794e6cf464e6adbb	maven-core-distribution	ABSENT	ABSENT	BUILD_TEST_CORE_ACQUISITION_NOT_APPLICATION_PAYLOAD	AP2	APPROVED-WITH-OBLIGATIONS; current PH1 use under 2026-10-06 human decision	Engineering: retain applicable full texts; see IE-RES-T036-CURRENT-USE-RIGHTS-20261006 and IE-RES-T036-COMPLY-20261006; actual distribution drift reopens scope
org.apache.maven.shared:maven-shared-utils:3.4.2	b613357e1bad4dfc1dead801691c9460f9585fe7c6b466bc25186212d7d18487	maven-core-distribution	ABSENT	ABSENT	BUILD_TEST_CORE_ACQUISITION_NOT_APPLICATION_PAYLOAD	AP2	APPROVED-WITH-OBLIGATIONS; current PH1 use under 2026-10-06 human decision	Engineering: retain applicable full texts; see IE-RES-T036-CURRENT-USE-RIGHTS-20261006 and IE-RES-T036-COMPLY-20261006; actual distribution drift reopens scope
org.apache.maven:maven-slf4j-provider:3.9.16	a435cb0fdfc9c906bdc1ef72f043f59fef23dfd0db5beb5dd1e17a0a07f99d52	maven-core-distribution	ABSENT	ABSENT	BUILD_TEST_CORE_ACQUISITION_NOT_APPLICATION_PAYLOAD	AP2	APPROVED-WITH-OBLIGATIONS; current PH1 use under 2026-10-06 human decision	Engineering: retain applicable full texts; see IE-RES-T036-CURRENT-USE-RIGHTS-20261006 and IE-RES-T036-COMPLY-20261006; actual distribution drift reopens scope
org.eclipse.sisu:org.eclipse.sisu.inject:1.0.0	3ab8d7bfe68f3b6ec95c1a0a47e628edbc9d76e90634cb0a0ba121fbb11b8e42	maven-core-distribution	ABSENT	ABSENT	BUILD_TEST_CORE_ACQUISITION_NOT_APPLICATION_PAYLOAD	EPL2	APPROVED-WITH-OBLIGATIONS; current PH1 use under 2026-10-06 human decision	Engineering: retain applicable full texts; see IE-RES-T036-CURRENT-USE-RIGHTS-20261006 and IE-RES-T036-COMPLY-20261006; actual distribution drift reopens scope
org.eclipse.sisu:org.eclipse.sisu.plexus:1.0.0	865b5300034fc08c790215d7d97f141914c932191bef9338a7dcef589f7536e9	maven-core-distribution	ABSENT	ABSENT	BUILD_TEST_CORE_ACQUISITION_NOT_APPLICATION_PAYLOAD	EPL2	APPROVED-WITH-OBLIGATIONS; current PH1 use under 2026-10-06 human decision	Engineering: retain applicable full texts; see IE-RES-T036-CURRENT-USE-RIGHTS-20261006 and IE-RES-T036-COMPLY-20261006; actual distribution drift reopens scope
org.codehaus.plexus:plexus-cipher:2.0	9a7f1b5c5a9effd61eadfd8731452a2f76a8e79111fac391ef75ea801bea203a	maven-core-distribution	ABSENT	ABSENT	BUILD_TEST_CORE_ACQUISITION_NOT_APPLICATION_PAYLOAD	AP2	APPROVED-WITH-OBLIGATIONS; current PH1 use under 2026-10-06 human decision	Engineering: retain applicable full texts; see IE-RES-T036-CURRENT-USE-RIGHTS-20261006 and IE-RES-T036-COMPLY-20261006; actual distribution drift reopens scope
org.codehaus.plexus:plexus-component-annotations:2.2.0	50edb93c73786e62822b4fe1336e22880fdf147191373cf5c911370e16748fcf	maven-core-distribution	ABSENT	ABSENT	BUILD_TEST_CORE_ACQUISITION_NOT_APPLICATION_PAYLOAD	AP2	APPROVED-WITH-OBLIGATIONS; current PH1 use under 2026-10-06 human decision	Engineering: retain applicable full texts; see IE-RES-T036-CURRENT-USE-RIGHTS-20261006 and IE-RES-T036-COMPLY-20261006; actual distribution drift reopens scope
org.codehaus.plexus:plexus-interpolation:1.29	088d444dbcedfb384630d8686697ece3c401d6f33c8f8b3aa7259ea1c6996878	maven-core-distribution	ABSENT	ABSENT	BUILD_TEST_CORE_ACQUISITION_NOT_APPLICATION_PAYLOAD	Apache-2.0 distributor component coverage + four retained Apache-1.1 legacy grants; explicit coverage inference in current-use rights section 3	APPROVED-WITH-OBLIGATIONS; current PH1 use under 2026-10-06 human decision	Engineering: retain applicable full texts; see IE-RES-T036-CURRENT-USE-RIGHTS-20261006 and IE-RES-T036-COMPLY-20261006; actual distribution drift reopens scope
org.codehaus.plexus:plexus-sec-dispatcher:2.0	873139960c4c780176dda580b003a2c4bf82188bdce5bb99234e224ef7acfceb	maven-core-distribution	ABSENT	ABSENT	BUILD_TEST_CORE_ACQUISITION_NOT_APPLICATION_PAYLOAD	AP2	APPROVED-WITH-OBLIGATIONS; current PH1 use under 2026-10-06 human decision	Engineering: retain applicable full texts; see IE-RES-T036-CURRENT-USE-RIGHTS-20261006 and IE-RES-T036-COMPLY-20261006; actual distribution drift reopens scope
org.codehaus.plexus:plexus-utils:3.6.1	05a63effd67e2d6b9d610cc82e2bd7473289d34802e57a529b28110f28af5679	maven-core-distribution	ABSENT	ABSENT	BUILD_TEST_CORE_ACQUISITION_NOT_APPLICATION_PAYLOAD	AP2_EXTREME_JAVOLUTION_THOUGHTWORKS	APPROVED-WITH-OBLIGATIONS; current PH1 use under 2026-10-06 human decision	Engineering: retain applicable full texts; see IE-RES-T036-CURRENT-USE-RIGHTS-20261006 and IE-RES-T036-COMPLY-20261006; actual distribution drift reopens scope
org.slf4j:slf4j-api:1.7.36	d3ef575e3e4979678dc01bf1dcce51021493b4d11fb7f1be8ad982877c16a1c0	maven-core-distribution	ABSENT	ABSENT	BUILD_TEST_CORE_ACQUISITION_NOT_APPLICATION_PAYLOAD	MIT	APPROVED-WITH-OBLIGATIONS; current PH1 use under 2026-10-06 human decision	Engineering: retain applicable full texts; see IE-RES-T036-CURRENT-USE-RIGHTS-20261006 and IE-RES-T036-COMPLY-20261006; actual distribution drift reopens scope
org.apache.maven.wagon:wagon-file:3.5.3	afc9216fa97b78dad227b4a8d4d67b9897bf113a57f80598d62993841113e103	maven-core-distribution	ABSENT	ABSENT	BUILD_TEST_CORE_ACQUISITION_NOT_APPLICATION_PAYLOAD	AP2	APPROVED-WITH-OBLIGATIONS; current PH1 use under 2026-10-06 human decision	Engineering: retain applicable full texts; see IE-RES-T036-CURRENT-USE-RIGHTS-20261006 and IE-RES-T036-COMPLY-20261006; actual distribution drift reopens scope
org.apache.maven.wagon:wagon-http:3.5.3	d2b6e48c9fcbe579e1858c622d14464011ff265fa6e28e794004a6882154a509	maven-core-distribution	ABSENT	ABSENT	BUILD_TEST_CORE_ACQUISITION_NOT_APPLICATION_PAYLOAD	AP2	APPROVED-WITH-OBLIGATIONS; current PH1 use under 2026-10-06 human decision	Engineering: retain applicable full texts; see IE-RES-T036-CURRENT-USE-RIGHTS-20261006 and IE-RES-T036-COMPLY-20261006; actual distribution drift reopens scope
org.apache.maven.wagon:wagon-http-shared:3.5.3	8e7da766f55164fde8779aaaa125832506c2848cab4876b5305138873e28037f	maven-core-distribution	ABSENT	ABSENT	BUILD_TEST_CORE_ACQUISITION_NOT_APPLICATION_PAYLOAD	AP2	APPROVED-WITH-OBLIGATIONS; current PH1 use under 2026-10-06 human decision	Engineering: retain applicable full texts; see IE-RES-T036-CURRENT-USE-RIGHTS-20261006 and IE-RES-T036-COMPLY-20261006; actual distribution drift reopens scope
org.apache.maven.wagon:wagon-provider-api:3.5.3	5e72000338945ed3e96f8e4f578d1d0672e1af7e19c0e9014197ae5b31af3ef4	maven-core-distribution	ABSENT	ABSENT	BUILD_TEST_CORE_ACQUISITION_NOT_APPLICATION_PAYLOAD	AP2	APPROVED-WITH-OBLIGATIONS; current PH1 use under 2026-10-06 human decision	Engineering: retain applicable full texts; see IE-RES-T036-CURRENT-USE-RIGHTS-20261006 and IE-RES-T036-COMPLY-20261006; actual distribution drift reopens scope
org.codehaus.plexus:plexus-classworlds:2.11.0	8971f135490070bc5fde7413fcc8db7c997fda4bebfb5c31185900d66edcbbb2	maven-core-distribution	ABSENT	ABSENT	BUILD_TEST_CORE_ACQUISITION_NOT_APPLICATION_PAYLOAD	AP2	APPROVED-WITH-OBLIGATIONS; current PH1 use under 2026-10-06 human decision	Engineering: retain applicable full texts; see IE-RES-T036-CURRENT-USE-RIGHTS-20261006 and IE-RES-T036-COMPLY-20261006; actual distribution drift reopens scope
