name	version	lock_repositories	lock_checksum	scope	publisher_repository	release_tag	source_commit	exact_version_manifest_url	manifest_utf8_sha256	version_verified	grant_status	current_use_disposition	legal_text_urls_sha256_bytes	observed_grants	copyright_notice_observations	gap
anyhow	1.0.102	parcel-bundler/lightningcss	7f202df86484c868dbad7eaa557ef785d5c66295e41b460ef922eca0723b842c	ALL-LOCK-FAMILY-SUPERSET-NOT-COMPILED-SBOM	dtolnay/anyhow	1.0.102	5c657b32522023a9f7ef883fb08582fd8e656b1a	https://raw.githubusercontent.com/dtolnay/anyhow/5c657b32522023a9f7ef883fb08582fd8e656b1a/Cargo.toml	9dd604a6cb912032e6ccd873385b2f3339c46c8ece69f876af4ce535dc20d612	true	EXACT-SOURCE-GRANT-TEXT-OBSERVED	APPROVED-WITH-OBLIGATIONS	https://raw.githubusercontent.com/dtolnay/anyhow/5c657b32522023a9f7ef883fb08582fd8e656b1a/LICENSE-MIT#utf8sha256=23f18e03dc49df91622fe2a76176497404e46ced8a715d9d2b67a7446571cca3;bytes=1023 | https://raw.githubusercontent.com/dtolnay/anyhow/5c657b32522023a9f7ef883fb08582fd8e656b1a/LICENSE-APACHE#utf8sha256=62c7a1e35f56406896d7aa7ca52d0cc0d272ac022b5d2796e7d6905db8a3636a;bytes=9723	MIT;Apache-2.0	NO-NAMED-COPYRIGHT-HOLDER-IN-INSPECTED-LEGAL-TEXT	NONE-RECORDED
anyhow	1.0.104	rolldown/rolldown	330a5ed07fa54e4702c9d6c4174f74427fc0ef6e214bbd677ae50a5099946470	ALL-LOCK-FAMILY-SUPERSET-NOT-COMPILED-SBOM	dtolnay/anyhow	1.0.104	1dbe1862aae650423e3361fbd20b7d17c5109cc3	https://raw.githubusercontent.com/dtolnay/anyhow/1dbe1862aae650423e3361fbd20b7d17c5109cc3/Cargo.toml	1b03bd9d21f63835f0449cf1456e6143a15efd6b7803bc5b7787643db62b6f53	true	EXACT-SOURCE-GRANT-TEXT-OBSERVED	APPROVED-WITH-OBLIGATIONS	https://raw.githubusercontent.com/dtolnay/anyhow/1dbe1862aae650423e3361fbd20b7d17c5109cc3/LICENSE-MIT#utf8sha256=23f18e03dc49df91622fe2a76176497404e46ced8a715d9d2b67a7446571cca3;bytes=1023 | https://raw.githubusercontent.com/dtolnay/anyhow/1dbe1862aae650423e3361fbd20b7d17c5109cc3/LICENSE-APACHE#utf8sha256=62c7a1e35f56406896d7aa7ca52d0cc0d272ac022b5d2796e7d6905db8a3636a;bytes=9723	MIT;Apache-2.0	NO-NAMED-COPYRIGHT-HOLDER-IN-INSPECTED-LEGAL-TEXT	NONE-RECORDED
crossbeam-channel	0.5.14	parcel-bundler/lightningcss	06ba6d68e24814cb8de6bb986db8222d3a027d15872cabc0d18817bc3c0e4471	ALL-LOCK-FAMILY-SUPERSET-NOT-COMPILED-SBOM	crossbeam-rs/crossbeam	crossbeam-channel-0.5.14	ccd83ac4108a2a1b41e9c6e79c87267167d18dfa	https://raw.githubusercontent.com/crossbeam-rs/crossbeam/ccd83ac4108a2a1b41e9c6e79c87267167d18dfa/crossbeam-channel/Cargo.toml	94298c51c4c10bc8462f17e3010bbf0d52af1c25278ed0fa1f5bc6832a972cb5	true	EXACT-SOURCE-GRANT-TEXT-OBSERVED	APPROVED-WITH-OBLIGATIONS	https://raw.githubusercontent.com/crossbeam-rs/crossbeam/ccd83ac4108a2a1b41e9c6e79c87267167d18dfa/LICENSE-MIT#utf8sha256=5734ed989dfca1f625b40281ee9f4530f91b2411ec01cb748223e7eb87e201ab;bytes=1099 | https://raw.githubusercontent.com/crossbeam-rs/crossbeam/ccd83ac4108a2a1b41e9c6e79c87267167d18dfa/LICENSE-APACHE#utf8sha256=6f712474a3e3be1386d2d0c29449850ea788da64d35cff0fc8799acf741e9ecd;bytes=10852	MIT;Apache-2.0	Copyright (c) 2019 The Crossbeam Project Developers | Copyright 2019 The Crossbeam Project Developers	NONE-RECORDED
crossbeam-deque	0.8.6	parcel-bundler/lightningcss	9dd111b7b7f7d55b72c0a6ae361660ee5853c9af73f70c3c2ef6858b950e2e51	ALL-LOCK-FAMILY-SUPERSET-NOT-COMPILED-SBOM	crossbeam-rs/crossbeam	crossbeam-deque-0.8.6	ccd83ac4108a2a1b41e9c6e79c87267167d18dfa	https://raw.githubusercontent.com/crossbeam-rs/crossbeam/ccd83ac4108a2a1b41e9c6e79c87267167d18dfa/crossbeam-deque/Cargo.toml	2b164c815b5ae4e596a6dc8b5f7b99b9eed7681d8b3372267638ac0d73ddcbc5	true	EXACT-SOURCE-GRANT-TEXT-OBSERVED	APPROVED-WITH-OBLIGATIONS	https://raw.githubusercontent.com/crossbeam-rs/crossbeam/ccd83ac4108a2a1b41e9c6e79c87267167d18dfa/LICENSE-MIT#utf8sha256=5734ed989dfca1f625b40281ee9f4530f91b2411ec01cb748223e7eb87e201ab;bytes=1099 | https://raw.githubusercontent.com/crossbeam-rs/crossbeam/ccd83ac4108a2a1b41e9c6e79c87267167d18dfa/LICENSE-APACHE#utf8sha256=6f712474a3e3be1386d2d0c29449850ea788da64d35cff0fc8799acf741e9ecd;bytes=10852	MIT;Apache-2.0	Copyright (c) 2019 The Crossbeam Project Developers | Copyright 2019 The Crossbeam Project Developers	NONE-RECORDED
crossbeam-deque	0.8.7	rolldown/rolldown	5181e0de7b61eb03a81e347d6dd8797bae9da5146707b51077e2d71a54ec0ceb	ALL-LOCK-FAMILY-SUPERSET-NOT-COMPILED-SBOM	crossbeam-rs/crossbeam	crossbeam-deque-0.8.7	9b56303b8aa9ff8ec5bbebb9d2da05e034977889	https://raw.githubusercontent.com/crossbeam-rs/crossbeam/9b56303b8aa9ff8ec5bbebb9d2da05e034977889/crossbeam-deque/Cargo.toml	d1953ec0f0ae5c91d1ec36ca51d1a2669276309b1d75f097e3aae96ac37b51f2	true	EXACT-SOURCE-GRANT-TEXT-OBSERVED	APPROVED-WITH-OBLIGATIONS	https://raw.githubusercontent.com/crossbeam-rs/crossbeam/9b56303b8aa9ff8ec5bbebb9d2da05e034977889/LICENSE-MIT#utf8sha256=5734ed989dfca1f625b40281ee9f4530f91b2411ec01cb748223e7eb87e201ab;bytes=1099 | https://raw.githubusercontent.com/crossbeam-rs/crossbeam/9b56303b8aa9ff8ec5bbebb9d2da05e034977889/LICENSE-APACHE#utf8sha256=6f712474a3e3be1386d2d0c29449850ea788da64d35cff0fc8799acf741e9ecd;bytes=10852	MIT;Apache-2.0	Copyright (c) 2019 The Crossbeam Project Developers | Copyright 2019 The Crossbeam Project Developers	NONE-RECORDED
crossbeam-epoch	0.9.18	parcel-bundler/lightningcss	5b82ac4a3c2ca9c3460964f020e1402edd5753411d7737aa39c3714ad1b5420e	ALL-LOCK-FAMILY-SUPERSET-NOT-COMPILED-SBOM	crossbeam-rs/crossbeam	crossbeam-epoch-0.9.18	9c3182abebb36bdc9446d75d4644190fef70fa01	https://raw.githubusercontent.com/crossbeam-rs/crossbeam/9c3182abebb36bdc9446d75d4644190fef70fa01/crossbeam-epoch/Cargo.toml	b3c80c139498aac55f4caabab81579a87169f6b92156312ebcaec61f5578af9d	true	EXACT-SOURCE-GRANT-TEXT-OBSERVED	APPROVED-WITH-OBLIGATIONS	https://raw.githubusercontent.com/crossbeam-rs/crossbeam/9c3182abebb36bdc9446d75d4644190fef70fa01/LICENSE-MIT#utf8sha256=5734ed989dfca1f625b40281ee9f4530f91b2411ec01cb748223e7eb87e201ab;bytes=1099 | https://raw.githubusercontent.com/crossbeam-rs/crossbeam/9c3182abebb36bdc9446d75d4644190fef70fa01/LICENSE-APACHE#utf8sha256=6f712474a3e3be1386d2d0c29449850ea788da64d35cff0fc8799acf741e9ecd;bytes=10852	MIT;Apache-2.0	Copyright (c) 2019 The Crossbeam Project Developers | Copyright 2019 The Crossbeam Project Developers	NONE-RECORDED
crossbeam-epoch	0.9.20	rolldown/rolldown	2d6914041f254d6e9176c01941b21115dcfb7089e55135a35411081bd106ef3f	ALL-LOCK-FAMILY-SUPERSET-NOT-COMPILED-SBOM	crossbeam-rs/crossbeam	crossbeam-epoch-0.9.20	239bae00257967a109911b9ebe7c0554d6333501	https://raw.githubusercontent.com/crossbeam-rs/crossbeam/239bae00257967a109911b9ebe7c0554d6333501/crossbeam-epoch/Cargo.toml	09f371f8080f375812e8c8a9ead76bb33d85c25e8bacd8c8803eef3f30d047ac	true	EXACT-SOURCE-GRANT-TEXT-OBSERVED	APPROVED-WITH-OBLIGATIONS	https://raw.githubusercontent.com/crossbeam-rs/crossbeam/239bae00257967a109911b9ebe7c0554d6333501/LICENSE-MIT#utf8sha256=5734ed989dfca1f625b40281ee9f4530f91b2411ec01cb748223e7eb87e201ab;bytes=1099 | https://raw.githubusercontent.com/crossbeam-rs/crossbeam/239bae00257967a109911b9ebe7c0554d6333501/LICENSE-APACHE#utf8sha256=6f712474a3e3be1386d2d0c29449850ea788da64d35cff0fc8799acf741e9ecd;bytes=10852	MIT;Apache-2.0	Copyright (c) 2019 The Crossbeam Project Developers | Copyright 2019 The Crossbeam Project Developers	NONE-RECORDED
crossbeam-utils	0.8.21	parcel-bundler/lightningcss	d0a5c400df2834b80a4c3327b3aad3a4c4cd4de0629063962b03235697506a28	ALL-LOCK-FAMILY-SUPERSET-NOT-COMPILED-SBOM	crossbeam-rs/crossbeam	crossbeam-utils-0.8.21	ccd83ac4108a2a1b41e9c6e79c87267167d18dfa	https://raw.githubusercontent.com/crossbeam-rs/crossbeam/ccd83ac4108a2a1b41e9c6e79c87267167d18dfa/crossbeam-utils/Cargo.toml	6697cafee3a273f8c04e25c8606621b2fff8a779e3e1d01f9c08d225a0f36fc5	true	EXACT-SOURCE-GRANT-TEXT-OBSERVED	APPROVED-WITH-OBLIGATIONS	https://raw.githubusercontent.com/crossbeam-rs/crossbeam/ccd83ac4108a2a1b41e9c6e79c87267167d18dfa/LICENSE-MIT#utf8sha256=5734ed989dfca1f625b40281ee9f4530f91b2411ec01cb748223e7eb87e201ab;bytes=1099 | https://raw.githubusercontent.com/crossbeam-rs/crossbeam/ccd83ac4108a2a1b41e9c6e79c87267167d18dfa/LICENSE-APACHE#utf8sha256=6f712474a3e3be1386d2d0c29449850ea788da64d35cff0fc8799acf741e9ecd;bytes=10852	MIT;Apache-2.0	Copyright (c) 2019 The Crossbeam Project Developers | Copyright 2019 The Crossbeam Project Developers	NONE-RECORDED
crossbeam-utils	0.8.22	rolldown/rolldown	61803da095bee82a81bb1a452ecc25d3b2f1416d1897eb86430c6159ef717c17	ALL-LOCK-FAMILY-SUPERSET-NOT-COMPILED-SBOM	crossbeam-rs/crossbeam	crossbeam-utils-0.8.22	9b56303b8aa9ff8ec5bbebb9d2da05e034977889	https://raw.githubusercontent.com/crossbeam-rs/crossbeam/9b56303b8aa9ff8ec5bbebb9d2da05e034977889/crossbeam-utils/Cargo.toml	1b3ac11ed95dd19928c40a212a20875026975f782006c1d58627219b2d6cd35c	true	EXACT-SOURCE-GRANT-TEXT-OBSERVED	APPROVED-WITH-OBLIGATIONS	https://raw.githubusercontent.com/crossbeam-rs/crossbeam/9b56303b8aa9ff8ec5bbebb9d2da05e034977889/LICENSE-MIT#utf8sha256=5734ed989dfca1f625b40281ee9f4530f91b2411ec01cb748223e7eb87e201ab;bytes=1099 | https://raw.githubusercontent.com/crossbeam-rs/crossbeam/9b56303b8aa9ff8ec5bbebb9d2da05e034977889/LICENSE-APACHE#utf8sha256=6f712474a3e3be1386d2d0c29449850ea788da64d35cff0fc8799acf741e9ecd;bytes=10852	MIT;Apache-2.0	Copyright (c) 2019 The Crossbeam Project Developers | Copyright 2019 The Crossbeam Project Developers	NONE-RECORDED
napi	2.16.13	parcel-bundler/lightningcss	214f07a80874bb96a8433b3cdfc84980d56c7b02e1a0d7ba4ba0db5cef785e2b	ALL-LOCK-FAMILY-SUPERSET-NOT-COMPILED-SBOM	napi-rs/napi-rs	napi@2.16.13	39d38278d6b6b44e3cc99cdb97d6abfde46cd573	https://raw.githubusercontent.com/napi-rs/napi-rs/39d38278d6b6b44e3cc99cdb97d6abfde46cd573/crates/napi/Cargo.toml	9d6b6431f43863e5408bab068200d016970d9435ab0c3c847ce77fbab054f888	true	EXACT-SOURCE-GRANT-TEXT-OBSERVED	APPROVED-WITH-OBLIGATIONS	https://raw.githubusercontent.com/napi-rs/napi-rs/39d38278d6b6b44e3cc99cdb97d6abfde46cd573/LICENSE#utf8sha256=3f1ce66533302df3a32edbfdfc0b78f0dd34659e4c1f5817162e5ea3c2297215;bytes=2138	MIT	Copyright (c) 2020-present LongYinan | Copyright (c) 2018 GitHub	NONE-RECORDED
napi	3.13.0	rolldown/rolldown	3b12638855cec016784a7e17cc4ecbdee7ca8b0a3456aa50640d0ee5ed1a42f8	ALL-LOCK-FAMILY-SUPERSET-NOT-COMPILED-SBOM	napi-rs/napi-rs	napi-v3.13.0	2763e12efc855748485129952a6ccb97ac991c06	https://raw.githubusercontent.com/napi-rs/napi-rs/2763e12efc855748485129952a6ccb97ac991c06/crates/napi/Cargo.toml	dd708e27e9c427fe779286637c106ac967f0e6c5f35a5cce567b32e2697237da	true	EXACT-SOURCE-GRANT-TEXT-OBSERVED	APPROVED-WITH-OBLIGATIONS	https://raw.githubusercontent.com/napi-rs/napi-rs/2763e12efc855748485129952a6ccb97ac991c06/LICENSE#utf8sha256=3f1ce66533302df3a32edbfdfc0b78f0dd34659e4c1f5817162e5ea3c2297215;bytes=2138	MIT	Copyright (c) 2020-present LongYinan | Copyright (c) 2018 GitHub	NONE-RECORDED
napi-build	1.2.1	parcel-bundler/lightningcss	ebd4419172727423cf30351406c54f6cc1b354a2cfb4f1dba3e6cd07f6d5522b	ALL-LOCK-FAMILY-SUPERSET-NOT-COMPILED-SBOM	napi-rs/napi-rs	napi-build@1.2.1	fa0fe874489f45b8d1ece8eb3e58f7d17b23ccd2	https://raw.githubusercontent.com/napi-rs/napi-rs/fa0fe874489f45b8d1ece8eb3e58f7d17b23ccd2/crates/build/Cargo.toml	f64d163c3d8ddc43a58200cf89501f99eaad2e957d2ed1ec9e94f91bb9b795bc	true	EXACT-SOURCE-GRANT-TEXT-OBSERVED	APPROVED-WITH-OBLIGATIONS	https://raw.githubusercontent.com/napi-rs/napi-rs/fa0fe874489f45b8d1ece8eb3e58f7d17b23ccd2/LICENSE#utf8sha256=3f1ce66533302df3a32edbfdfc0b78f0dd34659e4c1f5817162e5ea3c2297215;bytes=2138	MIT	Copyright (c) 2020-present LongYinan | Copyright (c) 2018 GitHub	NONE-RECORDED
napi-build	2.5.0	rolldown/rolldown	0941983559cd62bfa7f04646a16428967a847365adeef27711e4e3927046bbed	ALL-LOCK-FAMILY-SUPERSET-NOT-COMPILED-SBOM	napi-rs/napi-rs	napi-build-v2.5.0	2763e12efc855748485129952a6ccb97ac991c06	https://raw.githubusercontent.com/napi-rs/napi-rs/2763e12efc855748485129952a6ccb97ac991c06/crates/build/Cargo.toml	6e5990ce31c16598371e17d9a43ed997674f3887331f003aa464b1aa22f92a9a	true	EXACT-SOURCE-GRANT-TEXT-OBSERVED	APPROVED-WITH-OBLIGATIONS	https://raw.githubusercontent.com/napi-rs/napi-rs/2763e12efc855748485129952a6ccb97ac991c06/LICENSE#utf8sha256=3f1ce66533302df3a32edbfdfc0b78f0dd34659e4c1f5817162e5ea3c2297215;bytes=2138	MIT	Copyright (c) 2020-present LongYinan | Copyright (c) 2018 GitHub	NONE-RECORDED
napi-derive	2.16.13	parcel-bundler/lightningcss	7cbe2585d8ac223f7d34f13701434b9d5f4eb9c332cccce8dee57ea18ab8ab0c	ALL-LOCK-FAMILY-SUPERSET-NOT-COMPILED-SBOM	napi-rs/napi-rs	napi-derive@2.16.13	a312b7eb4e12d3e0a3e9770429ee05c333947a39	https://raw.githubusercontent.com/napi-rs/napi-rs/a312b7eb4e12d3e0a3e9770429ee05c333947a39/crates/macro/Cargo.toml	341c3345204b6746b967ad7af92f0bc21a82e1145bce3134378cad99c6b0bb85	true	EXACT-SOURCE-GRANT-TEXT-OBSERVED	APPROVED-WITH-OBLIGATIONS	https://raw.githubusercontent.com/napi-rs/napi-rs/a312b7eb4e12d3e0a3e9770429ee05c333947a39/LICENSE#utf8sha256=3f1ce66533302df3a32edbfdfc0b78f0dd34659e4c1f5817162e5ea3c2297215;bytes=2138	MIT	Copyright (c) 2020-present LongYinan | Copyright (c) 2018 GitHub	NONE-RECORDED
napi-derive	3.6.9	rolldown/rolldown	6b1d232c24dc6754979b27efdf2047a5849efc7c92c1245de87e6bedbb9f5c3c	ALL-LOCK-FAMILY-SUPERSET-NOT-COMPILED-SBOM	napi-rs/napi-rs	napi-derive-v3.6.9	2763e12efc855748485129952a6ccb97ac991c06	https://raw.githubusercontent.com/napi-rs/napi-rs/2763e12efc855748485129952a6ccb97ac991c06/crates/macro/Cargo.toml	6fb79ffd731b2485aa4f655b3868620cc4616fa1f724ba1c76134666090cb449	true	EXACT-SOURCE-GRANT-TEXT-OBSERVED	APPROVED-WITH-OBLIGATIONS	https://raw.githubusercontent.com/napi-rs/napi-rs/2763e12efc855748485129952a6ccb97ac991c06/LICENSE#utf8sha256=3f1ce66533302df3a32edbfdfc0b78f0dd34659e4c1f5817162e5ea3c2297215;bytes=2138	MIT	Copyright (c) 2020-present LongYinan | Copyright (c) 2018 GitHub	NONE-RECORDED
napi-derive-backend	1.0.75	parcel-bundler/lightningcss	1639aaa9eeb76e91c6ae66da8ce3e89e921cd3885e99ec85f4abacae72fc91bf	ALL-LOCK-FAMILY-SUPERSET-NOT-COMPILED-SBOM	napi-rs/napi-rs	napi-derive-backend@1.0.75				false	UNKNOWN	UNKNOWN				No matching canonical release tag resolved; no grant substituted
napi-derive-backend	6.1.4	rolldown/rolldown	fd6856fe1686867da90ed0dc292d7c0c87a695eb7c578b913360f33619ee01e3	ALL-LOCK-FAMILY-SUPERSET-NOT-COMPILED-SBOM	napi-rs/napi-rs	napi-derive-backend-v6.1.4	38162bb0eb324ae24b402982bad3d4ef3f24c90a	https://raw.githubusercontent.com/napi-rs/napi-rs/38162bb0eb324ae24b402982bad3d4ef3f24c90a/crates/backend/Cargo.toml	8641a03e0fb4ab4911d1d7e603c8bd2408b8b000e3254dba2a786aea8953d4de	true	EXACT-SOURCE-GRANT-TEXT-OBSERVED	APPROVED-WITH-OBLIGATIONS	https://raw.githubusercontent.com/napi-rs/napi-rs/38162bb0eb324ae24b402982bad3d4ef3f24c90a/LICENSE#utf8sha256=3f1ce66533302df3a32edbfdfc0b78f0dd34659e4c1f5817162e5ea3c2297215;bytes=2138	MIT	Copyright (c) 2020-present LongYinan | Copyright (c) 2018 GitHub	NONE-RECORDED
napi-sys	2.4.0	parcel-bundler/lightningcss	427802e8ec3a734331fec1035594a210ce1ff4dc5bc1950530920ab717964ea3	ALL-LOCK-FAMILY-SUPERSET-NOT-COMPILED-SBOM	napi-rs/napi-rs	napi-sys@2.4.0	63c8ab3f20316e1e024cc6fe6b69c8671ed3f01b	https://raw.githubusercontent.com/napi-rs/napi-rs/63c8ab3f20316e1e024cc6fe6b69c8671ed3f01b/crates/sys/Cargo.toml	804db18075a2c7fea9e68cd7136902bad1f591596a49adb09163316d98bb8414	true	EXACT-SOURCE-GRANT-TEXT-OBSERVED	APPROVED-WITH-OBLIGATIONS	https://raw.githubusercontent.com/napi-rs/napi-rs/63c8ab3f20316e1e024cc6fe6b69c8671ed3f01b/LICENSE#utf8sha256=3f1ce66533302df3a32edbfdfc0b78f0dd34659e4c1f5817162e5ea3c2297215;bytes=2138	MIT	Copyright (c) 2020-present LongYinan | Copyright (c) 2018 GitHub	NONE-RECORDED
napi-sys	3.3.2	rolldown/rolldown	6801fc65ba4d7035636e93635e281113f00410401a237dcd4f55b1565ead2115	ALL-LOCK-FAMILY-SUPERSET-NOT-COMPILED-SBOM	napi-rs/napi-rs	napi-sys-v3.3.2	38162bb0eb324ae24b402982bad3d4ef3f24c90a	https://raw.githubusercontent.com/napi-rs/napi-rs/38162bb0eb324ae24b402982bad3d4ef3f24c90a/crates/sys/Cargo.toml	4851d1d1fbc57fd605751a597558a0a5b26c90da39a7512d111750a5e6816da0	true	EXACT-SOURCE-GRANT-TEXT-OBSERVED	APPROVED-WITH-OBLIGATIONS	https://raw.githubusercontent.com/napi-rs/napi-rs/38162bb0eb324ae24b402982bad3d4ef3f24c90a/LICENSE#utf8sha256=3f1ce66533302df3a32edbfdfc0b78f0dd34659e4c1f5817162e5ea3c2297215;bytes=2138	MIT	Copyright (c) 2020-present LongYinan | Copyright (c) 2018 GitHub	NONE-RECORDED
proc-macro2	1.0.106	parcel-bundler/lightningcss	8fd00f0bb2e90d81d1044c2b32617f68fcb9fa3bb7640c23e9c748e53fb30934	ALL-LOCK-FAMILY-SUPERSET-NOT-COMPILED-SBOM	dtolnay/proc-macro2	1.0.106	58ab776b95a4c2865554badbb6629c50971a9118	https://raw.githubusercontent.com/dtolnay/proc-macro2/58ab776b95a4c2865554badbb6629c50971a9118/Cargo.toml	a5c32b74b82af9a566766581cca85f83936dd4c18e998f25cda46defaf399389	true	EXACT-SOURCE-GRANT-TEXT-OBSERVED	APPROVED-WITH-OBLIGATIONS	https://raw.githubusercontent.com/dtolnay/proc-macro2/58ab776b95a4c2865554badbb6629c50971a9118/LICENSE-MIT#utf8sha256=23f18e03dc49df91622fe2a76176497404e46ced8a715d9d2b67a7446571cca3;bytes=1023 | https://raw.githubusercontent.com/dtolnay/proc-macro2/58ab776b95a4c2865554badbb6629c50971a9118/LICENSE-APACHE#utf8sha256=62c7a1e35f56406896d7aa7ca52d0cc0d272ac022b5d2796e7d6905db8a3636a;bytes=9723	MIT;Apache-2.0	NO-NAMED-COPYRIGHT-HOLDER-IN-INSPECTED-LEGAL-TEXT	NONE-RECORDED
proc-macro2	1.0.107	rolldown/rolldown	985e7ec9bb745e6ce6535b544d84d6cd6f7ad8bd711c398938ae983b91a766d9	ALL-LOCK-FAMILY-SUPERSET-NOT-COMPILED-SBOM	dtolnay/proc-macro2	1.0.107	ed8a5497669cd63db33bf24646f261b012bbbc4a	https://raw.githubusercontent.com/dtolnay/proc-macro2/ed8a5497669cd63db33bf24646f261b012bbbc4a/Cargo.toml	e04a009c48ea3e9b017807ea9183e330cc909a9cc0e754c5c6b3f7c0b29fb9de	true	EXACT-SOURCE-GRANT-TEXT-OBSERVED	APPROVED-WITH-OBLIGATIONS	https://raw.githubusercontent.com/dtolnay/proc-macro2/ed8a5497669cd63db33bf24646f261b012bbbc4a/LICENSE-MIT#utf8sha256=23f18e03dc49df91622fe2a76176497404e46ced8a715d9d2b67a7446571cca3;bytes=1023 | https://raw.githubusercontent.com/dtolnay/proc-macro2/ed8a5497669cd63db33bf24646f261b012bbbc4a/LICENSE-APACHE#utf8sha256=62c7a1e35f56406896d7aa7ca52d0cc0d272ac022b5d2796e7d6905db8a3636a;bytes=9723	MIT;Apache-2.0	NO-NAMED-COPYRIGHT-HOLDER-IN-INSPECTED-LEGAL-TEXT	NONE-RECORDED
quote	1.0.37	parcel-bundler/lightningcss	b5b9d34b8991d19d98081b46eacdd8eb58c6f2b201139f7c5f643cc155a633af	ALL-LOCK-FAMILY-SUPERSET-NOT-COMPILED-SBOM	dtolnay/quote	1.0.37	b1ebffa035363a430862e033aa3268e8cb17affa	https://raw.githubusercontent.com/dtolnay/quote/b1ebffa035363a430862e033aa3268e8cb17affa/Cargo.toml	4e050ee2c35c10fda683a935a276644e73da36a3c96b7be829c6611a361334d5	true	EXACT-SOURCE-GRANT-TEXT-OBSERVED	APPROVED-WITH-OBLIGATIONS	https://raw.githubusercontent.com/dtolnay/quote/b1ebffa035363a430862e033aa3268e8cb17affa/LICENSE-MIT#utf8sha256=23f18e03dc49df91622fe2a76176497404e46ced8a715d9d2b67a7446571cca3;bytes=1023 | https://raw.githubusercontent.com/dtolnay/quote/b1ebffa035363a430862e033aa3268e8cb17affa/LICENSE-APACHE#utf8sha256=62c7a1e35f56406896d7aa7ca52d0cc0d272ac022b5d2796e7d6905db8a3636a;bytes=9723	MIT;Apache-2.0	NO-NAMED-COPYRIGHT-HOLDER-IN-INSPECTED-LEGAL-TEXT	NONE-RECORDED
quote	1.0.47	rolldown/rolldown	1fbf4db142a473a8d80c26bbf18454ed458bf8d26c8219c331daecfdbd079001	ALL-LOCK-FAMILY-SUPERSET-NOT-COMPILED-SBOM	dtolnay/quote	1.0.47	723dcb47d3f0ddc896e17287c8a8d3f2ea2317d5	https://raw.githubusercontent.com/dtolnay/quote/723dcb47d3f0ddc896e17287c8a8d3f2ea2317d5/Cargo.toml	acbbe8c10dc81f648339333c8fa3e0aa787ad5887b105d1947bc522553d87d73	true	EXACT-SOURCE-GRANT-TEXT-OBSERVED	APPROVED-WITH-OBLIGATIONS	https://raw.githubusercontent.com/dtolnay/quote/723dcb47d3f0ddc896e17287c8a8d3f2ea2317d5/LICENSE-MIT#utf8sha256=23f18e03dc49df91622fe2a76176497404e46ced8a715d9d2b67a7446571cca3;bytes=1023 | https://raw.githubusercontent.com/dtolnay/quote/723dcb47d3f0ddc896e17287c8a8d3f2ea2317d5/LICENSE-APACHE#utf8sha256=62c7a1e35f56406896d7aa7ca52d0cc0d272ac022b5d2796e7d6905db8a3636a;bytes=9723	MIT;Apache-2.0	NO-NAMED-COPYRIGHT-HOLDER-IN-INSPECTED-LEGAL-TEXT	NONE-RECORDED
rayon	1.10.0	parcel-bundler/lightningcss	b418a60154510ca1a002a752ca9714984e21e4241e804d32555251faf8b78ffa	ALL-LOCK-FAMILY-SUPERSET-NOT-COMPILED-SBOM	rayon-rs/rayon	v1.10.0	7543ed40c9a017dee32b3dc72b3ae819820e8366	https://raw.githubusercontent.com/rayon-rs/rayon/7543ed40c9a017dee32b3dc72b3ae819820e8366/Cargo.toml	81fde7efd7f502454cc0329eeebb59c9c61b96c80c8b2a56a73fc139556f2db5	true	EXACT-SOURCE-GRANT-TEXT-OBSERVED	APPROVED-WITH-OBLIGATIONS	https://raw.githubusercontent.com/rayon-rs/rayon/7543ed40c9a017dee32b3dc72b3ae819820e8366/LICENSE-MIT#utf8sha256=0621878e61f0d0fda054bcbe02df75192c28bde1ecc8289cbd86aeba2dd72720;bytes=1071 | https://raw.githubusercontent.com/rayon-rs/rayon/7543ed40c9a017dee32b3dc72b3ae819820e8366/LICENSE-APACHE#utf8sha256=a60eea817514531668d7e00765731449fe14d059d3249e0bc93b36de45f759f2;bytes=10847	MIT;Apache-2.0	Copyright (c) 2010 The Rust Project Developers | UNFILLED-APACHE-APPENDIX-TEMPLATE; no named holder in inspected legal file	NONE-RECORDED
rayon	1.12.0	rolldown/rolldown	fb39b166781f92d482534ef4b4b1b2568f42613b53e5b6c160e24cfbfa30926d	ALL-LOCK-FAMILY-SUPERSET-NOT-COMPILED-SBOM	rayon-rs/rayon	v1.12.0	c9ced185ae3508246a9eb70c8407a1199bb1b77f	https://raw.githubusercontent.com/rayon-rs/rayon/c9ced185ae3508246a9eb70c8407a1199bb1b77f/Cargo.toml	730637d19a4ae811bae3f60000a6cceb5f052b1fd5e76946459ef5b31ecdf399	true	EXACT-SOURCE-GRANT-TEXT-OBSERVED	APPROVED-WITH-OBLIGATIONS	https://raw.githubusercontent.com/rayon-rs/rayon/c9ced185ae3508246a9eb70c8407a1199bb1b77f/LICENSE-MIT#utf8sha256=0621878e61f0d0fda054bcbe02df75192c28bde1ecc8289cbd86aeba2dd72720;bytes=1071 | https://raw.githubusercontent.com/rayon-rs/rayon/c9ced185ae3508246a9eb70c8407a1199bb1b77f/LICENSE-APACHE#utf8sha256=a60eea817514531668d7e00765731449fe14d059d3249e0bc93b36de45f759f2;bytes=10847	MIT;Apache-2.0	Copyright (c) 2010 The Rust Project Developers | UNFILLED-APACHE-APPENDIX-TEMPLATE; no named holder in inspected legal file	NONE-RECORDED
rayon-core	1.12.1	parcel-bundler/lightningcss	1465873a3dfdaa8ae7cb14b4383657caab0b3e8a0aa9ae8e04b044854c8dfce2	ALL-LOCK-FAMILY-SUPERSET-NOT-COMPILED-SBOM	rayon-rs/rayon	rayon-core-v1.12.1	7df6d5b8493a5fdb257565cab26dacdfe08ec8aa	https://raw.githubusercontent.com/rayon-rs/rayon/7df6d5b8493a5fdb257565cab26dacdfe08ec8aa/rayon-core/Cargo.toml	a9d3f43b19ddbac10f441a0ca8be36b8a0662c042e4592331df2670183b512f4	true	EXACT-SOURCE-GRANT-TEXT-OBSERVED	APPROVED-WITH-OBLIGATIONS	https://raw.githubusercontent.com/rayon-rs/rayon/7df6d5b8493a5fdb257565cab26dacdfe08ec8aa/LICENSE-MIT#utf8sha256=0621878e61f0d0fda054bcbe02df75192c28bde1ecc8289cbd86aeba2dd72720;bytes=1071 | https://raw.githubusercontent.com/rayon-rs/rayon/7df6d5b8493a5fdb257565cab26dacdfe08ec8aa/LICENSE-APACHE#utf8sha256=a60eea817514531668d7e00765731449fe14d059d3249e0bc93b36de45f759f2;bytes=10847	MIT;Apache-2.0	Copyright (c) 2010 The Rust Project Developers | UNFILLED-APACHE-APPENDIX-TEMPLATE; no named holder in inspected legal file	NONE-RECORDED
rayon-core	1.13.0	rolldown/rolldown	22e18b0f0062d30d4230b2e85ff77fdfe4326feb054b9783a3460d8435c8ab91	ALL-LOCK-FAMILY-SUPERSET-NOT-COMPILED-SBOM	rayon-rs/rayon	rayon-core-v1.13.0	7af20d7692d5decbcb4adcaa079cd607e3e50814	https://raw.githubusercontent.com/rayon-rs/rayon/7af20d7692d5decbcb4adcaa079cd607e3e50814/rayon-core/Cargo.toml	2fb5b9f5a2ec91a1e3f2d9c26cf611bb5a9eeb30fcccb68cf6d087ad522176ab	true	EXACT-SOURCE-GRANT-TEXT-OBSERVED	APPROVED-WITH-OBLIGATIONS	https://raw.githubusercontent.com/rayon-rs/rayon/7af20d7692d5decbcb4adcaa079cd607e3e50814/LICENSE-MIT#utf8sha256=0621878e61f0d0fda054bcbe02df75192c28bde1ecc8289cbd86aeba2dd72720;bytes=1071 | https://raw.githubusercontent.com/rayon-rs/rayon/7af20d7692d5decbcb4adcaa079cd607e3e50814/LICENSE-APACHE#utf8sha256=a60eea817514531668d7e00765731449fe14d059d3249e0bc93b36de45f759f2;bytes=10847	MIT;Apache-2.0	Copyright (c) 2010 The Rust Project Developers | UNFILLED-APACHE-APPENDIX-TEMPLATE; no named holder in inspected legal file	NONE-RECORDED
serde	1.0.228	parcel-bundler/lightningcss	9a8e94ea7f378bd32cbbd37198a4a91436180c5bb472411e48b5ec2e2124ae9e	ALL-LOCK-FAMILY-SUPERSET-NOT-COMPILED-SBOM	serde-rs/serde	v1.0.228	a866b336f14aa57a07f0d0be9f8762746e64ecb4	https://raw.githubusercontent.com/serde-rs/serde/a866b336f14aa57a07f0d0be9f8762746e64ecb4/serde/Cargo.toml	0b7df7944cba2a0646daa431efdc9f8b200bc6beb586cd71e302a102d17c4c60	true	EXACT-SOURCE-GRANT-TEXT-OBSERVED	APPROVED-WITH-OBLIGATIONS	https://raw.githubusercontent.com/serde-rs/serde/a866b336f14aa57a07f0d0be9f8762746e64ecb4/LICENSE-MIT#utf8sha256=23f18e03dc49df91622fe2a76176497404e46ced8a715d9d2b67a7446571cca3;bytes=1023 | https://raw.githubusercontent.com/serde-rs/serde/a866b336f14aa57a07f0d0be9f8762746e64ecb4/LICENSE-APACHE#utf8sha256=62c7a1e35f56406896d7aa7ca52d0cc0d272ac022b5d2796e7d6905db8a3636a;bytes=9723	MIT;Apache-2.0	NO-NAMED-COPYRIGHT-HOLDER-IN-INSPECTED-LEGAL-TEXT	NONE-RECORDED
serde	1.0.229	rolldown/rolldown	4148590afebada386688f18773da617792bf2ef03ffc1e4cbd2b1d45b023e0ba	ALL-LOCK-FAMILY-SUPERSET-NOT-COMPILED-SBOM	serde-rs/serde	v1.0.229	7fc3b4c30c94f73a96ebd1553f2b090d928fc3a8	https://raw.githubusercontent.com/serde-rs/serde/7fc3b4c30c94f73a96ebd1553f2b090d928fc3a8/serde/Cargo.toml	137d4b56580e6b18d0cad4a86aea12a8b83b8f985a931b089de553161c35af56	true	EXACT-SOURCE-GRANT-TEXT-OBSERVED	APPROVED-WITH-OBLIGATIONS	https://raw.githubusercontent.com/serde-rs/serde/7fc3b4c30c94f73a96ebd1553f2b090d928fc3a8/LICENSE-MIT#utf8sha256=23f18e03dc49df91622fe2a76176497404e46ced8a715d9d2b67a7446571cca3;bytes=1023 | https://raw.githubusercontent.com/serde-rs/serde/7fc3b4c30c94f73a96ebd1553f2b090d928fc3a8/LICENSE-APACHE#utf8sha256=62c7a1e35f56406896d7aa7ca52d0cc0d272ac022b5d2796e7d6905db8a3636a;bytes=9723	MIT;Apache-2.0	NO-NAMED-COPYRIGHT-HOLDER-IN-INSPECTED-LEGAL-TEXT	NONE-RECORDED
serde_bytes	0.11.15	parcel-bundler/lightningcss	387cc504cb06bb40a96c8e04e951fe01854cf6bc921053c954e4a606d9675c6a	ALL-LOCK-FAMILY-SUPERSET-NOT-COMPILED-SBOM	serde-rs/bytes	0.11.15	90de46e643eafffba4e2e0e56759e41ec797bfe6	https://raw.githubusercontent.com/serde-rs/bytes/90de46e643eafffba4e2e0e56759e41ec797bfe6/Cargo.toml	05f4e00f6f5a9f627a9f511825c447729b8cbb60052f4aba3c95cb6441ba9956	true	EXACT-SOURCE-GRANT-TEXT-OBSERVED	APPROVED-WITH-OBLIGATIONS	https://raw.githubusercontent.com/serde-rs/bytes/90de46e643eafffba4e2e0e56759e41ec797bfe6/LICENSE-MIT#utf8sha256=23f18e03dc49df91622fe2a76176497404e46ced8a715d9d2b67a7446571cca3;bytes=1023 | https://raw.githubusercontent.com/serde-rs/bytes/90de46e643eafffba4e2e0e56759e41ec797bfe6/LICENSE-APACHE#utf8sha256=62c7a1e35f56406896d7aa7ca52d0cc0d272ac022b5d2796e7d6905db8a3636a;bytes=9723	MIT;Apache-2.0	NO-NAMED-COPYRIGHT-HOLDER-IN-INSPECTED-LEGAL-TEXT	NONE-RECORDED
serde_core	1.0.228	parcel-bundler/lightningcss	41d385c7d4ca58e59fc732af25c3983b67ac852c1a25000afe1175de458b67ad	ALL-LOCK-FAMILY-SUPERSET-NOT-COMPILED-SBOM	serde-rs/serde	v1.0.228	a866b336f14aa57a07f0d0be9f8762746e64ecb4	https://raw.githubusercontent.com/serde-rs/serde/a866b336f14aa57a07f0d0be9f8762746e64ecb4/serde_core/Cargo.toml	0c7419cdb49704f6e3fb750f19d9b4b555e82507370b5dd8553ab35647b5c9c5	true	EXACT-SOURCE-GRANT-TEXT-OBSERVED	APPROVED-WITH-OBLIGATIONS	https://raw.githubusercontent.com/serde-rs/serde/a866b336f14aa57a07f0d0be9f8762746e64ecb4/LICENSE-MIT#utf8sha256=23f18e03dc49df91622fe2a76176497404e46ced8a715d9d2b67a7446571cca3;bytes=1023 | https://raw.githubusercontent.com/serde-rs/serde/a866b336f14aa57a07f0d0be9f8762746e64ecb4/LICENSE-APACHE#utf8sha256=62c7a1e35f56406896d7aa7ca52d0cc0d272ac022b5d2796e7d6905db8a3636a;bytes=9723	MIT;Apache-2.0	NO-NAMED-COPYRIGHT-HOLDER-IN-INSPECTED-LEGAL-TEXT	NONE-RECORDED
serde_core	1.0.229	rolldown/rolldown	67dca2c9c51e58a4791a4b1ed58308b39c64224d349a935ab5039aa360942a48	ALL-LOCK-FAMILY-SUPERSET-NOT-COMPILED-SBOM	serde-rs/serde	v1.0.229	7fc3b4c30c94f73a96ebd1553f2b090d928fc3a8	https://raw.githubusercontent.com/serde-rs/serde/7fc3b4c30c94f73a96ebd1553f2b090d928fc3a8/serde_core/Cargo.toml	2f3b7354d4f734e80c0e01ea399fb43c87cb393a84666f43d597f66af5450409	true	EXACT-SOURCE-GRANT-TEXT-OBSERVED	APPROVED-WITH-OBLIGATIONS	https://raw.githubusercontent.com/serde-rs/serde/7fc3b4c30c94f73a96ebd1553f2b090d928fc3a8/LICENSE-MIT#utf8sha256=23f18e03dc49df91622fe2a76176497404e46ced8a715d9d2b67a7446571cca3;bytes=1023 | https://raw.githubusercontent.com/serde-rs/serde/7fc3b4c30c94f73a96ebd1553f2b090d928fc3a8/LICENSE-APACHE#utf8sha256=62c7a1e35f56406896d7aa7ca52d0cc0d272ac022b5d2796e7d6905db8a3636a;bytes=9723	MIT;Apache-2.0	NO-NAMED-COPYRIGHT-HOLDER-IN-INSPECTED-LEGAL-TEXT	NONE-RECORDED
serde_derive	1.0.228	parcel-bundler/lightningcss	d540f220d3187173da220f885ab66608367b6574e925011a9353e4badda91d79	ALL-LOCK-FAMILY-SUPERSET-NOT-COMPILED-SBOM	serde-rs/serde	v1.0.228	a866b336f14aa57a07f0d0be9f8762746e64ecb4	https://raw.githubusercontent.com/serde-rs/serde/a866b336f14aa57a07f0d0be9f8762746e64ecb4/serde_derive/Cargo.toml	548722e43a11e723d1be4ef17867f7256543715435e7fe03ef1b62d0f8fad253	true	EXACT-SOURCE-GRANT-TEXT-OBSERVED	APPROVED-WITH-OBLIGATIONS	https://raw.githubusercontent.com/serde-rs/serde/a866b336f14aa57a07f0d0be9f8762746e64ecb4/LICENSE-MIT#utf8sha256=23f18e03dc49df91622fe2a76176497404e46ced8a715d9d2b67a7446571cca3;bytes=1023 | https://raw.githubusercontent.com/serde-rs/serde/a866b336f14aa57a07f0d0be9f8762746e64ecb4/LICENSE-APACHE#utf8sha256=62c7a1e35f56406896d7aa7ca52d0cc0d272ac022b5d2796e7d6905db8a3636a;bytes=9723	MIT;Apache-2.0	NO-NAMED-COPYRIGHT-HOLDER-IN-INSPECTED-LEGAL-TEXT	NONE-RECORDED
serde_derive	1.0.229	rolldown/rolldown	e7a5d71263a5a7d47b41f6b3f06ba276f10cc18b0931f1799f710578e2309348	ALL-LOCK-FAMILY-SUPERSET-NOT-COMPILED-SBOM	serde-rs/serde	v1.0.229	7fc3b4c30c94f73a96ebd1553f2b090d928fc3a8	https://raw.githubusercontent.com/serde-rs/serde/7fc3b4c30c94f73a96ebd1553f2b090d928fc3a8/serde_derive/Cargo.toml	c8e1a7cff52301a94da8bb1a1eeff9e729bf0c5cab63945a1633b7808f82c91c	true	EXACT-SOURCE-GRANT-TEXT-OBSERVED	APPROVED-WITH-OBLIGATIONS	https://raw.githubusercontent.com/serde-rs/serde/7fc3b4c30c94f73a96ebd1553f2b090d928fc3a8/LICENSE-MIT#utf8sha256=23f18e03dc49df91622fe2a76176497404e46ced8a715d9d2b67a7446571cca3;bytes=1023 | https://raw.githubusercontent.com/serde-rs/serde/7fc3b4c30c94f73a96ebd1553f2b090d928fc3a8/LICENSE-APACHE#utf8sha256=62c7a1e35f56406896d7aa7ca52d0cc0d272ac022b5d2796e7d6905db8a3636a;bytes=9723	MIT;Apache-2.0	NO-NAMED-COPYRIGHT-HOLDER-IN-INSPECTED-LEGAL-TEXT	NONE-RECORDED
serde_derive_internals	0.29.1	parcel-bundler/lightningcss	18d26a20a969b9e3fdf2fc2d9f21eda6c40e2de84c9408bb5d3b05d499aae711	ALL-LOCK-FAMILY-SUPERSET-NOT-COMPILED-SBOM						false	UNKNOWN	UNKNOWN				No matching canonical release tag resolved; no grant substituted
serde_derive_internals	0.30.0	rolldown/rolldown	f852137cce035d6a4df67ccce505ff6b3e9fd3a10e3e52b24dc71e650bb1a9bd	ALL-LOCK-FAMILY-SUPERSET-NOT-COMPILED-SBOM						false	UNKNOWN	UNKNOWN				No matching canonical release tag resolved; no grant substituted
serde_json	1.0.149	parcel-bundler/lightningcss	83fc039473c5595ace860d8c4fafa220ff474b3fc6bfdb4293327f1a37e94d86	ALL-LOCK-FAMILY-SUPERSET-NOT-COMPILED-SBOM	serde-rs/json	v1.0.149	4f6dbfac79647d032b0997b5ab73022340c6dab7	https://raw.githubusercontent.com/serde-rs/json/4f6dbfac79647d032b0997b5ab73022340c6dab7/Cargo.toml	ddcbef59d5daaeae8c33beff5b205c6af228b5f691747b4217fb6aa845851509	true	EXACT-SOURCE-GRANT-TEXT-OBSERVED	APPROVED-WITH-OBLIGATIONS	https://raw.githubusercontent.com/serde-rs/json/4f6dbfac79647d032b0997b5ab73022340c6dab7/LICENSE-MIT#utf8sha256=23f18e03dc49df91622fe2a76176497404e46ced8a715d9d2b67a7446571cca3;bytes=1023 | https://raw.githubusercontent.com/serde-rs/json/4f6dbfac79647d032b0997b5ab73022340c6dab7/LICENSE-APACHE#utf8sha256=62c7a1e35f56406896d7aa7ca52d0cc0d272ac022b5d2796e7d6905db8a3636a;bytes=9723	MIT;Apache-2.0	NO-NAMED-COPYRIGHT-HOLDER-IN-INSPECTED-LEGAL-TEXT	NONE-RECORDED
serde_json	1.0.151	rolldown/rolldown	c841b55ecdae098c80dcae9cf767f6f8a0c2cdb3416bbef72181df4d0fe73f14	ALL-LOCK-FAMILY-SUPERSET-NOT-COMPILED-SBOM	serde-rs/json	v1.0.151	de8500740cdcabffb9734f503e4889def823cf10	https://raw.githubusercontent.com/serde-rs/json/de8500740cdcabffb9734f503e4889def823cf10/Cargo.toml	ade7399c00ef7d8320fe5427e4c23f50686d6476584b2ea558a795cc9139f78a	true	EXACT-SOURCE-GRANT-TEXT-OBSERVED	APPROVED-WITH-OBLIGATIONS	https://raw.githubusercontent.com/serde-rs/json/de8500740cdcabffb9734f503e4889def823cf10/LICENSE-MIT#utf8sha256=23f18e03dc49df91622fe2a76176497404e46ced8a715d9d2b67a7446571cca3;bytes=1023 | https://raw.githubusercontent.com/serde-rs/json/de8500740cdcabffb9734f503e4889def823cf10/LICENSE-APACHE#utf8sha256=62c7a1e35f56406896d7aa7ca52d0cc0d272ac022b5d2796e7d6905db8a3636a;bytes=9723	MIT;Apache-2.0	NO-NAMED-COPYRIGHT-HOLDER-IN-INSPECTED-LEGAL-TEXT	NONE-RECORDED
serde_yaml	0.9.34+deprecated	rolldown/rolldown	6a8b1a1a2ebf674015cc02edccce75287f1a0130d394307b36743c2f5d504b47	ALL-LOCK-FAMILY-SUPERSET-NOT-COMPILED-SBOM						false	UNKNOWN	UNKNOWN				No matching canonical release tag resolved; no grant substituted
serde-content	0.1.2	parcel-bundler/lightningcss	3753ca04f350fa92d00b6146a3555e63c55388c9ef2e11e09bce2ff1c0b509c6	ALL-LOCK-FAMILY-SUPERSET-NOT-COMPILED-SBOM						false	UNKNOWN	UNKNOWN				No matching canonical release tag resolved; no grant substituted
serde-detach	0.0.1	parcel-bundler/lightningcss	c621150da442b6a854bb63c431347bcd4de19219a3e1f06fd744208ded057288	ALL-LOCK-FAMILY-SUPERSET-NOT-COMPILED-SBOM						false	UNKNOWN	UNKNOWN				No matching canonical release tag resolved; no grant substituted
syn	1.0.109	parcel-bundler/lightningcss	72b64191b275b66ffe2469e8af2c1cfe3bafa67b529ead792a6d0160888b4237	ALL-LOCK-FAMILY-SUPERSET-NOT-COMPILED-SBOM	dtolnay/syn	1.0.109	bfa790b8e445dc67b7ab94d75adb1a92d6296c9a	https://raw.githubusercontent.com/dtolnay/syn/bfa790b8e445dc67b7ab94d75adb1a92d6296c9a/Cargo.toml	19a1c09847e02f3b7d2d434fb4d8b52694e47bd1b9d04594b329c7866cccc013	true	EXACT-SOURCE-GRANT-TEXT-OBSERVED	APPROVED-WITH-OBLIGATIONS	https://raw.githubusercontent.com/dtolnay/syn/bfa790b8e445dc67b7ab94d75adb1a92d6296c9a/LICENSE-MIT#utf8sha256=23f18e03dc49df91622fe2a76176497404e46ced8a715d9d2b67a7446571cca3;bytes=1023 | https://raw.githubusercontent.com/dtolnay/syn/bfa790b8e445dc67b7ab94d75adb1a92d6296c9a/LICENSE-APACHE#utf8sha256=a60eea817514531668d7e00765731449fe14d059d3249e0bc93b36de45f759f2;bytes=10847	MIT;Apache-2.0	NO-NAMED-COPYRIGHT-HOLDER-IN-INSPECTED-LEGAL-TEXT | UNFILLED-APACHE-APPENDIX-TEMPLATE; no named holder in inspected legal file	NONE-RECORDED
syn	2.0.119	rolldown/rolldown	872831b642d1a07999a962a351ed35b955ea2cfc8f3862091e2a240a84f17297	ALL-LOCK-FAMILY-SUPERSET-NOT-COMPILED-SBOM	dtolnay/syn	2.0.119	3295f9e9841785ac88a5e558c884854d5fb7d67f	https://raw.githubusercontent.com/dtolnay/syn/3295f9e9841785ac88a5e558c884854d5fb7d67f/Cargo.toml	33d92998d299923965137d5acc6b1ea020d1707d62014d44f3a7e70701003b33	true	EXACT-SOURCE-GRANT-TEXT-OBSERVED	APPROVED-WITH-OBLIGATIONS	https://raw.githubusercontent.com/dtolnay/syn/3295f9e9841785ac88a5e558c884854d5fb7d67f/LICENSE-MIT#utf8sha256=23f18e03dc49df91622fe2a76176497404e46ced8a715d9d2b67a7446571cca3;bytes=1023 | https://raw.githubusercontent.com/dtolnay/syn/3295f9e9841785ac88a5e558c884854d5fb7d67f/LICENSE-APACHE#utf8sha256=62c7a1e35f56406896d7aa7ca52d0cc0d272ac022b5d2796e7d6905db8a3636a;bytes=9723	MIT;Apache-2.0	NO-NAMED-COPYRIGHT-HOLDER-IN-INSPECTED-LEGAL-TEXT	NONE-RECORDED
syn	2.0.90	parcel-bundler/lightningcss	919d3b74a5dd0ccd15aeb8f93e7006bd9e14c295087c9896a110f490752bcf31	ALL-LOCK-FAMILY-SUPERSET-NOT-COMPILED-SBOM	dtolnay/syn	2.0.90	ac5b41c852137c3d147202e3e6b2666c924cb87c	https://raw.githubusercontent.com/dtolnay/syn/ac5b41c852137c3d147202e3e6b2666c924cb87c/Cargo.toml	159c3f0a3cdf3832bda3db55f5a6cc1ef24eca07c3f27f508d65902b1dabc13b	true	EXACT-SOURCE-GRANT-TEXT-OBSERVED	APPROVED-WITH-OBLIGATIONS	https://raw.githubusercontent.com/dtolnay/syn/ac5b41c852137c3d147202e3e6b2666c924cb87c/LICENSE-MIT#utf8sha256=23f18e03dc49df91622fe2a76176497404e46ced8a715d9d2b67a7446571cca3;bytes=1023 | https://raw.githubusercontent.com/dtolnay/syn/ac5b41c852137c3d147202e3e6b2666c924cb87c/LICENSE-APACHE#utf8sha256=62c7a1e35f56406896d7aa7ca52d0cc0d272ac022b5d2796e7d6905db8a3636a;bytes=9723	MIT;Apache-2.0	NO-NAMED-COPYRIGHT-HOLDER-IN-INSPECTED-LEGAL-TEXT	NONE-RECORDED
syn	3.0.6	rolldown/rolldown	8593e8e72159ed2257d083c7a454a85cbf854f37a0966d8d483aff8c8a3ebcee	ALL-LOCK-FAMILY-SUPERSET-NOT-COMPILED-SBOM	dtolnay/syn	3.0.6	559cab55ef0c644f77660840edc3620d0d99d3d7	https://raw.githubusercontent.com/dtolnay/syn/559cab55ef0c644f77660840edc3620d0d99d3d7/Cargo.toml	517f44287d62f1621dae6d7934686a29e264c1e667ec185f5bb51e5bc1a3fa5e	true	EXACT-SOURCE-GRANT-TEXT-OBSERVED	APPROVED-WITH-OBLIGATIONS	https://raw.githubusercontent.com/dtolnay/syn/559cab55ef0c644f77660840edc3620d0d99d3d7/LICENSE-MIT#utf8sha256=23f18e03dc49df91622fe2a76176497404e46ced8a715d9d2b67a7446571cca3;bytes=1023 | https://raw.githubusercontent.com/dtolnay/syn/559cab55ef0c644f77660840edc3620d0d99d3d7/LICENSE-APACHE#utf8sha256=62c7a1e35f56406896d7aa7ca52d0cc0d272ac022b5d2796e7d6905db8a3636a;bytes=9723	MIT;Apache-2.0	NO-NAMED-COPYRIGHT-HOLDER-IN-INSPECTED-LEGAL-TEXT	NONE-RECORDED
thiserror	1.0.69	parcel-bundler/lightningcss	b6aaf5339b578ea85b50e080feb250a3e8ae8cfcdff9a461c9ec2904bc923f52	ALL-LOCK-FAMILY-SUPERSET-NOT-COMPILED-SBOM	dtolnay/thiserror	1.0.69	41938bd3a03a70d34ed8e53d99c89c770c7c9c41	https://raw.githubusercontent.com/dtolnay/thiserror/41938bd3a03a70d34ed8e53d99c89c770c7c9c41/Cargo.toml	a49beba5b59773ddff0eb90bba305eb1740ddc456e7a254872a9d5e0c2c61873	true	EXACT-SOURCE-GRANT-TEXT-OBSERVED	APPROVED-WITH-OBLIGATIONS	https://raw.githubusercontent.com/dtolnay/thiserror/41938bd3a03a70d34ed8e53d99c89c770c7c9c41/LICENSE-MIT#utf8sha256=23f18e03dc49df91622fe2a76176497404e46ced8a715d9d2b67a7446571cca3;bytes=1023 | https://raw.githubusercontent.com/dtolnay/thiserror/41938bd3a03a70d34ed8e53d99c89c770c7c9c41/LICENSE-APACHE#utf8sha256=62c7a1e35f56406896d7aa7ca52d0cc0d272ac022b5d2796e7d6905db8a3636a;bytes=9723	MIT;Apache-2.0	NO-NAMED-COPYRIGHT-HOLDER-IN-INSPECTED-LEGAL-TEXT	NONE-RECORDED
thiserror	2.0.19	rolldown/rolldown	09a43598840e33d5b0331f38c5e30d13bb11c11210a4b58f0d9b18a5a5eefcd9	ALL-LOCK-FAMILY-SUPERSET-NOT-COMPILED-SBOM	dtolnay/thiserror	2.0.19	e13a7854338e446f184725fc8b9c9e86a0a537d2	https://raw.githubusercontent.com/dtolnay/thiserror/e13a7854338e446f184725fc8b9c9e86a0a537d2/Cargo.toml	c8827a1ff2935faf46ed54f67407df06e6ce08260221bc2713fd2998919bb5c3	true	EXACT-SOURCE-GRANT-TEXT-OBSERVED	APPROVED-WITH-OBLIGATIONS	https://raw.githubusercontent.com/dtolnay/thiserror/e13a7854338e446f184725fc8b9c9e86a0a537d2/LICENSE-MIT#utf8sha256=23f18e03dc49df91622fe2a76176497404e46ced8a715d9d2b67a7446571cca3;bytes=1023 | https://raw.githubusercontent.com/dtolnay/thiserror/e13a7854338e446f184725fc8b9c9e86a0a537d2/LICENSE-APACHE#utf8sha256=62c7a1e35f56406896d7aa7ca52d0cc0d272ac022b5d2796e7d6905db8a3636a;bytes=9723	MIT;Apache-2.0	NO-NAMED-COPYRIGHT-HOLDER-IN-INSPECTED-LEGAL-TEXT	NONE-RECORDED
thiserror-impl	1.0.69	parcel-bundler/lightningcss	4fee6c4efc90059e10f81e6d42c60a18f76588c3d74cb83a0b242a2b6c7504c1	ALL-LOCK-FAMILY-SUPERSET-NOT-COMPILED-SBOM	dtolnay/thiserror	1.0.69	41938bd3a03a70d34ed8e53d99c89c770c7c9c41	https://raw.githubusercontent.com/dtolnay/thiserror/41938bd3a03a70d34ed8e53d99c89c770c7c9c41/impl/Cargo.toml	58943b184066903291ff49a1738c376e6f561a9418be1c88fc79e7da794e6b31	true	EXACT-SOURCE-GRANT-TEXT-OBSERVED	APPROVED-WITH-OBLIGATIONS	https://raw.githubusercontent.com/dtolnay/thiserror/41938bd3a03a70d34ed8e53d99c89c770c7c9c41/LICENSE-MIT#utf8sha256=23f18e03dc49df91622fe2a76176497404e46ced8a715d9d2b67a7446571cca3;bytes=1023 | https://raw.githubusercontent.com/dtolnay/thiserror/41938bd3a03a70d34ed8e53d99c89c770c7c9c41/LICENSE-APACHE#utf8sha256=62c7a1e35f56406896d7aa7ca52d0cc0d272ac022b5d2796e7d6905db8a3636a;bytes=9723	MIT;Apache-2.0	NO-NAMED-COPYRIGHT-HOLDER-IN-INSPECTED-LEGAL-TEXT	NONE-RECORDED
thiserror-impl	2.0.19	rolldown/rolldown	43cbfe0cf76104d42a574802844187e84a305e531ed54455f11fbde0f10541cd	ALL-LOCK-FAMILY-SUPERSET-NOT-COMPILED-SBOM	dtolnay/thiserror	2.0.19	e13a7854338e446f184725fc8b9c9e86a0a537d2	https://raw.githubusercontent.com/dtolnay/thiserror/e13a7854338e446f184725fc8b9c9e86a0a537d2/impl/Cargo.toml	b3f2dd1293c5163e4025de9c389228317d2178c67aa79ac1b27a1334810dce28	true	EXACT-SOURCE-GRANT-TEXT-OBSERVED	APPROVED-WITH-OBLIGATIONS	https://raw.githubusercontent.com/dtolnay/thiserror/e13a7854338e446f184725fc8b9c9e86a0a537d2/LICENSE-MIT#utf8sha256=23f18e03dc49df91622fe2a76176497404e46ced8a715d9d2b67a7446571cca3;bytes=1023 | https://raw.githubusercontent.com/dtolnay/thiserror/e13a7854338e446f184725fc8b9c9e86a0a537d2/LICENSE-APACHE#utf8sha256=62c7a1e35f56406896d7aa7ca52d0cc0d272ac022b5d2796e7d6905db8a3636a;bytes=9723	MIT;Apache-2.0	NO-NAMED-COPYRIGHT-HOLDER-IN-INSPECTED-LEGAL-TEXT	NONE-RECORDED
windows	0.62.2	rolldown/rolldown	527fadee13e0c05939a6a05d5bd6eec6cd2e3dbd648b9f8e447c6518133d8580	ALL-LOCK-FAMILY-SUPERSET-NOT-COMPILED-SBOM	microsoft/windows-rs	0.62.2				false	UNKNOWN	UNKNOWN				No matching canonical release tag resolved; no grant substituted
windows_aarch64_gnullvm	0.52.6	rolldown/rolldown;parcel-bundler/lightningcss	32a4622180e7a0ec044bb555404c800bc9fd9ec262ec147edd5989ccd0c02cd3	ALL-LOCK-FAMILY-SUPERSET-NOT-COMPILED-SBOM	microsoft/windows-rs	0.52.6				false	UNKNOWN	UNKNOWN				No matching canonical release tag resolved; no grant substituted
windows_aarch64_msvc	0.52.6	rolldown/rolldown;parcel-bundler/lightningcss	09ec2a7bb152e2252b53fa7803150007879548bc709c039df7627cabbd05d469	ALL-LOCK-FAMILY-SUPERSET-NOT-COMPILED-SBOM	microsoft/windows-rs	0.52.6				false	UNKNOWN	UNKNOWN				No matching canonical release tag resolved; no grant substituted
windows_i686_gnu	0.52.6	rolldown/rolldown;parcel-bundler/lightningcss	8e9b5ad5ab802e97eb8e295ac6720e509ee4c243f69d781394014ebfe8bbfa0b	ALL-LOCK-FAMILY-SUPERSET-NOT-COMPILED-SBOM	microsoft/windows-rs	0.52.6				false	UNKNOWN	UNKNOWN				No matching canonical release tag resolved; no grant substituted
windows_i686_gnullvm	0.52.6	rolldown/rolldown;parcel-bundler/lightningcss	0eee52d38c090b3caa76c563b86c3a4bd71ef1a819287c19d586d7334ae8ed66	ALL-LOCK-FAMILY-SUPERSET-NOT-COMPILED-SBOM	microsoft/windows-rs	0.52.6				false	UNKNOWN	UNKNOWN				No matching canonical release tag resolved; no grant substituted
windows_i686_msvc	0.52.6	rolldown/rolldown;parcel-bundler/lightningcss	240948bc05c5e7c6dabba28bf89d89ffce3e303022809e73deaefe4f6ec56c66	ALL-LOCK-FAMILY-SUPERSET-NOT-COMPILED-SBOM	microsoft/windows-rs	0.52.6				false	UNKNOWN	UNKNOWN				No matching canonical release tag resolved; no grant substituted
windows_x86_64_gnu	0.52.6	rolldown/rolldown;parcel-bundler/lightningcss	147a5c80aabfbf0c7d901cb5895d1de30ef2907eb21fbbab29ca94c5b08b1a78	ALL-LOCK-FAMILY-SUPERSET-NOT-COMPILED-SBOM	microsoft/windows-rs	0.52.6				false	UNKNOWN	UNKNOWN				No matching canonical release tag resolved; no grant substituted
windows_x86_64_gnullvm	0.52.6	rolldown/rolldown;parcel-bundler/lightningcss	24d5b23dc417412679681396f2b49f3de8c1473deb516bd34410872eff51ed0d	ALL-LOCK-FAMILY-SUPERSET-NOT-COMPILED-SBOM	microsoft/windows-rs	0.52.6				false	UNKNOWN	UNKNOWN				No matching canonical release tag resolved; no grant substituted
windows_x86_64_msvc	0.52.6	rolldown/rolldown;parcel-bundler/lightningcss	589f6da84c646204747d1270a2a5661ea66ed1cced2631d546fdfb155959f9ec	ALL-LOCK-FAMILY-SUPERSET-NOT-COMPILED-SBOM	microsoft/windows-rs	0.52.6				false	UNKNOWN	UNKNOWN				No matching canonical release tag resolved; no grant substituted
windows-collections	0.3.2	rolldown/rolldown	23b2d95af1a8a14a3c7367e1ed4fc9c20e0a26e79551b1454d72583c97cc6610	ALL-LOCK-FAMILY-SUPERSET-NOT-COMPILED-SBOM	microsoft/windows-rs	0.3.2				false	UNKNOWN	UNKNOWN				No matching canonical release tag resolved; no grant substituted
windows-core	0.52.0	parcel-bundler/lightningcss	33ab640c8d7e35bf8ba19b884ba838ceb4fba93a4e8c65a9059d08afcfc683d9	ALL-LOCK-FAMILY-SUPERSET-NOT-COMPILED-SBOM	microsoft/windows-rs	0.52.0	3a605cba064b26f2a198ac58085f8c8836f47c38	https://raw.githubusercontent.com/microsoft/windows-rs/3a605cba064b26f2a198ac58085f8c8836f47c38/crates/libs/core/Cargo.toml	0e681d06ac92cea60c23c386bcdb73ac1e6bebbf9231cb81889829aa1e4ec344	true	EXACT-SOURCE-GRANT-TEXT-OBSERVED	APPROVED-WITH-OBLIGATIONS	https://raw.githubusercontent.com/microsoft/windows-rs/3a605cba064b26f2a198ac58085f8c8836f47c38/license-mit#utf8sha256=c2cfccb812fe482101a8f04597dfc5a9991a6b2748266c47ac91b6a5aae15383;bytes=1141	MIT	Copyright (c) Microsoft Corporation.	; Legal file unavailable: license-apache
windows-core	0.62.2	rolldown/rolldown	b8e83a14d34d0623b51dce9581199302a221863196a1dde71a7663a4c2be9deb	ALL-LOCK-FAMILY-SUPERSET-NOT-COMPILED-SBOM	microsoft/windows-rs	0.62.2				false	UNKNOWN	UNKNOWN				No matching canonical release tag resolved; no grant substituted
windows-future	0.3.2	rolldown/rolldown	e1d6f90251fe18a279739e78025bd6ddc52a7e22f921070ccdc67dde84c605cb	ALL-LOCK-FAMILY-SUPERSET-NOT-COMPILED-SBOM	microsoft/windows-rs	0.3.2				false	UNKNOWN	UNKNOWN				No matching canonical release tag resolved; no grant substituted
windows-implement	0.60.2	rolldown/rolldown	053e2e040ab57b9dc951b72c264860db7eb3b0200ba345b4e4c3b14f67855ddf	ALL-LOCK-FAMILY-SUPERSET-NOT-COMPILED-SBOM	microsoft/windows-rs	0.60.2				false	UNKNOWN	UNKNOWN				No matching canonical release tag resolved; no grant substituted
windows-interface	0.59.3	rolldown/rolldown	3f316c4a2570ba26bbec722032c4099d8c8bc095efccdc15688708623367e358	ALL-LOCK-FAMILY-SUPERSET-NOT-COMPILED-SBOM	microsoft/windows-rs	0.59.3				false	UNKNOWN	UNKNOWN				No matching canonical release tag resolved; no grant substituted
windows-link	0.2.1	rolldown/rolldown	f0805222e57f7521d6a62e36fa9163bc891acd422f971defe97d64e70d0a4fe5	ALL-LOCK-FAMILY-SUPERSET-NOT-COMPILED-SBOM	microsoft/windows-rs	0.2.1				false	UNKNOWN	UNKNOWN				No matching canonical release tag resolved; no grant substituted
windows-numerics	0.3.1	rolldown/rolldown	6e2e40844ac143cdb44aead537bbf727de9b044e107a0f1220392177d15b0f26	ALL-LOCK-FAMILY-SUPERSET-NOT-COMPILED-SBOM	microsoft/windows-rs	0.3.1	875ebca8070bc53dd2244f07dc4cdea9ed3560cd	https://raw.githubusercontent.com/microsoft/windows-rs/875ebca8070bc53dd2244f07dc4cdea9ed3560cd/crates/libs/numerics/Cargo.toml		false	UNKNOWN	UNKNOWN	https://raw.githubusercontent.com/microsoft/windows-rs/875ebca8070bc53dd2244f07dc4cdea9ed3560cd/license-mit#utf8sha256=c2cfccb812fe482101a8f04597dfc5a9991a6b2748266c47ac91b6a5aae15383;bytes=1141 | https://raw.githubusercontent.com/microsoft/windows-rs/875ebca8070bc53dd2244f07dc4cdea9ed3560cd/license-apache#utf8sha256=c16f8dcf1a368b83be78d826ea23de4079fe1b4469a0ab9ee20563f37ff3d44b;bytes=11351	MIT;Apache-2.0	Copyright (c) Microsoft Corporation. | NO-NAMED-COPYRIGHT-HOLDER-IN-INSPECTED-LEGAL-TEXT	Exact manifest fetch failed: Response status code does not indicate success: 404 (Not Found).
windows-result	0.4.1	rolldown/rolldown	7781fa89eaf60850ac3d2da7af8e5242a5ea78d1a11c49bf2910bb5a73853eb5	ALL-LOCK-FAMILY-SUPERSET-NOT-COMPILED-SBOM	microsoft/windows-rs	0.4.1				false	UNKNOWN	UNKNOWN				No matching canonical release tag resolved; no grant substituted
windows-strings	0.5.1	rolldown/rolldown	7837d08f69c77cf6b07689544538e017c1bfcf57e34b4c0ff58e6c2cd3b37091	ALL-LOCK-FAMILY-SUPERSET-NOT-COMPILED-SBOM	microsoft/windows-rs	0.5.1				false	UNKNOWN	UNKNOWN				No matching canonical release tag resolved; no grant substituted
windows-sys	0.59.0	rolldown/rolldown;parcel-bundler/lightningcss	1e38bc4d79ed67fd075bcc251a1c39b32a1776bbe92e5bef1f0bf1f8c531853b	ALL-LOCK-FAMILY-SUPERSET-NOT-COMPILED-SBOM	microsoft/windows-rs	0.59.0	308e08ec259027ebbef11b8ef838923626bf821e	https://raw.githubusercontent.com/microsoft/windows-rs/308e08ec259027ebbef11b8ef838923626bf821e/crates/libs/sys/Cargo.toml	4910ea0a763743eeb7b99e8923405155f2582b5e91ba367f7307fcc7f89ac09f	true	EXACT-SOURCE-GRANT-TEXT-OBSERVED	APPROVED-WITH-OBLIGATIONS	https://raw.githubusercontent.com/microsoft/windows-rs/308e08ec259027ebbef11b8ef838923626bf821e/license-mit#utf8sha256=c2cfccb812fe482101a8f04597dfc5a9991a6b2748266c47ac91b6a5aae15383;bytes=1141	MIT	Copyright (c) Microsoft Corporation.	; Legal file unavailable: license-apache
windows-sys	0.61.2	rolldown/rolldown	ae137229bcbd6cdf0f7b80a31df61766145077ddf49416a728b02cb3921ff3fc	ALL-LOCK-FAMILY-SUPERSET-NOT-COMPILED-SBOM	microsoft/windows-rs	0.61.2				false	UNKNOWN	UNKNOWN				No matching canonical release tag resolved; no grant substituted
windows-targets	0.52.6	rolldown/rolldown;parcel-bundler/lightningcss	9b724f72796e036ab90c1021d4780d4d3d648aca59e491e6b98e725b84e99973	ALL-LOCK-FAMILY-SUPERSET-NOT-COMPILED-SBOM	microsoft/windows-rs	0.52.6				false	UNKNOWN	UNKNOWN				No matching canonical release tag resolved; no grant substituted
windows-threading	0.2.1	rolldown/rolldown	3949bd5b99cafdf1c7ca86b43ca564028dfe27d66958f2470940f73d86d75b37	ALL-LOCK-FAMILY-SUPERSET-NOT-COMPILED-SBOM	microsoft/windows-rs	0.2.1				false	UNKNOWN	UNKNOWN				No matching canonical release tag resolved; no grant substituted
