name	version	source	lock_checksum	scope	grant_screen	current_use_disposition	legal_text_urls_and_sha256	observed_grant_families	metadata_context_only	manifest_decoded_sha256	access_or_coverage_gap
ahash	0.7.8	registry+https://github.com/rust-lang/crates.io-index	891477e0c6a8957309ee5c45a6368af3ae14bb510732d2684ffa19af310920f9	ALL-LOCK-SUPERSET-NOT-COMPILED-SBOM	GRANT-TEXT-OBSERVED	APPROVED-WITH-OBLIGATIONS	https://docs.rs/crate/ahash/0.7.8/source/LICENSE-APACHE#sha256=a60eea817514531668d7e00765731449fe14d059d3249e0bc93b36de45f759f2;https://docs.rs/crate/ahash/0.7.8/source/LICENSE-MIT#sha256=ff8f68cb076caf8cefe7a6430d4ac086ce6af2ca8ce2c4e5a2004d4552ef52a2	Apache-2.0;MIT	MIT OR Apache-2.0	82b3806eb13c11e06779584a901fe334b303f8b9e2ae879c220a9d434e30fc77	NONE-RECORDED
ahash	0.8.12	registry+https://github.com/rust-lang/crates.io-index	5a15f179cd60c4584b8a8c596927aadc462e27f2ca70c04e0071964a73ba7a75	ALL-LOCK-SUPERSET-NOT-COMPILED-SBOM	GRANT-TEXT-OBSERVED	APPROVED-WITH-OBLIGATIONS	https://docs.rs/crate/ahash/0.8.12/source/LICENSE-APACHE#sha256=a60eea817514531668d7e00765731449fe14d059d3249e0bc93b36de45f759f2;https://docs.rs/crate/ahash/0.8.12/source/LICENSE-MIT#sha256=0444c6991eead6822f7b9102e654448d51624431119546492e8b231db42c48bb	Apache-2.0;MIT	MIT OR Apache-2.0	4ddbacdfae8fa9049a0f47b8f479a5e09536687917415f5c993c9c5438cbdbcd	NONE-RECORDED
aho-corasick	1.1.3	registry+https://github.com/rust-lang/crates.io-index	8e60d3430d3a69478ad0993f19238d2df97c507009a52b3c10addcd7f6bcb916	ALL-LOCK-SUPERSET-NOT-COMPILED-SBOM	GRANT-TEXT-OBSERVED	APPROVED-WITH-OBLIGATIONS	https://docs.rs/crate/aho-corasick/1.1.3/source/COPYING#sha256=01c266bced4a434da0051174d6bee16a4c82cf634e2679b6155d40d75012390f;https://docs.rs/crate/aho-corasick/1.1.3/source/LICENSE-MIT#sha256=0f96a83840e146e43c0ec96a22ec1f392e0680e6c1226e6f3ba87e0740af850f;https://docs.rs/crate/aho-corasick/1.1.3/source/UNLICENSE#sha256=7e12e5df4bae12cb21581ba157ced20e1986a0508dd10d0e8a4ab9a4cf94e85c	MIT;Unlicense	Unlicense OR MIT	99948c15c4a400ece7c3426d1dbec7ac6df1dbae1b0db77407a9b6c3fd594008	NONE-RECORDED
android-tzdata	0.1.1	registry+https://github.com/rust-lang/crates.io-index	e999941b234f3131b00bc13c22d06e8c5ff726d1b6318ac7eb276997bbb4fef0	ALL-LOCK-SUPERSET-NOT-COMPILED-SBOM	GRANT-TEXT-OBSERVED	APPROVED-WITH-OBLIGATIONS	https://docs.rs/crate/android-tzdata/0.1.1/source/LICENSE-APACHE#sha256=4458503dd48e88c4e0b945fb252a08b93c40ec757309b8ffa7c594dfa1e35104;https://docs.rs/crate/android-tzdata/0.1.1/source/LICENSE-MIT#sha256=002c2696d92b5c8cf956c11072baa58eaf9f6ade995c031ea635c6a1ee342ad1	Apache-2.0;MIT	MIT OR Apache-2.0	a87d9acc9827a50c7a96a88720c5dd055cbc08b1144dff95bd572ff977d4a79a	NONE-RECORDED
android_system_properties	0.1.5	registry+https://github.com/rust-lang/crates.io-index	819e7219dbd41043ac279b19830f2efc897156490d7fd6ea916720117ee66311	ALL-LOCK-SUPERSET-NOT-COMPILED-SBOM	GRANT-TEXT-OBSERVED	APPROVED-WITH-OBLIGATIONS	https://docs.rs/crate/android_system_properties/0.1.5/source/LICENSE-APACHE#sha256=216486f29671a4262efe32af6d84a75bef398127f8c5f369b5c8305983887a06;https://docs.rs/crate/android_system_properties/0.1.5/source/LICENSE-MIT#sha256=80f275e90d799911ed3830a7f242a2ef5a4ade2092fe0aa07bfb2d2cf2f2b95e	MIT	MIT/Apache-2.0	e9e8c037cdef7adc9794b17c13e5a014421524d67ea5048bc09cf70ef13c782c	NONE-RECORDED
anes	0.1.6	registry+https://github.com/rust-lang/crates.io-index	4b46cbb362ab8752921c97e041f5e366ee6297bd428a31275b9fcf1e380f7299	ALL-LOCK-SUPERSET-NOT-COMPILED-SBOM	UNKNOWN	UNKNOWN			MIT OR Apache-2.0	3a205c78838ae43103fe63203b06e4cec3b2a29e458a0e04342346f3e075a8ec	NO-RECOGNIZED-ROOT-GRANT-TEXT
anstyle	1.0.10	registry+https://github.com/rust-lang/crates.io-index	55cc3b69f167a1ef2e161439aa98aed94e6028e5f9a59be9a6ffb47aef1651f9	ALL-LOCK-SUPERSET-NOT-COMPILED-SBOM	GRANT-TEXT-OBSERVED	APPROVED-WITH-OBLIGATIONS	https://docs.rs/crate/anstyle/1.0.10/source/LICENSE-APACHE#sha256=c6596eb7be8581c18be736c846fb9173b69eccf6ef94c5135893ec56bd92ba08;https://docs.rs/crate/anstyle/1.0.10/source/LICENSE-MIT#sha256=3dad3b7606dec7ce40f54546e0dd485aeb52a45d4fcdfdaf830fd8349bbe43a5	Apache-2.0;MIT	MIT OR Apache-2.0	472b25bd79ec55d6141b7154d176e91c41784a0e86fb66a754c745858a1328d2	NONE-RECORDED
anyhow	1.0.102	registry+https://github.com/rust-lang/crates.io-index	7f202df86484c868dbad7eaa557ef785d5c66295e41b460ef922eca0723b842c	ALL-LOCK-SUPERSET-NOT-COMPILED-SBOM	GRANT-TEXT-OBSERVED	APPROVED-WITH-OBLIGATIONS	https://docs.rs/crate/anyhow/1.0.102/source/LICENSE-APACHE#sha256=62c7a1e35f56406896d7aa7ca52d0cc0d272ac022b5d2796e7d6905db8a3636a;https://docs.rs/crate/anyhow/1.0.102/source/LICENSE-MIT#sha256=23f18e03dc49df91622fe2a76176497404e46ced8a715d9d2b67a7446571cca3	Apache-2.0;MIT	MIT OR Apache-2.0	a89e4444e863507cfd9d4df741a9512b5db220aefe75311bd402c787a22a0bfc	NONE-RECORDED
approx	0.5.1	registry+https://github.com/rust-lang/crates.io-index	cab112f0a86d568ea0e627cc1d6be74a1e9cd55214684db5561995f6dad897c6	ALL-LOCK-SUPERSET-NOT-COMPILED-SBOM	GRANT-TEXT-OBSERVED	APPROVED-WITH-OBLIGATIONS	https://docs.rs/crate/approx/0.5.1/source/LICENSE#sha256=3ddf9be5c28fe27dad143a5dc76eea25222ad1dd68934a047064e56ed2fa40c5	Apache-2.0	Apache-2.0	78766a0a5bf02b991509fcd5423e2b845f526f28ea6b670f8b77bcbe531ac3d1	NONE-RECORDED
assert_cmd	2.0.16	registry+https://github.com/rust-lang/crates.io-index	dc1835b7f27878de8525dc71410b5a31cdcc5f230aed5ba5df968e09c201b23d	ALL-LOCK-SUPERSET-NOT-COMPILED-SBOM	GRANT-TEXT-OBSERVED	APPROVED-WITH-OBLIGATIONS	https://docs.rs/crate/assert_cmd/2.0.16/source/LICENSE-APACHE#sha256=c6596eb7be8581c18be736c846fb9173b69eccf6ef94c5135893ec56bd92ba08;https://docs.rs/crate/assert_cmd/2.0.16/source/LICENSE-MIT#sha256=6efb0476a1cc085077ed49357026d8c173bf33017278ef440f222fb9cbcb66e6	Apache-2.0;MIT	MIT OR Apache-2.0	b15d15baa67d4e29c7fa2a0aaee3e7e803de68c1c2d641ca2d53d6e9117a852a	NONE-RECORDED
assert_fs	1.1.2	registry+https://github.com/rust-lang/crates.io-index	7efdb1fdb47602827a342857666feb372712cbc64b414172bd6b167a02927674	ALL-LOCK-SUPERSET-NOT-COMPILED-SBOM	GRANT-TEXT-OBSERVED	APPROVED-WITH-OBLIGATIONS	https://docs.rs/crate/assert_fs/1.1.2/source/LICENSE-APACHE#sha256=c6596eb7be8581c18be736c846fb9173b69eccf6ef94c5135893ec56bd92ba08;https://docs.rs/crate/assert_fs/1.1.2/source/LICENSE-MIT#sha256=6efb0476a1cc085077ed49357026d8c173bf33017278ef440f222fb9cbcb66e6	Apache-2.0;MIT	MIT OR Apache-2.0	3916e78485b52696a52fcebb5f8fdf97d1b5601a5f07205ae0173fe10fba52fc	NONE-RECORDED
atty	0.2.14	registry+https://github.com/rust-lang/crates.io-index	d9b39be18770d11421cdb1b9947a45dd3f37e93092cbf377614828a319d5fee8	ALL-LOCK-SUPERSET-NOT-COMPILED-SBOM	GRANT-TEXT-OBSERVED	APPROVED-WITH-OBLIGATIONS	https://docs.rs/crate/atty/0.2.14/source/LICENSE#sha256=99fa95ba4e4cdaf71c27d73260ea069fc4515b3d02fde3020c5b562280006cbc	MIT	MIT	3af88a07af6a4adb84373fc3cd4920884b0b12b338cdb55ef598fd512ee1a790	NONE-RECORDED
autocfg	1.4.0	registry+https://github.com/rust-lang/crates.io-index	ace50bade8e6234aa140d9a2f552bbee1db4d353f69b8217bc503490fc1a9f26	ALL-LOCK-SUPERSET-NOT-COMPILED-SBOM	GRANT-TEXT-OBSERVED	APPROVED-WITH-OBLIGATIONS	https://docs.rs/crate/autocfg/1.4.0/source/LICENSE-APACHE#sha256=a60eea817514531668d7e00765731449fe14d059d3249e0bc93b36de45f759f2;https://docs.rs/crate/autocfg/1.4.0/source/LICENSE-MIT#sha256=27995d58ad5c1145c1a8cd86244ce844886958a35eb2b78c6b772748669999ac	Apache-2.0;MIT	Apache-2.0 OR MIT	15da0fa76903c4d9a81a431b47ac682203329511c0eaf5328e727240dc756cdd	NONE-RECORDED
base64-simd	0.7.0	registry+https://github.com/rust-lang/crates.io-index	781dd20c3aff0bd194fe7d2a977dd92f21c173891f3a03b677359e5fa457e5d5	ALL-LOCK-SUPERSET-NOT-COMPILED-SBOM	UNKNOWN	UNKNOWN			MIT	bf2c746cfa4f88f1654790d316415e6da5e182eb0cad911c33c17bbd8a06cd9f	NO-RECOGNIZED-ROOT-GRANT-TEXT
bitflags	1.3.2	registry+https://github.com/rust-lang/crates.io-index	bef38d45163c2f1dde094a7dfd33ccf595c92905c8f8f4fdc18d06fb1037718a	ALL-LOCK-SUPERSET-NOT-COMPILED-SBOM	GRANT-TEXT-OBSERVED	APPROVED-WITH-OBLIGATIONS	https://docs.rs/crate/bitflags/1.3.2/source/LICENSE-APACHE#sha256=a60eea817514531668d7e00765731449fe14d059d3249e0bc93b36de45f759f2;https://docs.rs/crate/bitflags/1.3.2/source/LICENSE-MIT#sha256=6485b8ed310d3f0340bf1ad1f47645069ce4069dcc6bb46c7d5c6faf41de1fdb	Apache-2.0;MIT	MIT/Apache-2.0	847e48b531359de75d3c345677f198d983fd5761042fc465be03ea589543d634	NONE-RECORDED
bitflags	2.6.0	registry+https://github.com/rust-lang/crates.io-index	b048fb63fd8b5923fc5aa7b340d8e156aec7ec02f0c78fa8a6ddc2613f6f71de	ALL-LOCK-SUPERSET-NOT-COMPILED-SBOM	GRANT-TEXT-OBSERVED	APPROVED-WITH-OBLIGATIONS	https://docs.rs/crate/bitflags/2.6.0/source/LICENSE-APACHE#sha256=a60eea817514531668d7e00765731449fe14d059d3249e0bc93b36de45f759f2;https://docs.rs/crate/bitflags/2.6.0/source/LICENSE-MIT#sha256=6485b8ed310d3f0340bf1ad1f47645069ce4069dcc6bb46c7d5c6faf41de1fdb	Apache-2.0;MIT	MIT OR Apache-2.0	4d492649335fcf9041a1f636db95d3870514acb08f7ac34a25a08e676e6b173d	NONE-RECORDED
bitvec	1.0.1	registry+https://github.com/rust-lang/crates.io-index	1bc2832c24239b0141d5674bb9174f9d68a8b5b3f2753311927c172ca46f7e9c	ALL-LOCK-SUPERSET-NOT-COMPILED-SBOM	GRANT-TEXT-OBSERVED	APPROVED-WITH-OBLIGATIONS	https://docs.rs/crate/bitvec/1.0.1/source/LICENSE.txt#sha256=411781fd38700f2357a14126d0ab048164ab881f1dcb335c1bb932e232c9a2f5	MIT	MIT	cd4c8a0ae402bf7156c3fa4f88cd5ed11f765053409a9f296273fc0980a81d29	NONE-RECORDED
browserslist-data	0.1.1	registry+https://github.com/rust-lang/crates.io-index	c49471c5ae53cefe3ac4acc4d3c75cb4b68995b70b3bbb864f8e08fae282098c	ALL-LOCK-SUPERSET-NOT-COMPILED-SBOM	UNKNOWN	UNKNOWN			MIT	20e1e493540afc828aa77b42f81f94b1d8ec5266e92da6b6f30f8aa5829c6230	NO-RECOGNIZED-ROOT-GRANT-TEXT
browserslist-rs	0.19.0	registry+https://github.com/rust-lang/crates.io-index	8dd48a6ca358df4f7000e3fb5f08738b1b91a0e5d5f862e2f77b2b14647547f5	ALL-LOCK-SUPERSET-NOT-COMPILED-SBOM	GRANT-TEXT-OBSERVED	APPROVED-WITH-OBLIGATIONS	https://docs.rs/crate/browserslist-rs/0.19.0/source/LICENSE#sha256=982d71ece9934b3bb7b95cec8a143d0db7523537fce588387dec98bbe72edbe5	MIT	MIT	8b7372d330fcaab8c09bb0015b424ad5e5bd0813daa1d50a9541bdb32b8a5441	NONE-RECORDED
bstr	1.11.1	registry+https://github.com/rust-lang/crates.io-index	786a307d683a5bf92e6fd5fd69a7eb613751668d1d8d67d802846dfe367c62c8	ALL-LOCK-SUPERSET-NOT-COMPILED-SBOM	GRANT-TEXT-OBSERVED	APPROVED-WITH-OBLIGATIONS	https://docs.rs/crate/bstr/1.11.1/source/COPYING#sha256=68653aaa727a2bfa31b7a751e31701ce33c49d695c12dd291a07d1c54da4c14b;https://docs.rs/crate/bstr/1.11.1/source/LICENSE-APACHE#sha256=a60eea817514531668d7e00765731449fe14d059d3249e0bc93b36de45f759f2;https://docs.rs/crate/bstr/1.11.1/source/LICENSE-MIT#sha256=NOT-READ:HTTP-429	Apache-2.0	MIT OR Apache-2.0	a3b652cc3a9ef6e60208de3b67bc466a735b3d1cad5c13d1bc904becb14acc19	NONE-RECORDED
bumpalo	3.16.0	registry+https://github.com/rust-lang/crates.io-index	79296716171880943b8470b5f8d03aa55eb2e645a4874bdbb28adb49162e012c	ALL-LOCK-SUPERSET-NOT-COMPILED-SBOM	GRANT-TEXT-OBSERVED	APPROVED-WITH-OBLIGATIONS	https://docs.rs/crate/bumpalo/3.16.0/source/LICENSE-APACHE#sha256=a60eea817514531668d7e00765731449fe14d059d3249e0bc93b36de45f759f2;https://docs.rs/crate/bumpalo/3.16.0/source/LICENSE-MIT#sha256=65f94e99ddaf4f5d1782a6dae23f35d4293a9a01444a13135a6887017d353cee	Apache-2.0;MIT	MIT OR Apache-2.0	bb449848b519f6f0531840a9a18fc87e1a17c57bd3edc3ae6d71b570fb4e3e6e	NONE-RECORDED
bytecheck	0.6.12	registry+https://github.com/rust-lang/crates.io-index	23cdc57ce23ac53c931e88a43d06d070a6fd142f2617be5855eb75efc9beb1c2	ALL-LOCK-SUPERSET-NOT-COMPILED-SBOM	GRANT-TEXT-OBSERVED	APPROVED-WITH-OBLIGATIONS	https://docs.rs/crate/bytecheck/0.6.12/source/LICENSE#sha256=fd8fd6dd623c97a311881bac2621022a29d2bdf31caa784f029d965dfa9491b6	MIT			HTTP-429
bytecheck_derive	0.6.12	registry+https://github.com/rust-lang/crates.io-index	3db406d29fbcd95542e92559bed4d8ad92636d1ca8b3b72ede10b4bcc010e659	ALL-LOCK-SUPERSET-NOT-COMPILED-SBOM	GRANT-TEXT-OBSERVED	APPROVED-WITH-OBLIGATIONS	https://docs.rs/crate/bytecheck_derive/0.6.12/source/LICENSE#sha256=fd8fd6dd623c97a311881bac2621022a29d2bdf31caa784f029d965dfa9491b6	MIT			HTTP-429
bytes	1.9.0	registry+https://github.com/rust-lang/crates.io-index	325918d6fe32f23b19878fe4b34794ae41fc19ddbe53b10571a4874d44ffd39b	ALL-LOCK-SUPERSET-NOT-COMPILED-SBOM	GRANT-TEXT-OBSERVED	APPROVED-WITH-OBLIGATIONS	https://docs.rs/crate/bytes/1.9.0/source/LICENSE#sha256=45f522cacecb1023856e46df79ca625dfc550c94910078bd8aec6e02880b3d42	MIT	MIT	3c02d826a50d2aaadc1c0446daf57fa42f1387f32c2734d5db6c21145ab2c5fb	NONE-RECORDED
cast	0.3.0	registry+https://github.com/rust-lang/crates.io-index	37b2a672a2cb129a2e41c10b1224bb368f9f37a2b16b612598138befd7b37eb5	ALL-LOCK-SUPERSET-NOT-COMPILED-SBOM	GRANT-TEXT-OBSERVED	APPROVED-WITH-OBLIGATIONS	https://docs.rs/crate/cast/0.3.0/source/LICENSE-APACHE#sha256=a60eea817514531668d7e00765731449fe14d059d3249e0bc93b36de45f759f2;https://docs.rs/crate/cast/0.3.0/source/LICENSE-MIT#sha256=NOT-READ:HTTP-429	Apache-2.0			HTTP-429
cbindgen	0.24.5	registry+https://github.com/rust-lang/crates.io-index	4b922faaf31122819ec80c4047cc684c6979a087366c069611e33649bf98e18d	ALL-LOCK-SUPERSET-NOT-COMPILED-SBOM	UNKNOWN	UNKNOWN					HTTP-429
cc	1.2.5	registry+https://github.com/rust-lang/crates.io-index	c31a0499c1dc64f458ad13872de75c0eb7e3fdb0e67964610c914b034fc5956e	ALL-LOCK-SUPERSET-NOT-COMPILED-SBOM	UNKNOWN	UNKNOWN	https://docs.rs/crate/cc/1.2.5/source/LICENSE-APACHE#sha256=NOT-READ:HTTP-429;https://docs.rs/crate/cc/1.2.5/source/LICENSE-MIT#sha256=NOT-READ:HTTP-429				HTTP-429
cfg-if	1.0.0	registry+https://github.com/rust-lang/crates.io-index	baf1de4339761588bc0619e3cbc0120ee582ebb74b53b4efbf79117bd2da40fd	ALL-LOCK-SUPERSET-NOT-COMPILED-SBOM	GRANT-TEXT-OBSERVED	APPROVED-WITH-OBLIGATIONS	https://docs.rs/crate/cfg-if/1.0.0/source/LICENSE-APACHE#sha256=NOT-READ:HTTP-429;https://docs.rs/crate/cfg-if/1.0.0/source/LICENSE-MIT#sha256=378f5840b258e2779c39418f3f2d7b2ba96f1c7917dd6be0713f88305dbda397	MIT			HTTP-429
cfg_aliases	0.2.1	registry+https://github.com/rust-lang/crates.io-index	613afe47fcd5fac7ccf1db93babcb082c5994d996f20b8b159f2ad1658eb5724	ALL-LOCK-SUPERSET-NOT-COMPILED-SBOM	UNKNOWN	UNKNOWN					HTTP-429
chrono	0.4.39	registry+https://github.com/rust-lang/crates.io-index	7e36cc9d416881d2e24f9a963be5fb1cd90966419ac844274161d10488b3e825	ALL-LOCK-SUPERSET-NOT-COMPILED-SBOM	UNKNOWN	UNKNOWN	https://docs.rs/crate/chrono/0.4.39/source/LICENSE.txt#sha256=NOT-READ:HTTP-429		MIT OR Apache-2.0	168148099b169219ceaa0b4dbb63ef1ffe4a2fca4d73233d50422a0a88153383	NO-RECOGNIZED-ROOT-GRANT-TEXT
ciborium	0.2.2	registry+https://github.com/rust-lang/crates.io-index	42e69ffd6f0917f5c029256a24d0161db17cea3997d185db0d35926308770f0e	ALL-LOCK-SUPERSET-NOT-COMPILED-SBOM	UNKNOWN	UNKNOWN	https://docs.rs/crate/ciborium/0.2.2/source/LICENSE#sha256=NOT-READ:HTTP-429		Apache-2.0	b7511734761d1d08e1ab4f7db03f3856a7ec513b018e8c4184157a30869a0520	NO-RECOGNIZED-ROOT-GRANT-TEXT
ciborium-io	0.2.2	registry+https://github.com/rust-lang/crates.io-index	05afea1e0a06c9be33d539b876f1ce3692f4afea2cb41f740e7743225ed1c757	ALL-LOCK-SUPERSET-NOT-COMPILED-SBOM	UNKNOWN	UNKNOWN	https://docs.rs/crate/ciborium-io/0.2.2/source/LICENSE#sha256=NOT-READ:HTTP-429				HTTP-429
ciborium-ll	0.2.2	registry+https://github.com/rust-lang/crates.io-index	57663b653d948a338bfb3eeba9bb2fd5fcfaecb9e199e87e1eda4d9e8b240fd9	ALL-LOCK-SUPERSET-NOT-COMPILED-SBOM	UNKNOWN	UNKNOWN	https://docs.rs/crate/ciborium-ll/0.2.2/source/LICENSE#sha256=NOT-READ:HTTP-429				HTTP-429
clap	3.2.25	registry+https://github.com/rust-lang/crates.io-index	4ea181bf566f71cb9a5d17a59e1871af638180a18fb0035c92ae62b705207123	ALL-LOCK-SUPERSET-NOT-COMPILED-SBOM	UNKNOWN	UNKNOWN					HTTP-429
clap	4.5.60	registry+https://github.com/rust-lang/crates.io-index	2797f34da339ce31042b27d23607e051786132987f595b02ba4f6a6dffb7030a	ALL-LOCK-SUPERSET-NOT-COMPILED-SBOM	UNKNOWN	UNKNOWN					HTTP-429
clap_builder	4.5.60	registry+https://github.com/rust-lang/crates.io-index	24a241312cea5059b13574bb9b3861cabf758b879c15190b37b6d6fd63ab6876	ALL-LOCK-SUPERSET-NOT-COMPILED-SBOM	UNKNOWN	UNKNOWN					HTTP-429
clap_derive	3.2.25	registry+https://github.com/rust-lang/crates.io-index	ae6371b8bdc8b7d3959e9cf7b22d4435ef3e79e138688421ec654acf8c81b008	ALL-LOCK-SUPERSET-NOT-COMPILED-SBOM	UNKNOWN	UNKNOWN					HTTP-429
clap_lex	0.2.4	registry+https://github.com/rust-lang/crates.io-index	2850f2f5a82cbf437dd5af4d49848fbdfc27c157c3d010345776f952765261c5	ALL-LOCK-SUPERSET-NOT-COMPILED-SBOM	UNKNOWN	UNKNOWN	https://docs.rs/crate/clap_lex/0.2.4/source/LICENSE-APACHE#sha256=NOT-READ:HTTP-429;https://docs.rs/crate/clap_lex/0.2.4/source/LICENSE-MIT#sha256=NOT-READ:HTTP-429				HTTP-429
clap_lex	1.1.0	registry+https://github.com/rust-lang/crates.io-index	c8d4a3bb8b1e0c1050499d1815f5ab16d04f0959b233085fb31653fbfc9d98f9	ALL-LOCK-SUPERSET-NOT-COMPILED-SBOM	UNKNOWN	UNKNOWN					HTTP-429
codspeed	4.6.0	registry+https://github.com/rust-lang/crates.io-index	d7ce4a32373a5c84f4fa785099b300b9b1796311abc122b9eb62c65fa615145d	ALL-LOCK-SUPERSET-NOT-COMPILED-SBOM	UNKNOWN	UNKNOWN					HTTP-429
codspeed-criterion-compat	4.6.0	registry+https://github.com/rust-lang/crates.io-index	f5557c4e023f427ba208b849193c51c2ebd40534828490cd3f5f7f7fc0284ce5	ALL-LOCK-SUPERSET-NOT-COMPILED-SBOM	UNKNOWN	UNKNOWN			MIT OR Apache-2.0	5848c6ec67581677331cca4a3b11c615aa912dc7a7158572a91180a8e1c82d9b	NO-RECOGNIZED-ROOT-GRANT-TEXT
codspeed-criterion-compat-walltime	4.6.0	registry+https://github.com/rust-lang/crates.io-index	43ac19f0a5c3542301e9d011d658f93c3f550698ec8ba7d7c072692e7924c401	ALL-LOCK-SUPERSET-NOT-COMPILED-SBOM	UNKNOWN	UNKNOWN					HTTP-429
colored	2.2.0	registry+https://github.com/rust-lang/crates.io-index	117725a109d387c937a1533ce01b450cbde6b88abceea8473c4d7a85853cda3c	ALL-LOCK-SUPERSET-NOT-COMPILED-SBOM	UNKNOWN	UNKNOWN					HTTP-429
const-str	1.1.0	registry+https://github.com/rust-lang/crates.io-index	18f12cc9948ed9604230cdddc7c86e270f9401ccbe3c2e98a4378c5e7632212f	ALL-LOCK-SUPERSET-NOT-COMPILED-SBOM	UNKNOWN	UNKNOWN	https://docs.rs/crate/const-str/1.1.0/source/LICENSE#sha256=NOT-READ:HTTP-429				HTTP-429
convert_case	0.6.0	registry+https://github.com/rust-lang/crates.io-index	ec182b0ca2f35d8fc196cf3404988fd8b8c739a4d270ff118a398feb0cbec1ca	ALL-LOCK-SUPERSET-NOT-COMPILED-SBOM	UNKNOWN	UNKNOWN					HTTP-429
core-foundation-sys	0.8.7	registry+https://github.com/rust-lang/crates.io-index	773648b94d0e5d620f64f280777445740e61fe701025087ec8b57f45c791888b	ALL-LOCK-SUPERSET-NOT-COMPILED-SBOM	GRANT-TEXT-OBSERVED	APPROVED-WITH-OBLIGATIONS	https://docs.rs/crate/core-foundation-sys/0.8.7/source/LICENSE-APACHE#sha256=NOT-READ:HTTP-429;https://docs.rs/crate/core-foundation-sys/0.8.7/source/LICENSE-MIT#sha256=62065228e42caebca7e7d7db1204cbb867033de5982ca4009928915e4095f3a3	MIT			HTTP-429
criterion-plot	0.5.0	registry+https://github.com/rust-lang/crates.io-index	6b50826342786a51a89e2da3a28f1c32b06e387201bc2d19791f622c673706b1	ALL-LOCK-SUPERSET-NOT-COMPILED-SBOM	UNKNOWN	UNKNOWN					HTTP-429
crossbeam-channel	0.5.14	registry+https://github.com/rust-lang/crates.io-index	06ba6d68e24814cb8de6bb986db8222d3a027d15872cabc0d18817bc3c0e4471	ALL-LOCK-SUPERSET-NOT-COMPILED-SBOM	GRANT-TEXT-OBSERVED	APPROVED-WITH-OBLIGATIONS	https://docs.rs/crate/crossbeam-channel/0.5.14/source/LICENSE-APACHE#sha256=NOT-READ:HTTP-429;https://docs.rs/crate/crossbeam-channel/0.5.14/source/LICENSE-MIT#sha256=5734ed989dfca1f625b40281ee9f4530f91b2411ec01cb748223e7eb87e201ab;https://docs.rs/crate/crossbeam-channel/0.5.14/source/LICENSE-THIRD-PARTY#sha256=b16db96b93b1d7cf7bea533f572091ec6bca3234fbe0a83038be772ff391a44c	MIT;Apache-2.0;BSD-3-Clause			HTTP-429
crossbeam-deque	0.8.6	registry+https://github.com/rust-lang/crates.io-index	9dd111b7b7f7d55b72c0a6ae361660ee5853c9af73f70c3c2ef6858b950e2e51	ALL-LOCK-SUPERSET-NOT-COMPILED-SBOM	UNKNOWN	UNKNOWN					HTTP-429
crossbeam-epoch	0.9.18	registry+https://github.com/rust-lang/crates.io-index	5b82ac4a3c2ca9c3460964f020e1402edd5753411d7737aa39c3714ad1b5420e	ALL-LOCK-SUPERSET-NOT-COMPILED-SBOM	UNKNOWN	UNKNOWN					HTTP-429
crossbeam-utils	0.8.21	registry+https://github.com/rust-lang/crates.io-index	d0a5c400df2834b80a4c3327b3aad3a4c4cd4de0629063962b03235697506a28	ALL-LOCK-SUPERSET-NOT-COMPILED-SBOM	UNKNOWN	UNKNOWN					HTTP-429
crunchy	0.2.4	registry+https://github.com/rust-lang/crates.io-index	460fbee9c2c2f33933d720630a6a0bac33ba7053db5344fac858d4b8952d77d5	ALL-LOCK-SUPERSET-NOT-COMPILED-SBOM	GRANT-TEXT-OBSERVED	APPROVED-WITH-OBLIGATIONS	https://docs.rs/crate/crunchy/0.2.4/source/LICENSE#sha256=3eab77734a181b2a2e8418af9004f960f715f04aac4d76a26cf774f63a7b13d1	MIT			HTTP-429
cssparser	0.37.0	registry+https://github.com/rust-lang/crates.io-index	8c9cdaae01d5ed7882b04d795e7f752f46ff52d2fa3b50a20d28c464510bba98	ALL-LOCK-SUPERSET-NOT-COMPILED-SBOM	UNKNOWN	UNKNOWN	https://docs.rs/crate/cssparser/0.37.0/source/LICENSE#sha256=NOT-READ:HTTP-429				HTTP-429
cssparser-color	0.5.0	registry+https://github.com/rust-lang/crates.io-index	bbaa233e1dcd9c13a5d3e3a8a2c0f5a727bac380398345dbcb31db4597edc86b	ALL-LOCK-SUPERSET-NOT-COMPILED-SBOM	UNKNOWN	UNKNOWN					HTTP-429
cssparser-macros	0.7.0	registry+https://github.com/rust-lang/crates.io-index	10a2a99df6e410a8ff4245aa2006499ea662245f967cc7c0a38c83ef8eb44dbf	ALL-LOCK-SUPERSET-NOT-COMPILED-SBOM	UNKNOWN	UNKNOWN					HTTP-429
ctor	0.2.9	registry+https://github.com/rust-lang/crates.io-index	32a2785755761f3ddc1492979ce1e48d2c00d09311c39e4466429188f3dd6501	ALL-LOCK-SUPERSET-NOT-COMPILED-SBOM	UNKNOWN	UNKNOWN					HTTP-429
dashmap	5.5.3	registry+https://github.com/rust-lang/crates.io-index	978747c1d849a7d2ee5e8adc0159961c48fb7e5db2f06af6723b80123bb53856	ALL-LOCK-SUPERSET-NOT-COMPILED-SBOM	UNKNOWN	UNKNOWN					HTTP-429
data-encoding	2.6.0	registry+https://github.com/rust-lang/crates.io-index	e8566979429cf69b49a5c740c60791108e86440e8be149bbea4fe54d2c32d6e2	ALL-LOCK-SUPERSET-NOT-COMPILED-SBOM	UNKNOWN	UNKNOWN					HTTP-429
data-url	0.1.1	registry+https://github.com/rust-lang/crates.io-index	3a30bfce702bcfa94e906ef82421f2c0e61c076ad76030c16ee5d2e9a32fe193	ALL-LOCK-SUPERSET-NOT-COMPILED-SBOM	GRANT-TEXT-OBSERVED	APPROVED-WITH-OBLIGATIONS	https://docs.rs/crate/data-url/0.1.1/source/LICENSE-APACHE#sha256=a60eea817514531668d7e00765731449fe14d059d3249e0bc93b36de45f759f2;https://docs.rs/crate/data-url/0.1.1/source/LICENSE-MIT#sha256=NOT-READ:HTTP-429	Apache-2.0			HTTP-429
diff	0.1.13	registry+https://github.com/rust-lang/crates.io-index	56254986775e3233ffa9c4d7d3faaf6d36a2c09d30b20687e9f88bc8bafc16c8	ALL-LOCK-SUPERSET-NOT-COMPILED-SBOM	UNKNOWN	UNKNOWN	https://docs.rs/crate/diff/0.1.13/source/LICENSE-APACHE#sha256=NOT-READ:HTTP-429;https://docs.rs/crate/diff/0.1.13/source/LICENSE-MIT#sha256=NOT-READ:HTTP-429		MIT OR Apache-2.0	c8ea71f523d7f241ff0ee61e32cb0212d2c82cc603f0734a51716f88ada2fae0	NO-RECOGNIZED-ROOT-GRANT-TEXT
difflib	0.4.0	registry+https://github.com/rust-lang/crates.io-index	6184e33543162437515c2e2b48714794e37845ec9851711914eec9d308f6ebe8	ALL-LOCK-SUPERSET-NOT-COMPILED-SBOM	UNKNOWN	UNKNOWN					HTTP-429
doc-comment	0.3.3	registry+https://github.com/rust-lang/crates.io-index	fea41bba32d969b513997752735605054bc0dfa92b4c56bf1189f2e174be7a10	ALL-LOCK-SUPERSET-NOT-COMPILED-SBOM	UNKNOWN	UNKNOWN					HTTP-429
dtoa	1.0.9	registry+https://github.com/rust-lang/crates.io-index	dcbb2bf8e87535c23f7a8a321e364ce21462d0ff10cb6407820e8e96dfff6653	ALL-LOCK-SUPERSET-NOT-COMPILED-SBOM	UNKNOWN	UNKNOWN	https://docs.rs/crate/dtoa/1.0.9/source/LICENSE-APACHE#sha256=NOT-READ:HTTP-429;https://docs.rs/crate/dtoa/1.0.9/source/LICENSE-MIT#sha256=NOT-READ:HTTP-429		MIT OR Apache-2.0	ba0de05ead5bacacb4fda5269c405372303edb56d9ab666611a9bdf52776a7e4	NO-RECOGNIZED-ROOT-GRANT-TEXT
dtoa-short	0.3.5	registry+https://github.com/rust-lang/crates.io-index	cd1511a7b6a56299bd043a9c167a6d2bfb37bf84a6dfceaba651168adfb43c87	ALL-LOCK-SUPERSET-NOT-COMPILED-SBOM	UNKNOWN	UNKNOWN					HTTP-429
dyn-clone	1.0.17	registry+https://github.com/rust-lang/crates.io-index	0d6ef0072f8a535281e4876be788938b528e9a1d43900b82c2569af7da799125	ALL-LOCK-SUPERSET-NOT-COMPILED-SBOM	GRANT-TEXT-OBSERVED	APPROVED-WITH-OBLIGATIONS	https://docs.rs/crate/dyn-clone/1.0.17/source/LICENSE-APACHE#sha256=NOT-READ:HTTP-429;https://docs.rs/crate/dyn-clone/1.0.17/source/LICENSE-MIT#sha256=23f18e03dc49df91622fe2a76176497404e46ced8a715d9d2b67a7446571cca3	MIT			HTTP-429
either	1.13.0	registry+https://github.com/rust-lang/crates.io-index	60b1af1c220855b6ceac025d3f6ecdd2b7c4894bfe9cd9bda4fbb4bc7c0d4cf0	ALL-LOCK-SUPERSET-NOT-COMPILED-SBOM	GRANT-TEXT-OBSERVED	APPROVED-WITH-OBLIGATIONS	https://docs.rs/crate/either/1.13.0/source/LICENSE-APACHE#sha256=a60eea817514531668d7e00765731449fe14d059d3249e0bc93b36de45f759f2;https://docs.rs/crate/either/1.13.0/source/LICENSE-MIT#sha256=NOT-READ:HTTP-429	Apache-2.0			HTTP-429
equivalent	1.0.1	registry+https://github.com/rust-lang/crates.io-index	5443807d6dff69373d433ab9ef5378ad8df50ca6298caf15de6e52e24aaf54d5	ALL-LOCK-SUPERSET-NOT-COMPILED-SBOM	GRANT-TEXT-OBSERVED	APPROVED-WITH-OBLIGATIONS	https://docs.rs/crate/equivalent/1.0.1/source/LICENSE-APACHE#sha256=a60eea817514531668d7e00765731449fe14d059d3249e0bc93b36de45f759f2;https://docs.rs/crate/equivalent/1.0.1/source/LICENSE-MIT#sha256=NOT-READ:HTTP-429	Apache-2.0	Apache-2.0 OR MIT	269238a03d5acb54f4605c7c18ce3a6ac1be99cd52c5d58232ebb6f9233181a3	NONE-RECORDED
errno	0.3.10	registry+https://github.com/rust-lang/crates.io-index	33d852cb9b869c2a9b3df2f71a3074817f01e1844f839a144f5fcef059a4eb5d	ALL-LOCK-SUPERSET-NOT-COMPILED-SBOM	GRANT-TEXT-OBSERVED	APPROVED-WITH-OBLIGATIONS	https://docs.rs/crate/errno/0.3.10/source/LICENSE-APACHE#sha256=NOT-READ:HTTP-429;https://docs.rs/crate/errno/0.3.10/source/LICENSE-MIT#sha256=8764a597675778ddfd4e25f81b08a05dbcf089ac05662df7613fe67f150e3aa2	MIT	MIT OR Apache-2.0	ecd01e9c9759f5d0f283354e63a15f6238506c08e8b09abb8d8cde32e171298b	NONE-RECORDED
fastrand	2.3.0	registry+https://github.com/rust-lang/crates.io-index	37909eebbb50d72f9059c3b6d82c0463f2ff062c9e95845c43a6c9c0355411be	ALL-LOCK-SUPERSET-NOT-COMPILED-SBOM	UNKNOWN	UNKNOWN					HTTP-429
float-cmp	0.9.0	registry+https://github.com/rust-lang/crates.io-index	98de4bbd547a563b716d8dfa9aad1cb19bfab00f4fa09a6a4ed21dbcf44ce9c4	ALL-LOCK-SUPERSET-NOT-COMPILED-SBOM	UNKNOWN	UNKNOWN	https://docs.rs/crate/float-cmp/0.9.0/source/LICENSE#sha256=NOT-READ:HTTP-429				HTTP-429
fs_extra	1.3.0	registry+https://github.com/rust-lang/crates.io-index	42703706b716c37f96a77aea830392ad231f44c9e9a67872fa5548707e11b11c	ALL-LOCK-SUPERSET-NOT-COMPILED-SBOM	UNKNOWN	UNKNOWN					HTTP-429
funty	2.0.0	registry+https://github.com/rust-lang/crates.io-index	e6d5a32815ae3f33302d95fdcb2ce17862f8c65363dcfd29360480ba1001fc9c	ALL-LOCK-SUPERSET-NOT-COMPILED-SBOM	UNKNOWN	UNKNOWN					HTTP-429
getrandom	0.2.15	registry+https://github.com/rust-lang/crates.io-index	c4567c8db10ae91089c99af84c68c38da3ec2f087c3f82960bcdbf3656b6f4d7	ALL-LOCK-SUPERSET-NOT-COMPILED-SBOM	UNKNOWN	UNKNOWN					HTTP-429
getrandom	0.3.3	registry+https://github.com/rust-lang/crates.io-index	26145e563e54f2cadc477553f1ec5ee650b00862f0a58bcd12cbdc5f0ea2d2f4	ALL-LOCK-SUPERSET-NOT-COMPILED-SBOM	UNKNOWN	UNKNOWN					HTTP-429
glob	0.3.3	registry+https://github.com/rust-lang/crates.io-index	0cc23270f6e1808e30a928bdc84dea0b9b4136a8bc82338574f23baf47bbd280	ALL-LOCK-SUPERSET-NOT-COMPILED-SBOM	GRANT-TEXT-OBSERVED	APPROVED-WITH-OBLIGATIONS	https://docs.rs/crate/glob/0.3.3/source/LICENSE-APACHE#sha256=NOT-READ:HTTP-429;https://docs.rs/crate/glob/0.3.3/source/LICENSE-MIT#sha256=6485b8ed310d3f0340bf1ad1f47645069ce4069dcc6bb46c7d5c6faf41de1fdb	MIT			HTTP-429
globset	0.4.15	registry+https://github.com/rust-lang/crates.io-index	15f1ce686646e7f1e19bf7d5533fe443a45dbfb990e00629110797578b42fb19	ALL-LOCK-SUPERSET-NOT-COMPILED-SBOM	UNKNOWN	UNKNOWN	https://docs.rs/crate/globset/0.4.15/source/COPYING#sha256=NOT-READ:HTTP-429;https://docs.rs/crate/globset/0.4.15/source/LICENSE-MIT#sha256=NOT-READ:HTTP-429;https://docs.rs/crate/globset/0.4.15/source/UNLICENSE#sha256=NOT-READ:HTTP-429				HTTP-429
globwalk	0.9.1	registry+https://github.com/rust-lang/crates.io-index	0bf760ebf69878d9fd8f110c89703d90ce35095324d1f1edcb595c63945ee757	ALL-LOCK-SUPERSET-NOT-COMPILED-SBOM	UNKNOWN	UNKNOWN					HTTP-429
half	2.7.1	registry+https://github.com/rust-lang/crates.io-index	6ea2d84b969582b4b1864a92dc5d27cd2b77b622a8d79306834f1be5ba20d84b	ALL-LOCK-SUPERSET-NOT-COMPILED-SBOM	UNKNOWN	UNKNOWN	https://docs.rs/crate/half/2.7.1/source/LICENSE-APACHE#sha256=NOT-READ:HTTP-429;https://docs.rs/crate/half/2.7.1/source/LICENSE-MIT#sha256=NOT-READ:HTTP-429				HTTP-429
hashbrown	0.12.3	registry+https://github.com/rust-lang/crates.io-index	8a9ee70c43aaf417c914396645a0fa852624801b24ebb7ae78fe8272889ac888	ALL-LOCK-SUPERSET-NOT-COMPILED-SBOM	UNKNOWN	UNKNOWN	https://docs.rs/crate/hashbrown/0.12.3/source/LICENSE-APACHE#sha256=NOT-READ:HTTP-429;https://docs.rs/crate/hashbrown/0.12.3/source/LICENSE-MIT#sha256=NOT-READ:HTTP-429				HTTP-429
hashbrown	0.14.5	registry+https://github.com/rust-lang/crates.io-index	e5274423e17b7c9fc20b6e7e208532f9b19825d82dfd615708b70edd83df41f1	ALL-LOCK-SUPERSET-NOT-COMPILED-SBOM	UNKNOWN	UNKNOWN	https://docs.rs/crate/hashbrown/0.14.5/source/LICENSE-APACHE#sha256=NOT-READ:HTTP-429;https://docs.rs/crate/hashbrown/0.14.5/source/LICENSE-MIT#sha256=NOT-READ:HTTP-429				HTTP-429
hashbrown	0.15.2	registry+https://github.com/rust-lang/crates.io-index	bf151400ff0baff5465007dd2f3e717f3fe502074ca563069ce3a6629d07b289	ALL-LOCK-SUPERSET-NOT-COMPILED-SBOM	GRANT-TEXT-OBSERVED	APPROVED-WITH-OBLIGATIONS	https://docs.rs/crate/hashbrown/0.15.2/source/LICENSE-APACHE#sha256=NOT-READ:HTTP-429;https://docs.rs/crate/hashbrown/0.15.2/source/LICENSE-MIT#sha256=ff8f68cb076caf8cefe7a6430d4ac086ce6af2ca8ce2c4e5a2004d4552ef52a2	MIT	MIT OR Apache-2.0	2c7844395963a73067313eb1761a98327d30428476e00b6d65c1f08ea4d57fb5	NONE-RECORDED
heck	0.4.1	registry+https://github.com/rust-lang/crates.io-index	95505c38b4572b2d910cecb0281560f54b440a19336cbbcb27bf6ce6adc6f5a8	ALL-LOCK-SUPERSET-NOT-COMPILED-SBOM	UNKNOWN	UNKNOWN					HTTP-429
hermit-abi	0.1.19	registry+https://github.com/rust-lang/crates.io-index	62b467343b94ba476dcb2500d242dadbb39557df889310ac77c5d99100aaac33	ALL-LOCK-SUPERSET-NOT-COMPILED-SBOM	GRANT-TEXT-OBSERVED	APPROVED-WITH-OBLIGATIONS	https://docs.rs/crate/hermit-abi/0.1.19/source/LICENSE-APACHE#sha256=a60eea817514531668d7e00765731449fe14d059d3249e0bc93b36de45f759f2;https://docs.rs/crate/hermit-abi/0.1.19/source/LICENSE-MIT#sha256=23f18e03dc49df91622fe2a76176497404e46ced8a715d9d2b67a7446571cca3	Apache-2.0;MIT			HTTP-429
hermit-abi	0.5.2	registry+https://github.com/rust-lang/crates.io-index	fc0fef456e4baa96da950455cd02c081ca953b141298e41db3fc7e36b1da849c	ALL-LOCK-SUPERSET-NOT-COMPILED-SBOM	UNKNOWN	UNKNOWN					HTTP-429
iana-time-zone	0.1.61	registry+https://github.com/rust-lang/crates.io-index	235e081f3925a06703c2d0117ea8b91f042756fd6e7a6e5d901e8ca1a996b220	ALL-LOCK-SUPERSET-NOT-COMPILED-SBOM	UNKNOWN	UNKNOWN					HTTP-429
iana-time-zone-haiku	0.1.2	registry+https://github.com/rust-lang/crates.io-index	f31827a206f56af32e590ba56d5d2d085f558508192593743f16b2306495269f	ALL-LOCK-SUPERSET-NOT-COMPILED-SBOM	GRANT-TEXT-OBSERVED	APPROVED-WITH-OBLIGATIONS	https://docs.rs/crate/iana-time-zone-haiku/0.1.2/source/LICENSE-APACHE#sha256=696759d65dfe558ff7d9f031c76db19ec5c0767470fb67c4e8d990820d1e99c9;https://docs.rs/crate/iana-time-zone-haiku/0.1.2/source/LICENSE-MIT#sha256=NOT-READ:HTTP-429	Apache-2.0	MIT OR Apache-2.0	8f06eca1c0e108d0422687eeb87030520ae7bd956efc92352599cc9cf079d9a3	NONE-RECORDED
ignore	0.4.23	registry+https://github.com/rust-lang/crates.io-index	6d89fd380afde86567dfba715db065673989d6253f42b88179abd3eae47bda4b	ALL-LOCK-SUPERSET-NOT-COMPILED-SBOM	UNKNOWN	UNKNOWN	https://docs.rs/crate/ignore/0.4.23/source/COPYING#sha256=01c266bced4a434da0051174d6bee16a4c82cf634e2679b6155d40d75012390f;https://docs.rs/crate/ignore/0.4.23/source/LICENSE-MIT#sha256=NOT-READ:HTTP-429;https://docs.rs/crate/ignore/0.4.23/source/UNLICENSE#sha256=NOT-READ:HTTP-429				HTTP-429
indexmap	1.9.3	registry+https://github.com/rust-lang/crates.io-index	bd070e393353796e801d209ad339e89596eb4c8d430d18ede6a1cced8fafbd99	ALL-LOCK-SUPERSET-NOT-COMPILED-SBOM	UNKNOWN	UNKNOWN	https://docs.rs/crate/indexmap/1.9.3/source/LICENSE-APACHE#sha256=NOT-READ:HTTP-429;https://docs.rs/crate/indexmap/1.9.3/source/LICENSE-MIT#sha256=NOT-READ:HTTP-429				HTTP-429
indexmap	2.7.0	registry+https://github.com/rust-lang/crates.io-index	62f822373a4fe84d4bb149bf54e584a7f4abec90e072ed49cda0edea5b95471f	ALL-LOCK-SUPERSET-NOT-COMPILED-SBOM	GRANT-TEXT-OBSERVED	APPROVED-WITH-OBLIGATIONS	https://docs.rs/crate/indexmap/2.7.0/source/LICENSE-APACHE#sha256=a60eea817514531668d7e00765731449fe14d059d3249e0bc93b36de45f759f2;https://docs.rs/crate/indexmap/2.7.0/source/LICENSE-MIT#sha256=NOT-READ:HTTP-429	Apache-2.0			HTTP-429
indoc	1.0.9	registry+https://github.com/rust-lang/crates.io-index	bfa799dd5ed20a7e349f3b4639aa80d74549c81716d9ec4f994c9b5815598306	ALL-LOCK-SUPERSET-NOT-COMPILED-SBOM	GRANT-TEXT-OBSERVED	APPROVED-WITH-OBLIGATIONS	https://docs.rs/crate/indoc/1.0.9/source/LICENSE-APACHE#sha256=62c7a1e35f56406896d7aa7ca52d0cc0d272ac022b5d2796e7d6905db8a3636a;https://docs.rs/crate/indoc/1.0.9/source/LICENSE-MIT#sha256=23f18e03dc49df91622fe2a76176497404e46ced8a715d9d2b67a7446571cca3	Apache-2.0;MIT			HTTP-429
is-terminal	0.4.17	registry+https://github.com/rust-lang/crates.io-index	3640c1c38b8e4e43584d8df18be5fc6b0aa314ce6ebf51b53313d4306cca8e46	ALL-LOCK-SUPERSET-NOT-COMPILED-SBOM	GRANT-TEXT-OBSERVED	APPROVED-WITH-OBLIGATIONS	https://docs.rs/crate/is-terminal/0.4.17/source/LICENSE-MIT#sha256=23f18e03dc49df91622fe2a76176497404e46ced8a715d9d2b67a7446571cca3;https://docs.rs/crate/is-terminal/0.4.17/source/LICENSE-MIT-atty#sha256=NOT-READ:HTTP-429	MIT			HTTP-429
itertools	0.10.5	registry+https://github.com/rust-lang/crates.io-index	b0fd2260e829bddf4cb6ea802289de2f86d6a7a690192fbe91b3f46e0f2c8473	ALL-LOCK-SUPERSET-NOT-COMPILED-SBOM	UNKNOWN	UNKNOWN	https://docs.rs/crate/itertools/0.10.5/source/LICENSE-APACHE#sha256=NOT-READ:HTTP-429;https://docs.rs/crate/itertools/0.10.5/source/LICENSE-MIT#sha256=NOT-READ:HTTP-429				HTTP-429
itertools	0.13.0	registry+https://github.com/rust-lang/crates.io-index	413ee7dfc52ee1a4949ceeb7dbc8a33f2d6c088194d9f922fb8318faf1f01186	ALL-LOCK-SUPERSET-NOT-COMPILED-SBOM	UNKNOWN	UNKNOWN					HTTP-429
itoa	1.0.14	registry+https://github.com/rust-lang/crates.io-index	d75a2a4b1b190afb6f5425f10f6a8f959d2ea0b9c2b1d79553551850539e4674	ALL-LOCK-SUPERSET-NOT-COMPILED-SBOM	GRANT-TEXT-OBSERVED	APPROVED-WITH-OBLIGATIONS	https://docs.rs/crate/itoa/1.0.14/source/LICENSE-APACHE#sha256=62c7a1e35f56406896d7aa7ca52d0cc0d272ac022b5d2796e7d6905db8a3636a;https://docs.rs/crate/itoa/1.0.14/source/LICENSE-MIT#sha256=NOT-READ:HTTP-429	Apache-2.0			HTTP-429
jemalloc-sys	0.3.2	registry+https://github.com/rust-lang/crates.io-index	0d3b9f3f5c9b31aa0f5ed3260385ac205db665baa41d49bb8338008ae94ede45	ALL-LOCK-SUPERSET-NOT-COMPILED-SBOM	UNKNOWN	UNKNOWN					HTTP-429
jemallocator	0.3.2	registry+https://github.com/rust-lang/crates.io-index	43ae63fcfc45e99ab3d1b29a46782ad679e98436c3169d15a167a1108a724b69	ALL-LOCK-SUPERSET-NOT-COMPILED-SBOM	UNKNOWN	UNKNOWN					HTTP-429
js-sys	0.3.76	registry+https://github.com/rust-lang/crates.io-index	6717b6b5b077764fb5966237269cb3c64edddde4b14ce42647430a78ced9e7b7	ALL-LOCK-SUPERSET-NOT-COMPILED-SBOM	UNKNOWN	UNKNOWN					HTTP-429
lazy_static	1.5.0	registry+https://github.com/rust-lang/crates.io-index	bbd2bcb4c963f2ddae06a2efc7e9f3591312473c50c6685e1f298068316e66fe	ALL-LOCK-SUPERSET-NOT-COMPILED-SBOM	UNKNOWN	UNKNOWN					HTTP-429
libc	0.2.186	registry+https://github.com/rust-lang/crates.io-index	68ab91017fe16c622486840e4c83c9a37afeff978bd239b5293d61ece587de66	ALL-LOCK-SUPERSET-NOT-COMPILED-SBOM	GRANT-TEXT-OBSERVED	APPROVED-WITH-OBLIGATIONS	https://docs.rs/crate/libc/0.2.186/source/LICENSE-APACHE#sha256=NOT-READ:HTTP-429;https://docs.rs/crate/libc/0.2.186/source/LICENSE-MIT#sha256=123a331b5dbf04c30097fa43b8f858bc85df671fe776de498d01f3d6b7c1f69e	MIT			HTTP-429
libloading	0.8.6	registry+https://github.com/rust-lang/crates.io-index	fc2f4eb4bc735547cfed7c0a4922cbd04a4655978c09b54f1f7b228750664c34	ALL-LOCK-SUPERSET-NOT-COMPILED-SBOM	GRANT-TEXT-OBSERVED	APPROVED-WITH-OBLIGATIONS	https://docs.rs/crate/libloading/0.8.6/source/LICENSE#sha256=b29f8b01452350c20dd1af16ef83b598fea3053578ccc1c7a0ef40e57be2620f	ISC	ISC	0ac61671a280f19bcc512987926314017d6310324efd83520841cb371fb2353d	NONE-RECORDED
lightningcss	1.0.0-alpha.72			ALL-LOCK-SUPERSET-NOT-COMPILED-SBOM	LOCAL-SOURCE	UNKNOWN					NO-RECOGNIZED-ROOT-GRANT-TEXT
lightningcss-derive	1.0.0-alpha.43			ALL-LOCK-SUPERSET-NOT-COMPILED-SBOM	LOCAL-SOURCE	UNKNOWN					NO-RECOGNIZED-ROOT-GRANT-TEXT
lightningcss-napi	0.4.9			ALL-LOCK-SUPERSET-NOT-COMPILED-SBOM	LOCAL-SOURCE	UNKNOWN					NO-RECOGNIZED-ROOT-GRANT-TEXT
lightningcss_c_bindings	0.1.0			ALL-LOCK-SUPERSET-NOT-COMPILED-SBOM	LOCAL-SOURCE	UNKNOWN					NO-RECOGNIZED-ROOT-GRANT-TEXT
lightningcss_node	0.1.0			ALL-LOCK-SUPERSET-NOT-COMPILED-SBOM	LOCAL-SOURCE	UNKNOWN					NO-RECOGNIZED-ROOT-GRANT-TEXT
linux-raw-sys	0.4.14	registry+https://github.com/rust-lang/crates.io-index	78b3ae25bc7c8c38cec158d1f2757ee79e9b3740fbc7ccf0e59e4b08d793fa89	ALL-LOCK-SUPERSET-NOT-COMPILED-SBOM	UNKNOWN	UNKNOWN					HTTP-429
lock_api	0.4.12	registry+https://github.com/rust-lang/crates.io-index	07af8b9cdd281b7915f413fa73f29ebd5d55d0d3f0155584dade1ff18cea1b17	ALL-LOCK-SUPERSET-NOT-COMPILED-SBOM	UNKNOWN	UNKNOWN					HTTP-429
log	0.4.22	registry+https://github.com/rust-lang/crates.io-index	a7a70ba024b9dc04c27ea2f0c0548feb474ec5c54bba33a7f72f873a39d07b24	ALL-LOCK-SUPERSET-NOT-COMPILED-SBOM	UNKNOWN	UNKNOWN					HTTP-429
matches	0.1.10	registry+https://github.com/rust-lang/crates.io-index	2532096657941c2fea9c289d370a250971c689d4f143798ff67113ec042024a5	ALL-LOCK-SUPERSET-NOT-COMPILED-SBOM	UNKNOWN	UNKNOWN	https://docs.rs/crate/matches/0.1.10/source/LICENSE#sha256=NOT-READ:HTTP-429				HTTP-429
memchr	2.7.4	registry+https://github.com/rust-lang/crates.io-index	78ca9ab1a0babb1e7d5695e3530886289c18cf2f87ec19a575a0abdce112e3a3	ALL-LOCK-SUPERSET-NOT-COMPILED-SBOM	UNKNOWN	UNKNOWN					HTTP-429
minimal-lexical	0.2.1	registry+https://github.com/rust-lang/crates.io-index	68354c5c6bd36d73ff3feceb05efa59b6acb7626617f4962be322a825e61f79a	ALL-LOCK-SUPERSET-NOT-COMPILED-SBOM	UNKNOWN	UNKNOWN					HTTP-429
napi	2.16.13	registry+https://github.com/rust-lang/crates.io-index	214f07a80874bb96a8433b3cdfc84980d56c7b02e1a0d7ba4ba0db5cef785e2b	ALL-LOCK-SUPERSET-NOT-COMPILED-SBOM	UNKNOWN	UNKNOWN					HTTP-429
napi-build	1.2.1	registry+https://github.com/rust-lang/crates.io-index	ebd4419172727423cf30351406c54f6cc1b354a2cfb4f1dba3e6cd07f6d5522b	ALL-LOCK-SUPERSET-NOT-COMPILED-SBOM	UNKNOWN	UNKNOWN					HTTP-429
napi-derive	2.16.13	registry+https://github.com/rust-lang/crates.io-index	7cbe2585d8ac223f7d34f13701434b9d5f4eb9c332cccce8dee57ea18ab8ab0c	ALL-LOCK-SUPERSET-NOT-COMPILED-SBOM	UNKNOWN	UNKNOWN					HTTP-429
napi-derive-backend	1.0.75	registry+https://github.com/rust-lang/crates.io-index	1639aaa9eeb76e91c6ae66da8ce3e89e921cd3885e99ec85f4abacae72fc91bf	ALL-LOCK-SUPERSET-NOT-COMPILED-SBOM	UNKNOWN	UNKNOWN			MIT	68d36d95c1a290a050b362160722907e276603a48955c46f79fd2e1af1e7aad5	NO-RECOGNIZED-ROOT-GRANT-TEXT
napi-sys	2.4.0	registry+https://github.com/rust-lang/crates.io-index	427802e8ec3a734331fec1035594a210ce1ff4dc5bc1950530920ab717964ea3	ALL-LOCK-SUPERSET-NOT-COMPILED-SBOM	UNKNOWN	UNKNOWN					HTTP-429
nix	0.31.3	registry+https://github.com/rust-lang/crates.io-index	cf20d2fde8ff38632c426f1165ed7436270b44f199fc55284c38276f9db47c3d	ALL-LOCK-SUPERSET-NOT-COMPILED-SBOM	UNKNOWN	UNKNOWN					HTTP-429
nom	7.1.3	registry+https://github.com/rust-lang/crates.io-index	d273983c5a657a70a3e8f2a01329822f3b8c8172b73826411a55751e404a0a4a	ALL-LOCK-SUPERSET-NOT-COMPILED-SBOM	UNKNOWN	UNKNOWN					HTTP-429
normalize-line-endings	0.3.0	registry+https://github.com/rust-lang/crates.io-index	61807f77802ff30975e01f4f071c8ba10c022052f98b3294119f3e615d13e5be	ALL-LOCK-SUPERSET-NOT-COMPILED-SBOM	UNKNOWN	UNKNOWN					HTTP-429
num-traits	0.2.19	registry+https://github.com/rust-lang/crates.io-index	071dfc062690e90b734c0b2273ce72ad0ffa95f0c74596bc250dcfd960262841	ALL-LOCK-SUPERSET-NOT-COMPILED-SBOM	UNKNOWN	UNKNOWN	https://docs.rs/crate/num-traits/0.2.19/source/LICENSE-APACHE#sha256=NOT-READ:HTTP-429;https://docs.rs/crate/num-traits/0.2.19/source/LICENSE-MIT#sha256=NOT-READ:HTTP-429				HTTP-429
once_cell	1.20.2	registry+https://github.com/rust-lang/crates.io-index	1261fe7e33c73b354eab43b1273a57c8f967d0391e80353e51f764ac02cf6775	ALL-LOCK-SUPERSET-NOT-COMPILED-SBOM	GRANT-TEXT-OBSERVED	APPROVED-WITH-OBLIGATIONS	https://docs.rs/crate/once_cell/1.20.2/source/LICENSE-APACHE#sha256=a60eea817514531668d7e00765731449fe14d059d3249e0bc93b36de45f759f2;https://docs.rs/crate/once_cell/1.20.2/source/LICENSE-MIT#sha256=NOT-READ:HTTP-429	Apache-2.0	MIT OR Apache-2.0	7cac7cef5c2c883322f9375abb4e3725eaf8cda19ceed3e594c8f3575a2ce688	NONE-RECORDED
oorandom	11.1.5	registry+https://github.com/rust-lang/crates.io-index	d6790f58c7ff633d8771f42965289203411a5e5c68388703c06e14f24770b41e	ALL-LOCK-SUPERSET-NOT-COMPILED-SBOM	UNKNOWN	UNKNOWN	https://docs.rs/crate/oorandom/11.1.5/source/LICENSE-MIT#sha256=NOT-READ:HTTP-429		MIT	c2d20a6c59f36e8ce5912d434a19dd4946f1599ce36556d4879e2043c7dd1d14	NO-RECOGNIZED-ROOT-GRANT-TEXT
os_str_bytes	6.6.1	registry+https://github.com/rust-lang/crates.io-index	e2355d85b9a3786f481747ced0e0ff2ba35213a1f9bd406ed906554d7af805a1	ALL-LOCK-SUPERSET-NOT-COMPILED-SBOM	UNKNOWN	UNKNOWN					HTTP-429
outref	0.1.0	registry+https://github.com/rust-lang/crates.io-index	7f222829ae9293e33a9f5e9f440c6760a3d450a64affe1846486b140db81c1f4	ALL-LOCK-SUPERSET-NOT-COMPILED-SBOM	UNKNOWN	UNKNOWN					HTTP-429
parcel_selectors	0.28.3			ALL-LOCK-SUPERSET-NOT-COMPILED-SBOM	LOCAL-SOURCE	UNKNOWN					NO-RECOGNIZED-ROOT-GRANT-TEXT
parcel_sourcemap	2.1.1	registry+https://github.com/rust-lang/crates.io-index	485b74d7218068b2b7c0e3ff12fbc61ae11d57cb5d8224f525bd304c6be05bbb	ALL-LOCK-SUPERSET-NOT-COMPILED-SBOM	UNKNOWN	UNKNOWN					HTTP-429
parking_lot_core	0.9.10	registry+https://github.com/rust-lang/crates.io-index	1e401f977ab385c9e4e3ab30627d6f26d00e2c73eef317493c4ec6d468726cf8	ALL-LOCK-SUPERSET-NOT-COMPILED-SBOM	UNKNOWN	UNKNOWN	https://docs.rs/crate/parking_lot_core/0.9.10/source/LICENSE-APACHE#sha256=NOT-READ:HTTP-429;https://docs.rs/crate/parking_lot_core/0.9.10/source/LICENSE-MIT#sha256=NOT-READ:HTTP-429				HTTP-429
pastey	0.1.0	registry+https://github.com/rust-lang/crates.io-index	b3a8cb46bdc156b1c90460339ae6bfd45ba0394e5effbaa640badb4987fdc261	ALL-LOCK-SUPERSET-NOT-COMPILED-SBOM	UNKNOWN	UNKNOWN					HTTP-429
pathdiff	0.2.3	registry+https://github.com/rust-lang/crates.io-index	df94ce210e5bc13cb6651479fa48d14f601d9858cfe0467f43ae157023b938d3	ALL-LOCK-SUPERSET-NOT-COMPILED-SBOM	UNKNOWN	UNKNOWN					HTTP-429
phf	0.11.2	registry+https://github.com/rust-lang/crates.io-index	ade2d8b8f33c7333b51bcf0428d37e217e9f32192ae4772156f65063b8ce03dc	ALL-LOCK-SUPERSET-NOT-COMPILED-SBOM	UNKNOWN	UNKNOWN					HTTP-429
phf	0.13.1	registry+https://github.com/rust-lang/crates.io-index	c1562dc717473dbaa4c1f85a36410e03c047b2e7df7f45ee938fbef64ae7fadf	ALL-LOCK-SUPERSET-NOT-COMPILED-SBOM	GRANT-TEXT-OBSERVED	APPROVED-WITH-OBLIGATIONS	https://docs.rs/crate/phf/0.13.1/source/LICENSE#sha256=0ab4d106b6faac07fb6a051815fd1b4d862d730895e2d7d7358c2f13565e7a38	MIT			HTTP-429
phf_codegen	0.11.2	registry+https://github.com/rust-lang/crates.io-index	e8d39688d359e6b34654d328e262234662d16cc0f60ec8dcbe5e718709342a5a	ALL-LOCK-SUPERSET-NOT-COMPILED-SBOM	UNKNOWN	UNKNOWN					HTTP-429
phf_generator	0.11.2	registry+https://github.com/rust-lang/crates.io-index	48e4cc64c2ad9ebe670cb8fd69dd50ae301650392e81c05f9bfcb2d5bdbc24b0	ALL-LOCK-SUPERSET-NOT-COMPILED-SBOM	UNKNOWN	UNKNOWN					HTTP-429
phf_generator	0.13.1	registry+https://github.com/rust-lang/crates.io-index	135ace3a761e564ec88c03a77317a7c6b80bb7f7135ef2544dbe054243b89737	ALL-LOCK-SUPERSET-NOT-COMPILED-SBOM	GRANT-TEXT-OBSERVED	APPROVED-WITH-OBLIGATIONS	https://docs.rs/crate/phf_generator/0.13.1/source/LICENSE#sha256=0ab4d106b6faac07fb6a051815fd1b4d862d730895e2d7d7358c2f13565e7a38	MIT	MIT	cb36f4b88da746daff3dbf428941278844bfb848c9afb8c742a7f534c2cc9441	NONE-RECORDED
phf_macros	0.13.1	registry+https://github.com/rust-lang/crates.io-index	812f032b54b1e759ccd5f8b6677695d5268c588701effba24601f6932f8269ef	ALL-LOCK-SUPERSET-NOT-COMPILED-SBOM	UNKNOWN	UNKNOWN	https://docs.rs/crate/phf_macros/0.13.1/source/LICENSE#sha256=NOT-READ:HTTP-429		MIT	a197994797a8b6b345f1882f3639f95e3f363d2bf57eb4bb4d610b51079d58d0	NO-RECOGNIZED-ROOT-GRANT-TEXT
phf_shared	0.11.2	registry+https://github.com/rust-lang/crates.io-index	90fcb95eef784c2ac79119d1dd819e162b5da872ce6f3c3abe1e8ca1c082f72b	ALL-LOCK-SUPERSET-NOT-COMPILED-SBOM	UNKNOWN	UNKNOWN					HTTP-429
phf_shared	0.13.1	registry+https://github.com/rust-lang/crates.io-index	e57fef6bc5981e38c2ce2d63bfa546861309f875b8a75f092d1d54ae2d64f266	ALL-LOCK-SUPERSET-NOT-COMPILED-SBOM	GRANT-TEXT-OBSERVED	APPROVED-WITH-OBLIGATIONS	https://docs.rs/crate/phf_shared/0.13.1/source/LICENSE#sha256=0ab4d106b6faac07fb6a051815fd1b4d862d730895e2d7d7358c2f13565e7a38	MIT			HTTP-429
plotters	0.3.7	registry+https://github.com/rust-lang/crates.io-index	5aeb6f403d7a4911efb1e33402027fc44f29b5bf6def3effcc22d7bb75f2b747	ALL-LOCK-SUPERSET-NOT-COMPILED-SBOM	UNKNOWN	UNKNOWN					HTTP-429
plotters-backend	0.3.7	registry+https://github.com/rust-lang/crates.io-index	df42e13c12958a16b3f7f4386b9ab1f3e7933914ecea48da7139435263a4172a	ALL-LOCK-SUPERSET-NOT-COMPILED-SBOM	UNKNOWN	UNKNOWN					HTTP-429
plotters-svg	0.3.7	registry+https://github.com/rust-lang/crates.io-index	51bae2ac328883f7acdfea3d66a7c35751187f870bc81f94563733a154d7a670	ALL-LOCK-SUPERSET-NOT-COMPILED-SBOM	UNKNOWN	UNKNOWN					HTTP-429
precomputed-hash	0.1.1	registry+https://github.com/rust-lang/crates.io-index	925383efa346730478fb4838dbe9137d2a47675ad789c546d150a6e1dd4ab31c	ALL-LOCK-SUPERSET-NOT-COMPILED-SBOM	UNKNOWN	UNKNOWN					HTTP-429
predicates	2.1.5	registry+https://github.com/rust-lang/crates.io-index	59230a63c37f3e18569bdb90e4a89cbf5bf8b06fea0b84e65ea10cc4df47addd	ALL-LOCK-SUPERSET-NOT-COMPILED-SBOM	GRANT-TEXT-OBSERVED	APPROVED-WITH-OBLIGATIONS	https://docs.rs/crate/predicates/2.1.5/source/LICENSE-APACHE#sha256=NOT-READ:HTTP-429;https://docs.rs/crate/predicates/2.1.5/source/LICENSE-MIT#sha256=9d6bf646112f22f1dd5722fbf615ac184bc372727b615e5dff7e45fe8de3a99e	MIT			HTTP-429
predicates	3.1.3	registry+https://github.com/rust-lang/crates.io-index	a5d19ee57562043d37e82899fade9a22ebab7be9cef5026b07fda9cdd4293573	ALL-LOCK-SUPERSET-NOT-COMPILED-SBOM	UNKNOWN	UNKNOWN					HTTP-429
predicates-core	1.0.9	registry+https://github.com/rust-lang/crates.io-index	727e462b119fe9c93fd0eb1429a5f7647394014cf3c04ab2c0350eeb09095ffa	ALL-LOCK-SUPERSET-NOT-COMPILED-SBOM	UNKNOWN	UNKNOWN					HTTP-429
predicates-tree	1.0.12	registry+https://github.com/rust-lang/crates.io-index	72dd2d6d381dfb73a193c7fca536518d7caee39fc8503f74e7dc0be0531b425c	ALL-LOCK-SUPERSET-NOT-COMPILED-SBOM	UNKNOWN	UNKNOWN					HTTP-429
pretty_assertions	1.4.1	registry+https://github.com/rust-lang/crates.io-index	3ae130e2f271fbc2ac3a40fb1d07180839cdbbe443c7a27e1e3c13c5cac0116d	ALL-LOCK-SUPERSET-NOT-COMPILED-SBOM	UNKNOWN	UNKNOWN	https://docs.rs/crate/pretty_assertions/1.4.1/source/LICENSE-APACHE#sha256=NOT-READ:HTTP-429;https://docs.rs/crate/pretty_assertions/1.4.1/source/LICENSE-MIT#sha256=NOT-READ:HTTP-429		MIT OR Apache-2.0	c054059cdeb97740a9f0702a3a9b53b1c6f7852854c2da451bd711b16aad6db9	NO-RECOGNIZED-ROOT-GRANT-TEXT
proc-macro-error	1.0.4	registry+https://github.com/rust-lang/crates.io-index	da25490ff9892aab3fcf7c36f08cfb902dd3e71ca0f9f9517bea02a73a5ce38c	ALL-LOCK-SUPERSET-NOT-COMPILED-SBOM	UNKNOWN	UNKNOWN					HTTP-429
proc-macro-error-attr	1.0.4	registry+https://github.com/rust-lang/crates.io-index	a1be40180e52ecc98ad80b184934baf3d0d29f979574e439af5a55274b35f869	ALL-LOCK-SUPERSET-NOT-COMPILED-SBOM	UNKNOWN	UNKNOWN	https://docs.rs/crate/proc-macro-error-attr/1.0.4/source/LICENSE-APACHE#sha256=NOT-READ:HTTP-429;https://docs.rs/crate/proc-macro-error-attr/1.0.4/source/LICENSE-MIT#sha256=NOT-READ:HTTP-429				HTTP-429
proc-macro2	1.0.106	registry+https://github.com/rust-lang/crates.io-index	8fd00f0bb2e90d81d1044c2b32617f68fcb9fa3bb7640c23e9c748e53fb30934	ALL-LOCK-SUPERSET-NOT-COMPILED-SBOM	UNKNOWN	UNKNOWN					HTTP-429
ptr_meta	0.1.4	registry+https://github.com/rust-lang/crates.io-index	0738ccf7ea06b608c10564b31debd4f5bc5e197fc8bfe088f68ae5ce81e7a4f1	ALL-LOCK-SUPERSET-NOT-COMPILED-SBOM	UNKNOWN	UNKNOWN					HTTP-429
ptr_meta_derive	0.1.4	registry+https://github.com/rust-lang/crates.io-index	16b845dbfca988fa33db069c0e230574d15a3088f147a87b64c7589eb662c9ac	ALL-LOCK-SUPERSET-NOT-COMPILED-SBOM	UNKNOWN	UNKNOWN	https://docs.rs/crate/ptr_meta_derive/0.1.4/source/LICENSE#sha256=NOT-READ:HTTP-429				HTTP-429
quote	1.0.37	registry+https://github.com/rust-lang/crates.io-index	b5b9d34b8991d19d98081b46eacdd8eb58c6f2b201139f7c5f643cc155a633af	ALL-LOCK-SUPERSET-NOT-COMPILED-SBOM	UNKNOWN	UNKNOWN					HTTP-429
r-efi	5.3.0	registry+https://github.com/rust-lang/crates.io-index	69cdb34c158ceb288df11e18b4bd39de994f6657d83847bdffdbd7f346754b0f	ALL-LOCK-SUPERSET-NOT-COMPILED-SBOM	UNKNOWN	UNKNOWN					HTTP-429
radium	0.7.0	registry+https://github.com/rust-lang/crates.io-index	dc33ff2d4973d518d823d61aa239014831e521c75da58e3df4840d3f47749d09	ALL-LOCK-SUPERSET-NOT-COMPILED-SBOM	UNKNOWN	UNKNOWN	https://docs.rs/crate/radium/0.7.0/source/LICENSE.txt#sha256=NOT-READ:HTTP-429		MIT	578dd592826397cf5e34de233590351e54bf82e1c7c7fd44311ca2fceb8b09a2	NO-RECOGNIZED-ROOT-GRANT-TEXT
rand	0.8.5	registry+https://github.com/rust-lang/crates.io-index	34af8d1a0e25924bc5b7c43c079c942339d8f0a8b57c39049bef581b46327404	ALL-LOCK-SUPERSET-NOT-COMPILED-SBOM	UNKNOWN	UNKNOWN					HTTP-429
rand_core	0.6.4	registry+https://github.com/rust-lang/crates.io-index	ec0be4795e2f6a28069bec0b5ff3e2ac9bafc99e6a9a7dc3547996c5c816922c	ALL-LOCK-SUPERSET-NOT-COMPILED-SBOM	UNKNOWN	UNKNOWN					HTTP-429
rayon	1.10.0	registry+https://github.com/rust-lang/crates.io-index	b418a60154510ca1a002a752ca9714984e21e4241e804d32555251faf8b78ffa	ALL-LOCK-SUPERSET-NOT-COMPILED-SBOM	UNKNOWN	UNKNOWN					HTTP-429
rayon-core	1.12.1	registry+https://github.com/rust-lang/crates.io-index	1465873a3dfdaa8ae7cb14b4383657caab0b3e8a0aa9ae8e04b044854c8dfce2	ALL-LOCK-SUPERSET-NOT-COMPILED-SBOM	UNKNOWN	UNKNOWN	https://docs.rs/crate/rayon-core/1.12.1/source/LICENSE-APACHE#sha256=NOT-READ:HTTP-429;https://docs.rs/crate/rayon-core/1.12.1/source/LICENSE-MIT#sha256=NOT-READ:HTTP-429				HTTP-429
redox_syscall	0.5.8	registry+https://github.com/rust-lang/crates.io-index	03a862b389f93e68874fbf580b9de08dd02facb9a788ebadaf4a3fd33cf58834	ALL-LOCK-SUPERSET-NOT-COMPILED-SBOM	UNKNOWN	UNKNOWN	https://docs.rs/crate/redox_syscall/0.5.8/source/LICENSE#sha256=NOT-READ:HTTP-429				HTTP-429
regex	1.11.1	registry+https://github.com/rust-lang/crates.io-index	b544ef1b4eac5dc2db33ea63606ae9ffcfac26c1416a2806ae0bf5f56b201191	ALL-LOCK-SUPERSET-NOT-COMPILED-SBOM	GRANT-TEXT-OBSERVED	APPROVED-WITH-OBLIGATIONS	https://docs.rs/crate/regex/1.11.1/source/LICENSE-APACHE#sha256=a60eea817514531668d7e00765731449fe14d059d3249e0bc93b36de45f759f2;https://docs.rs/crate/regex/1.11.1/source/LICENSE-MIT#sha256=6485b8ed310d3f0340bf1ad1f47645069ce4069dcc6bb46c7d5c6faf41de1fdb	Apache-2.0;MIT	MIT OR Apache-2.0	7991d305478dbfb387901d219c962302219f940dbd63c12254a88dd9be068ab1	NONE-RECORDED
regex-automata	0.4.9	registry+https://github.com/rust-lang/crates.io-index	809e8dc61f6de73b46c85f4c96486310fe304c434cfa43669d7b40f711150908	ALL-LOCK-SUPERSET-NOT-COMPILED-SBOM	UNKNOWN	UNKNOWN					HTTP-429
regex-syntax	0.8.5	registry+https://github.com/rust-lang/crates.io-index	2b15c43186be67a4fd63bee50d0303afffcef381492ebe2c5d87f324e1b8815c	ALL-LOCK-SUPERSET-NOT-COMPILED-SBOM	UNKNOWN	UNKNOWN					HTTP-429
rend	0.4.2	registry+https://github.com/rust-lang/crates.io-index	71fe3824f5629716b1589be05dacd749f6aa084c87e00e016714a8cdfccc997c	ALL-LOCK-SUPERSET-NOT-COMPILED-SBOM	UNKNOWN	UNKNOWN					HTTP-429
rkyv	0.7.45	registry+https://github.com/rust-lang/crates.io-index	9008cd6385b9e161d8229e1f6549dd23c3d022f132a2ea37ac3a10ac4935779b	ALL-LOCK-SUPERSET-NOT-COMPILED-SBOM	GRANT-TEXT-OBSERVED	APPROVED-WITH-OBLIGATIONS	https://docs.rs/crate/rkyv/0.7.45/source/LICENSE#sha256=635111a955495b5d8d34b8052f69656e8e45f6437f9266329077b9aad5fbe8d3	MIT	MIT	e8015b5d7fc40e9994197bd76a1de46edc5e5d3633255f99703308e614c39bee	NONE-RECORDED
rkyv_derive	0.7.45	registry+https://github.com/rust-lang/crates.io-index	503d1d27590a2b0a3a4ca4c94755aa2875657196ecbf401a42eff41d7de532c0	ALL-LOCK-SUPERSET-NOT-COMPILED-SBOM	UNKNOWN	UNKNOWN					HTTP-429
rustc-hash	2.1.0	registry+https://github.com/rust-lang/crates.io-index	c7fb8039b3032c191086b10f11f319a6e99e1e82889c5cc6046f515c9db1d497	ALL-LOCK-SUPERSET-NOT-COMPILED-SBOM	UNKNOWN	UNKNOWN					HTTP-429
rustix	0.38.42	registry+https://github.com/rust-lang/crates.io-index	f93dc38ecbab2eb790ff964bb77fa94faf256fd3e73285fd7ba0903b76bedb85	ALL-LOCK-SUPERSET-NOT-COMPILED-SBOM	UNKNOWN	UNKNOWN					HTTP-429
same-file	1.0.6	registry+https://github.com/rust-lang/crates.io-index	93fc1dc3aaa9bfed95e02e6eadabb4baf7e3078b0bd1b4d7b6b0b68378900502	ALL-LOCK-SUPERSET-NOT-COMPILED-SBOM	UNKNOWN	UNKNOWN					HTTP-429
schemars	0.8.21	registry+https://github.com/rust-lang/crates.io-index	09c024468a378b7e36765cd36702b7a90cc3cba11654f6685c8f233408e89e92	ALL-LOCK-SUPERSET-NOT-COMPILED-SBOM	UNKNOWN	UNKNOWN					HTTP-429
schemars_derive	0.8.21	registry+https://github.com/rust-lang/crates.io-index	b1eee588578aff73f856ab961cd2f79e36bc45d7ded33a7562adba4667aecc0e	ALL-LOCK-SUPERSET-NOT-COMPILED-SBOM	UNKNOWN	UNKNOWN					HTTP-429
scopeguard	1.2.0	registry+https://github.com/rust-lang/crates.io-index	94143f37725109f92c262ed2cf5e59bce7498c01bcc1502d7b9afe439a4e9f49	ALL-LOCK-SUPERSET-NOT-COMPILED-SBOM	UNKNOWN	UNKNOWN					HTTP-429
seahash	4.1.0	registry+https://github.com/rust-lang/crates.io-index	1c107b6f4780854c8b126e228ea8869f4d7b71260f962fefb57b996b8959ba6b	ALL-LOCK-SUPERSET-NOT-COMPILED-SBOM	UNKNOWN	UNKNOWN					HTTP-429
semver	1.0.24	registry+https://github.com/rust-lang/crates.io-index	3cb6eb87a131f756572d7fb904f6e7b68633f09cca868c5df1c4b8d1a694bbba	ALL-LOCK-SUPERSET-NOT-COMPILED-SBOM	UNKNOWN	UNKNOWN					HTTP-429
serde	1.0.228	registry+https://github.com/rust-lang/crates.io-index	9a8e94ea7f378bd32cbbd37198a4a91436180c5bb472411e48b5ec2e2124ae9e	ALL-LOCK-SUPERSET-NOT-COMPILED-SBOM	UNKNOWN	UNKNOWN					HTTP-429
serde-content	0.1.2	registry+https://github.com/rust-lang/crates.io-index	3753ca04f350fa92d00b6146a3555e63c55388c9ef2e11e09bce2ff1c0b509c6	ALL-LOCK-SUPERSET-NOT-COMPILED-SBOM	UNKNOWN	UNKNOWN					HTTP-429
serde-detach	0.0.1	registry+https://github.com/rust-lang/crates.io-index	c621150da442b6a854bb63c431347bcd4de19219a3e1f06fd744208ded057288	ALL-LOCK-SUPERSET-NOT-COMPILED-SBOM	UNKNOWN	UNKNOWN					HTTP-429
serde_bytes	0.11.15	registry+https://github.com/rust-lang/crates.io-index	387cc504cb06bb40a96c8e04e951fe01854cf6bc921053c954e4a606d9675c6a	ALL-LOCK-SUPERSET-NOT-COMPILED-SBOM	UNKNOWN	UNKNOWN					HTTP-429
serde_core	1.0.228	registry+https://github.com/rust-lang/crates.io-index	41d385c7d4ca58e59fc732af25c3983b67ac852c1a25000afe1175de458b67ad	ALL-LOCK-SUPERSET-NOT-COMPILED-SBOM	UNKNOWN	UNKNOWN					HTTP-429
serde_derive	1.0.228	registry+https://github.com/rust-lang/crates.io-index	d540f220d3187173da220f885ab66608367b6574e925011a9353e4badda91d79	ALL-LOCK-SUPERSET-NOT-COMPILED-SBOM	UNKNOWN	UNKNOWN					HTTP-429
serde_derive_internals	0.29.1	registry+https://github.com/rust-lang/crates.io-index	18d26a20a969b9e3fdf2fc2d9f21eda6c40e2de84c9408bb5d3b05d499aae711	ALL-LOCK-SUPERSET-NOT-COMPILED-SBOM	UNKNOWN	UNKNOWN					HTTP-429
serde_json	1.0.149	registry+https://github.com/rust-lang/crates.io-index	83fc039473c5595ace860d8c4fafa220ff474b3fc6bfdb4293327f1a37e94d86	ALL-LOCK-SUPERSET-NOT-COMPILED-SBOM	UNKNOWN	UNKNOWN					HTTP-429
shlex	1.3.0	registry+https://github.com/rust-lang/crates.io-index	0fda2ff0d084019ba4d7c6f371c95d8fd75ce3524c3cb8fb653a3023f6323e64	ALL-LOCK-SUPERSET-NOT-COMPILED-SBOM	UNKNOWN	UNKNOWN					HTTP-429
simd-abstraction	0.7.1	registry+https://github.com/rust-lang/crates.io-index	9cadb29c57caadc51ff8346233b5cec1d240b68ce55cf1afc764818791876987	ALL-LOCK-SUPERSET-NOT-COMPILED-SBOM	UNKNOWN	UNKNOWN					HTTP-429
simdutf8	0.1.5	registry+https://github.com/rust-lang/crates.io-index	e3a9fe34e3e7a50316060351f37187a3f546bce95496156754b601a5fa71b76e	ALL-LOCK-SUPERSET-NOT-COMPILED-SBOM	UNKNOWN	UNKNOWN					HTTP-429
siphasher	0.3.11	registry+https://github.com/rust-lang/crates.io-index	38b58827f4464d87d377d175e90bf58eb00fd8716ff0a62f80356b5e61555d0d	ALL-LOCK-SUPERSET-NOT-COMPILED-SBOM	UNKNOWN	UNKNOWN					HTTP-429
siphasher	1.0.2	registry+https://github.com/rust-lang/crates.io-index	b2aa850e253778c88a04c3d7323b043aeda9d3e30d5971937c1855769763678e	ALL-LOCK-SUPERSET-NOT-COMPILED-SBOM	UNKNOWN	UNKNOWN					HTTP-429
smallvec	1.13.2	registry+https://github.com/rust-lang/crates.io-index	3c5e1a9a646d36c3599cd173a41282daf47c44583ad367b8e6837255952e5c67	ALL-LOCK-SUPERSET-NOT-COMPILED-SBOM	UNKNOWN	UNKNOWN					HTTP-429
static-self	0.1.2			ALL-LOCK-SUPERSET-NOT-COMPILED-SBOM	LOCAL-SOURCE	UNKNOWN					NO-RECOGNIZED-ROOT-GRANT-TEXT
static-self-derive	0.1.1			ALL-LOCK-SUPERSET-NOT-COMPILED-SBOM	LOCAL-SOURCE	UNKNOWN					NO-RECOGNIZED-ROOT-GRANT-TEXT
statrs	0.18.0	registry+https://github.com/rust-lang/crates.io-index	2a3fe7c28c6512e766b0874335db33c94ad7b8f9054228ae1c2abd47ce7d335e	ALL-LOCK-SUPERSET-NOT-COMPILED-SBOM	UNKNOWN	UNKNOWN					HTTP-429
strsim	0.10.0	registry+https://github.com/rust-lang/crates.io-index	73473c0e59e6d5812c5dfe2a064a6444949f089e20eec9a2e5506596494e4623	ALL-LOCK-SUPERSET-NOT-COMPILED-SBOM	UNKNOWN	UNKNOWN					HTTP-429
syn	1.0.109	registry+https://github.com/rust-lang/crates.io-index	72b64191b275b66ffe2469e8af2c1cfe3bafa67b529ead792a6d0160888b4237	ALL-LOCK-SUPERSET-NOT-COMPILED-SBOM	UNKNOWN	UNKNOWN					HTTP-429
syn	2.0.90	registry+https://github.com/rust-lang/crates.io-index	919d3b74a5dd0ccd15aeb8f93e7006bd9e14c295087c9896a110f490752bcf31	ALL-LOCK-SUPERSET-NOT-COMPILED-SBOM	UNKNOWN	UNKNOWN					HTTP-429
tap	1.0.1	registry+https://github.com/rust-lang/crates.io-index	55937e1799185b12863d447f42597ed69d9928686b8d88a1df17376a097d8369	ALL-LOCK-SUPERSET-NOT-COMPILED-SBOM	UNKNOWN	UNKNOWN					HTTP-429
tempfile	3.14.0	registry+https://github.com/rust-lang/crates.io-index	28cce251fcbc87fac86a866eeb0d6c2d536fc16d06f184bb61aeae11aa4cee0c	ALL-LOCK-SUPERSET-NOT-COMPILED-SBOM	UNKNOWN	UNKNOWN					HTTP-429
termcolor	1.4.1	registry+https://github.com/rust-lang/crates.io-index	06794f8f6c5c898b3275aebefa6b8a1cb24cd2c6c79397ab15774837a0bc5755	ALL-LOCK-SUPERSET-NOT-COMPILED-SBOM	UNKNOWN	UNKNOWN					HTTP-429
termtree	0.5.1	registry+https://github.com/rust-lang/crates.io-index	8f50febec83f5ee1df3015341d8bd429f2d1cc62bcba7ea2076759d315084683	ALL-LOCK-SUPERSET-NOT-COMPILED-SBOM	UNKNOWN	UNKNOWN					HTTP-429
textwrap	0.16.1	registry+https://github.com/rust-lang/crates.io-index	23d434d3f8967a09480fb04132ebe0a3e088c173e6d0ee7897abbdf4eab0f8b9	ALL-LOCK-SUPERSET-NOT-COMPILED-SBOM	UNKNOWN	UNKNOWN					HTTP-429
thiserror	1.0.69	registry+https://github.com/rust-lang/crates.io-index	b6aaf5339b578ea85b50e080feb250a3e8ae8cfcdff9a461c9ec2904bc923f52	ALL-LOCK-SUPERSET-NOT-COMPILED-SBOM	UNKNOWN	UNKNOWN					HTTP-429
thiserror-impl	1.0.69	registry+https://github.com/rust-lang/crates.io-index	4fee6c4efc90059e10f81e6d42c60a18f76588c3d74cb83a0b242a2b6c7504c1	ALL-LOCK-SUPERSET-NOT-COMPILED-SBOM	UNKNOWN	UNKNOWN					HTTP-429
tinytemplate	1.2.1	registry+https://github.com/rust-lang/crates.io-index	be4d6b5f19ff7664e8c98d03e2139cb510db9b0a60b55f8e8709b689d939b6bc	ALL-LOCK-SUPERSET-NOT-COMPILED-SBOM	UNKNOWN	UNKNOWN					HTTP-429
tinyvec	1.8.1	registry+https://github.com/rust-lang/crates.io-index	022db8904dfa342efe721985167e9fcd16c29b226db4397ed752a761cfce81e8	ALL-LOCK-SUPERSET-NOT-COMPILED-SBOM	GRANT-TEXT-OBSERVED	APPROVED-WITH-OBLIGATIONS	https://docs.rs/crate/tinyvec/1.8.1/source/LICENSE-APACHE.md#sha256=3ddf9be5c28fe27dad143a5dc76eea25222ad1dd68934a047064e56ed2fa40c5;https://docs.rs/crate/tinyvec/1.8.1/source/LICENSE-MIT.md#sha256=4736b5d379253afa45744afc79ddb475912b213e939bdf7cb97d9a8b6f700e5f;https://docs.rs/crate/tinyvec/1.8.1/source/LICENSE-ZLIB.md#sha256=682b4c81b85e83ce6cc6e1ace38fdd97aeb4de0e972bd2b44aa0916c54af8c96	Apache-2.0;MIT;Zlib	Zlib OR Apache-2.0 OR MIT	bbb02d74170639ee7dde55caf6a9e81ed15b12b5e718bd8633fa0a4315ffcc8c	NONE-RECORDED
tinyvec_macros	0.1.1	registry+https://github.com/rust-lang/crates.io-index	1f3ccbac311fea05f86f61904b462b55fb3df8837a366dfc601a0161d0532f20	ALL-LOCK-SUPERSET-NOT-COMPILED-SBOM	UNKNOWN	UNKNOWN					HTTP-429
toml	0.5.11	registry+https://github.com/rust-lang/crates.io-index	f4f7f0dd8d50a853a531c426359045b1998f04219d88799810762cd4ad314234	ALL-LOCK-SUPERSET-NOT-COMPILED-SBOM	UNKNOWN	UNKNOWN					HTTP-429
unicode-ident	1.0.14	registry+https://github.com/rust-lang/crates.io-index	adb9e6ca4f869e1180728b7950e35922a7fc6397f7b641499e8f3ef06e50dc83	ALL-LOCK-SUPERSET-NOT-COMPILED-SBOM	UNKNOWN	UNKNOWN					HTTP-429
unicode-segmentation	1.12.0	registry+https://github.com/rust-lang/crates.io-index	f6ccf251212114b54433ec949fd6a7841275f9ada20dddd2f29e9ceea4501493	ALL-LOCK-SUPERSET-NOT-COMPILED-SBOM	GRANT-TEXT-OBSERVED	APPROVED-WITH-OBLIGATIONS	https://docs.rs/crate/unicode-segmentation/1.12.0/source/COPYRIGHT#sha256=23860c2a7b5d96b21569afedf033469bab9fe14a1b24a35068b8641c578ce24d;https://docs.rs/crate/unicode-segmentation/1.12.0/source/LICENSE-APACHE#sha256=a60eea817514531668d7e00765731449fe14d059d3249e0bc93b36de45f759f2;https://docs.rs/crate/unicode-segmentation/1.12.0/source/LICENSE-MIT#sha256=7b63ecd5f1902af1b63729947373683c32745c16a10e8e6292e2e2dcd7e90ae0	Apache-2.0;MIT	MIT OR Apache-2.0	f90ff15241c4389b44983e0ddecf3588f6785086c670a568f8113025ac75c855	NONE-RECORDED
uuid	1.11.0	registry+https://github.com/rust-lang/crates.io-index	f8c5f0a0af699448548ad1a2fbf920fb4bee257eae39953ba95cb84891a0446a	ALL-LOCK-SUPERSET-NOT-COMPILED-SBOM	UNKNOWN	UNKNOWN					HTTP-429
version_check	0.9.5	registry+https://github.com/rust-lang/crates.io-index	0b928f33d975fc6ad9f86c8f283853ad26bdd5b10b7f1542aa2fa15e2289105a	ALL-LOCK-SUPERSET-NOT-COMPILED-SBOM	UNKNOWN	UNKNOWN					HTTP-429
vlq	0.5.1	registry+https://github.com/rust-lang/crates.io-index	65dd7eed29412da847b0f78bcec0ac98588165988a8cfe41d4ea1d429f8ccfff	ALL-LOCK-SUPERSET-NOT-COMPILED-SBOM	UNKNOWN	UNKNOWN					HTTP-429
wait-timeout	0.2.0	registry+https://github.com/rust-lang/crates.io-index	9f200f5b12eb75f8c1ed65abd4b2db8a6e1b138a20de009dacee265a2498f3f6	ALL-LOCK-SUPERSET-NOT-COMPILED-SBOM	UNKNOWN	UNKNOWN					HTTP-429
walkdir	2.5.0	registry+https://github.com/rust-lang/crates.io-index	29790946404f91d9c5d06f9874efddea1dc06c5efe94541a7d6863108e3a5e4b	ALL-LOCK-SUPERSET-NOT-COMPILED-SBOM	UNKNOWN	UNKNOWN					HTTP-429
wasi	0.11.0+wasi-snapshot-preview1	registry+https://github.com/rust-lang/crates.io-index	9c8d87e72b64a3b4db28d11ce29237c246188f4f51057d65a7eab63b7987e423	ALL-LOCK-SUPERSET-NOT-COMPILED-SBOM	UNKNOWN	UNKNOWN					HTTP-429
wasi	0.14.2+wasi-0.2.4	registry+https://github.com/rust-lang/crates.io-index	9683f9a5a998d873c0d21fcbe3c083009670149a8fab228644b8bd36b2c48cb3	ALL-LOCK-SUPERSET-NOT-COMPILED-SBOM	UNKNOWN	UNKNOWN					HTTP-429
wasm-bindgen	0.2.99	registry+https://github.com/rust-lang/crates.io-index	a474f6281d1d70c17ae7aa6a613c87fce69a127e2624002df63dcb39d6cf6396	ALL-LOCK-SUPERSET-NOT-COMPILED-SBOM	UNKNOWN	UNKNOWN					HTTP-429
wasm-bindgen-backend	0.2.99	registry+https://github.com/rust-lang/crates.io-index	5f89bb38646b4f81674e8f5c3fb81b562be1fd936d84320f3264486418519c79	ALL-LOCK-SUPERSET-NOT-COMPILED-SBOM	UNKNOWN	UNKNOWN					HTTP-429
wasm-bindgen-macro	0.2.99	registry+https://github.com/rust-lang/crates.io-index	2cc6181fd9a7492eef6fef1f33961e3695e4579b9872a6f7c83aee556666d4fe	ALL-LOCK-SUPERSET-NOT-COMPILED-SBOM	UNKNOWN	UNKNOWN					HTTP-429
wasm-bindgen-macro-support	0.2.99	registry+https://github.com/rust-lang/crates.io-index	30d7a95b763d3c45903ed6c81f156801839e5ee968bb07e534c44df0fcd330c2	ALL-LOCK-SUPERSET-NOT-COMPILED-SBOM	UNKNOWN	UNKNOWN					HTTP-429
wasm-bindgen-shared	0.2.99	registry+https://github.com/rust-lang/crates.io-index	943aab3fdaaa029a6e0271b35ea10b72b943135afe9bffca82384098ad0e06a6	ALL-LOCK-SUPERSET-NOT-COMPILED-SBOM	UNKNOWN	UNKNOWN					HTTP-429
web-sys	0.3.76	registry+https://github.com/rust-lang/crates.io-index	04dd7223427d52553d3702c004d3b2fe07c148165faa56313cb00211e31c12bc	ALL-LOCK-SUPERSET-NOT-COMPILED-SBOM	UNKNOWN	UNKNOWN	https://docs.rs/crate/web-sys/0.3.76/source/LICENSE-APACHE#sha256=NOT-READ:HTTP-429;https://docs.rs/crate/web-sys/0.3.76/source/LICENSE-MIT#sha256=NOT-READ:HTTP-429				HTTP-429
winapi	0.3.9	registry+https://github.com/rust-lang/crates.io-index	5c839a674fcd7a98952e593242ea400abe93992746761e38641405d28b00f419	ALL-LOCK-SUPERSET-NOT-COMPILED-SBOM	UNKNOWN	UNKNOWN					HTTP-429
winapi-i686-pc-windows-gnu	0.4.0	registry+https://github.com/rust-lang/crates.io-index	ac3b87c63620426dd9b991e5ce0329eff545bccbbb34f3be09ff6fb6ab51b7b6	ALL-LOCK-SUPERSET-NOT-COMPILED-SBOM	UNKNOWN	UNKNOWN					HTTP-429
winapi-util	0.1.9	registry+https://github.com/rust-lang/crates.io-index	cf221c93e13a30d793f7645a0e7762c55d169dbb0a49671918a2319d289b10bb	ALL-LOCK-SUPERSET-NOT-COMPILED-SBOM	UNKNOWN	UNKNOWN					HTTP-429
winapi-x86_64-pc-windows-gnu	0.4.0	registry+https://github.com/rust-lang/crates.io-index	712e227841d057c1ee1cd2fb22fa7e5a5461ae8e48fa2ca79ec42cfc1931183f	ALL-LOCK-SUPERSET-NOT-COMPILED-SBOM	UNKNOWN	UNKNOWN					HTTP-429
windows-core	0.52.0	registry+https://github.com/rust-lang/crates.io-index	33ab640c8d7e35bf8ba19b884ba838ceb4fba93a4e8c65a9059d08afcfc683d9	ALL-LOCK-SUPERSET-NOT-COMPILED-SBOM	UNKNOWN	UNKNOWN					HTTP-429
windows-sys	0.59.0	registry+https://github.com/rust-lang/crates.io-index	1e38bc4d79ed67fd075bcc251a1c39b32a1776bbe92e5bef1f0bf1f8c531853b	ALL-LOCK-SUPERSET-NOT-COMPILED-SBOM	UNKNOWN	UNKNOWN					HTTP-429
windows-targets	0.52.6	registry+https://github.com/rust-lang/crates.io-index	9b724f72796e036ab90c1021d4780d4d3d648aca59e491e6b98e725b84e99973	ALL-LOCK-SUPERSET-NOT-COMPILED-SBOM	UNKNOWN	UNKNOWN					HTTP-429
windows_aarch64_gnullvm	0.52.6	registry+https://github.com/rust-lang/crates.io-index	32a4622180e7a0ec044bb555404c800bc9fd9ec262ec147edd5989ccd0c02cd3	ALL-LOCK-SUPERSET-NOT-COMPILED-SBOM	UNKNOWN	UNKNOWN					HTTP-429
windows_aarch64_msvc	0.52.6	registry+https://github.com/rust-lang/crates.io-index	09ec2a7bb152e2252b53fa7803150007879548bc709c039df7627cabbd05d469	ALL-LOCK-SUPERSET-NOT-COMPILED-SBOM	UNKNOWN	UNKNOWN					HTTP-429
windows_i686_gnu	0.52.6	registry+https://github.com/rust-lang/crates.io-index	8e9b5ad5ab802e97eb8e295ac6720e509ee4c243f69d781394014ebfe8bbfa0b	ALL-LOCK-SUPERSET-NOT-COMPILED-SBOM	UNKNOWN	UNKNOWN					HTTP-429
windows_i686_gnullvm	0.52.6	registry+https://github.com/rust-lang/crates.io-index	0eee52d38c090b3caa76c563b86c3a4bd71ef1a819287c19d586d7334ae8ed66	ALL-LOCK-SUPERSET-NOT-COMPILED-SBOM	UNKNOWN	UNKNOWN					HTTP-429
windows_i686_msvc	0.52.6	registry+https://github.com/rust-lang/crates.io-index	240948bc05c5e7c6dabba28bf89d89ffce3e303022809e73deaefe4f6ec56c66	ALL-LOCK-SUPERSET-NOT-COMPILED-SBOM	UNKNOWN	UNKNOWN					HTTP-429
windows_x86_64_gnu	0.52.6	registry+https://github.com/rust-lang/crates.io-index	147a5c80aabfbf0c7d901cb5895d1de30ef2907eb21fbbab29ca94c5b08b1a78	ALL-LOCK-SUPERSET-NOT-COMPILED-SBOM	UNKNOWN	UNKNOWN					HTTP-429
windows_x86_64_gnullvm	0.52.6	registry+https://github.com/rust-lang/crates.io-index	24d5b23dc417412679681396f2b49f3de8c1473deb516bd34410872eff51ed0d	ALL-LOCK-SUPERSET-NOT-COMPILED-SBOM	UNKNOWN	UNKNOWN					HTTP-429
windows_x86_64_msvc	0.52.6	registry+https://github.com/rust-lang/crates.io-index	589f6da84c646204747d1270a2a5661ea66ed1cced2631d546fdfb155959f9ec	ALL-LOCK-SUPERSET-NOT-COMPILED-SBOM	UNKNOWN	UNKNOWN					HTTP-429
wit-bindgen-rt	0.39.0	registry+https://github.com/rust-lang/crates.io-index	6f42320e61fe2cfd34354ecb597f86f413484a798ba44a8ca1165c58d42da6c1	ALL-LOCK-SUPERSET-NOT-COMPILED-SBOM	UNKNOWN	UNKNOWN					HTTP-429
wyz	0.2.0	registry+https://github.com/rust-lang/crates.io-index	85e60b0d1b5f99db2556934e21937020776a5d31520bf169e851ac44e6420214	ALL-LOCK-SUPERSET-NOT-COMPILED-SBOM	UNKNOWN	UNKNOWN					HTTP-429
wyz	0.5.1	registry+https://github.com/rust-lang/crates.io-index	05f360fc0b24296329c78fda852a1e9ae82de9cf7b27dae4b7f62f118f77b9ed	ALL-LOCK-SUPERSET-NOT-COMPILED-SBOM	UNKNOWN	UNKNOWN					HTTP-429
yansi	1.0.1	registry+https://github.com/rust-lang/crates.io-index	cfe53a6657fd280eaa890a3bc59152892ffa3e30101319d168b781ed6529b049	ALL-LOCK-SUPERSET-NOT-COMPILED-SBOM	UNKNOWN	UNKNOWN					HTTP-429
zerocopy	0.8.26	registry+https://github.com/rust-lang/crates.io-index	1039dd0d3c310cf05de012d8a39ff557cb0d23087fd44cad61df08fc31907a2f	ALL-LOCK-SUPERSET-NOT-COMPILED-SBOM	UNKNOWN	UNKNOWN					HTTP-429
zerocopy-derive	0.8.26	registry+https://github.com/rust-lang/crates.io-index	9ecf5b4cc5364572d7f4c329661bcc82724222973f2cab6f050a4e5c22f75181	ALL-LOCK-SUPERSET-NOT-COMPILED-SBOM	UNKNOWN	UNKNOWN					HTTP-429
zmij	1.0.21	registry+https://github.com/rust-lang/crates.io-index	b8848ee67ecc8aedbaf3e4122217aff892639231befc6a1b58d29fff4c2cabaa	ALL-LOCK-SUPERSET-NOT-COMPILED-SBOM	UNKNOWN	UNKNOWN					HTTP-429
